time,device,runtime,engine,config,imt,mode,prompt_n,enc_backend,dec_backend,ttft_s,total_s,encode_ms,prefill_ms,prefill_tps,decode_tps,decode_n,peak_ram_mb,peak_soc_temp_c,threads,image,question,answer,answer_gt,accept_also,correct
2026-08-18 15:05:01,,,mac,q4,576,serial,607,metal,metal,2.0533161250059493,2.243134916003328,1114,929,653.0,57.98476582061622,12,,,6,up_1787045699.png,How much does the paneer tikka cost?,The Paneer Tikka costs 240.,240,rs 240|₹240,
2026-08-18 15:25:30,,,phone-gpu,q4_0,576,serial,574,adreno-ocl,adreno-ocl,12.777722750004614,13.953938082995592,7783,3117,184.1,11.770264612363148,15,797,98.9,6,up_1787046914.jpg,How many tablets are in the Vitamin D3 K2 bottle?,The Vitamin D3 K2 bottle contains 120 tablets.,120,120 tablets,
2026-08-18 15:34:34,,,phone-gpu,q4_0,576,serial,607,adreno-ocl,adreno-ocl,9.42383325000992,10.012644750007894,6813,2522,240.6,18.692382853987,12,826,76.8,6,up_1787047463.png,How much does the paneer tikka cost?,The paneer tikka costs 240.,240,rs 240|₹240,
2026-08-18 15:34:44,,,phone-gpu,q4_0,576,serial,574,adreno-ocl,adreno-ocl,7.441919959004736,8.219454000005499,3799,2419,237.3,17.866805517269544,15,826,71.5,6,up_1787047474.jpg,How many tablets are in the Vitamin D3 K2 bottle?,The Vitamin D3 K2 bottle contains 120 tablets.,120,120 tablets,
2026-08-18 15:34:53,,,phone-gpu,q4_0,576,serial,568,adreno-ocl,adreno-ocl,7.637379040999804,9.232365915988339,3818,2444,232.4,18.522479717884707,32,826,76.9,6,up_1787047484.jpg,What flavour is the creatine?,"The creatine in the picture is labeled as ""CREATINE"" and is in a white container. The specific flavor is not mentioned on the label.",watermelon,watermelon wave,
2026-08-18 15:35:51,,,phone-gpu,q4_0,256,serial,262,adreno-ocl,adreno-ocl,5.6155885830230545,6.274811667011818,4497,1037,252.6,19.719019145650744,14,825,66.1,6,up_1787047544.png,How much does the paneer tikka cost?,The paneer tikka costs 240 rupees.,240,rs 240|₹240,
2026-08-18 15:35:56,,,phone-gpu,q4_0,256,serial,268,adreno-ocl,adreno-ocl,4.027058208012022,4.721424874995137,1666,1088,246.3,20.045388486787942,15,825,67.2,6,up_1787047551.jpg,How many tablets are in the Vitamin D3 K2 bottle?,The Vitamin D3 K2 bottle contains 100 tablets.,120,120 tablets,
2026-08-18 15:36:01,,,phone-gpu,q4_0,256,serial,262,adreno-ocl,adreno-ocl,3.914291042019613,4.578407374996459,1676,1107,236.7,18.847709060963638,14,825,71.9,6,up_1787047556.jpg,What flavour is the creatine?,"The creatine in the picture is labeled as ""Blueberry.""",watermelon,watermelon wave,
2026-08-18 15:36:49,,,phone-gpu,lfm2-q4,0,serial,254,cpu (op gap),adreno-ocl,6.2773647909925785,6.4649704579787795,5767,431,589.2,55.453610534169506,12,469,63.8,6,up_1787047602.png,How much does the paneer tikka cost?,The paneer tikka costs $240.,240,rs 240|₹240,
2026-08-18 15:37:37,,,phone-gpu,lfm2-q4,0,serial,1801,cpu (op gap),adreno-ocl,45.00743520798278,45.76372154100682,40949,2771,649.9,47.511079319746926,37,589,74.4,6,up_1787047609.jpg,How many tablets are in the Vitamin D3 K2 bottle?,"The Vitamin D3 K2 bottle contains 120 tablets. This information is clearly visible on the label of the bottle, which states ""Vitamin D3 K2 120 tablets"".",120,120 tablets,
2026-08-18 15:38:24,,,phone-gpu,lfm2-q4,0,serial,1795,cpu (op gap),adreno-ocl,46.12271733299713,47.10721029099659,41890,2971,604.2,47.68722053513178,48,617,80.7,6,up_1787047657.jpg,What flavour is the creatine?,"The creatine powder shown is in a white container with a blue label. While I can't determine the specific flavor from the information provided, it's common for creatine supplements to be available in various flavors. The white container with a blue",watermelon,watermelon wave,
2026-08-18 15:40:17,,,phone-gpu,lfm2-q4,0,serial,254,cpu (op gap),adreno-ocl,6.362986916996306,6.5866582919843495,5877,434,585.8,47.5825882332585,12,466,64.3,6,up_1787047810.png,How much does the paneer tikka cost?,The paneer tikka costs $240.,240,rs 240|₹240,
2026-08-18 15:40:25,,,phone-gpu,lfm2-q4,0,serial,258,cpu (op gap),adreno-ocl,6.235351541021373,6.943429583014222,5680,462,558.8,49.55653976416751,36,483,69.0,6,up_1787047817.jpg,How many tablets are in the Vitamin D3 K2 bottle?,"The Vitamin D3 K2 bottle contains 60 tablets. This information is clearly visible on the label of the bottle, which states ""Vitamin D3 K2 60"".",120,120 tablets,
2026-08-18 15:40:33,,,phone-gpu,lfm2-q4,0,serial,252,cpu (op gap),adreno-ocl,6.544791542022722,7.387059375003446,5896,557,452.2,54.65319639800551,48,486,87.6,6,up_1787047825.jpg,What flavour is the creatine?,"The creatine shown in the image is in a white container with a blue label. While I can't see the specific flavor name, creatine supplements are typically available in various flavors. The white container with a blue label is likely one of",watermelon,watermelon wave,
2026-08-18 15:57:41,,llama.cpp,phone-gpu,qwen3-2b-q4,576,serial,475,adreno-ocl,adreno-ocl,6.077011499990476,6.201565208000829,3976,2020,235.1,24.560369387955596,4,826,97.7,6,up_1787048854.png,How much does the paneer tikka cost? Answer briefly with just the fact.,240,240,rs 240|₹240,
2026-08-18 15:57:47,,llama.cpp,phone-gpu,qwen3-2b-q4,576,serial,570,adreno-ocl,adreno-ocl,5.3284584999782965,5.448314416978974,2655,1619,352.1,26.548202686678117,4,826,89.2,6,up_1787048861.jpg,How many tablets are in the Vitamin D3 K2 bottle? Answer briefly with just the fact.,120,120,120 tablets,
2026-08-18 15:57:54,,llama.cpp,phone-gpu,qwen3-2b-q4,576,serial,564,adreno-ocl,adreno-ocl,5.24514829198597,5.310528667003382,2598,1441,391.3,20.833333333333332,3,826,90.3,6,up_1787048867.jpg,What flavour is the creatine? Answer briefly with just the fact.,7,watermelon,watermelon wave,
2026-08-18 16:03:21,,llama.cpp,phone-gpu,qwen3-2b-q4,576,serial,475,adreno-ocl,adreno-ocl,5.544431500000002,5.593834125000001,4315,1070,443.8,28.557014078607942,4,824,59.7,6,up_1787049193.png,How much does the paneer tikka cost? Answer briefly with just the fact.,240,240,rs 240|₹240,
2026-08-18 16:03:27,,llama.cpp,phone-gpu,qwen3-2b-q4,576,serial,570,adreno-ocl,adreno-ocl,5.215095165999998,5.215625582999991,2561,1378,413.7,25.221953188054883,4,824,69.4,6,up_1787049201.jpg,How many tablets are in the Vitamin D3 K2 bottle? Answer briefly with just the fact.,120,120,120 tablets,
2026-08-18 16:03:32,,llama.cpp,phone-gpu,qwen3-2b-q4,576,serial,564,adreno-ocl,adreno-ocl,4.992889082999994,5.066815625000004,2534,1379,409.1,23.087756562694803,3,824,69.0,6,up_1787049207.jpg,What flavour is the creatine? Answer briefly with just the fact.,7,watermelon,watermelon wave,
2026-08-18 16:04:25,,llama.cpp,phone-gpu,qwen3-2b-q4,0,serial,475,adreno-ocl,adreno-ocl,5.57356704099999,5.632422957999978,4341,1082,439.0,27.845070030351128,4,825,55.7,6,up_1787049259.png,How much does the paneer tikka cost? Answer briefly with just the fact.,240,240,rs 240|₹240,
2026-08-18 16:06:44,,llama.cpp,phone-gpu,qwen3-2b-q4,0,serial,4045,adreno-ocl,adreno-ocl,138.68238762500002,138.94528825,122965,14456,279.8,10.377821902739054,4,825,79.5,6,up_1787049265.jpg,How many tablets are in the Vitamin D3 K2 bottle? Answer briefly with just the fact.,120,120,120 tablets,
2026-08-18 16:51:23,,llama.cpp,mac,qwen3-2b-q4,576,cached,25,metal,metal,0.21868850000009843,0.24999724999997852,,36.133,691.8883015525972,95.48666369597046,4,,,6,up_1787052082.jpg,How many tablets are in the Vitamin D3 K2 bottle? Answer briefly with just the fact.,120,120,120 tablets,
2026-08-18 16:51:23,,llama.cpp,mac,qwen3-2b-q4,576,cached,19,metal,metal,0.22762133400010498,0.2488407499999994,,36.644,518.5023469053597,94.9667616334283,3,,,6,up_1787052083.jpg,What flavour is the creatine? Answer briefly with just the fact.,7,watermelon,watermelon wave,
2026-08-18 16:51:41,,llama.cpp,mac,qwen3-2b-q4,576,cached,25,metal,metal,0.2323756669998147,0.2633992500000204,,44.711,559.1465187537742,97.11252104104622,4,,,6,up_1787052101.jpg,How many tablets are in the Vitamin D3 K2 bottle? Answer briefly with just the fact.,120,120,120 tablets,
2026-08-18 16:51:42,,llama.cpp,mac,qwen3-2b-q4,576,serial,570,metal,metal,1.2474448339999071,1.278768417000265,623,442,1288.9,96.49094593290661,4,,,6,up_1787052101.jpg,How many tablets are in the Vitamin D3 K2 bottle? Answer briefly with just the fact.,120,120,120 tablets,
2026-08-18 17:03:59,,llama.cpp,phone-gpu,qwen3-2b-q4,576,serial,566,adreno-ocl,adreno-ocl,6.41358183400007,6.598178541999914,4967,1330,425.5,26.986328725867477,6,823,63.2,6,up_1787052831.jpg,How much does the Mango Lassi cost? Answer briefly with just the fact.,Rs 170,170,rs 170|₹170,True
2026-08-18 17:04:03,,llama.cpp,phone-gpu,qwen3-2b-q4,576,serial,567,adreno-ocl,adreno-ocl,4.056847834000109,4.273672959000123,2574,1312,432.3,27.30181611680809,6,823,68.0,6,up_1787052839.jpg,How much does the Paneer Tikka cost? Answer briefly with just the fact.,Rs 110,110,rs 110|₹110,True
2026-08-18 17:04:08,,llama.cpp,phone-gpu,qwen3-2b-q4,576,serial,577,adreno-ocl,adreno-ocl,4.262377291000121,4.422031000000061,2635,1369,421.5,26.824897797139393,6,823,70.2,6,up_1787052844.jpg,How much does the Idli Sambar cost? Answer briefly with just the fact.,Rs 390,390,rs 390|₹390,True
2026-08-18 17:04:13,,llama.cpp,phone-gpu,qwen3-2b-q4,576,serial,569,adreno-ocl,adreno-ocl,4.074560249999649,4.26118437499963,2551,1358,418.9,26.228132294699293,5,823,72.1,6,up_1787052848.jpg,How much does the Gobi Manchurian cost? Answer briefly with just the fact.,Rs 90,90,rs 90|₹90,True
2026-08-18 17:04:52,,llama.cpp,phone-gpu,qwen3-2b-q4,576,serial,565,adreno-ocl,adreno-ocl,3.94843016599998,4.165554707999945,2543,1257,449.3,26.092174956730478,7,823,65.3,6,up_1787052887.jpg,What is the total on the receipt? Answer briefly with just the fact.,630.00,630,630.00|rs 630,True
2026-08-18 17:04:56,,llama.cpp,phone-gpu,qwen3-2b-q4,576,serial,565,adreno-ocl,adreno-ocl,4.0234718750002685,4.267018625000219,2550,1356,416.8,23.07088915206792,7,823,71.3,6,up_1787052892.jpg,What is the total on the receipt? Answer briefly with just the fact.,781.00,630,630.00|rs 630,True
2026-08-18 17:05:01,,llama.cpp,phone-gpu,qwen3-2b-q4,576,serial,577,adreno-ocl,adreno-ocl,4.266040583999711,4.458198874999653,2635,1392,414.4,25.445616356442194,7,823,72.9,6,up_1787052896.jpg,What is the total on the receipt? Answer briefly with just the fact.,808.00,630,630.00|rs 630,True
2026-08-18 17:05:07,,llama.cpp,phone-gpu,qwen3-2b-q4,576,serial,565,adreno-ocl,adreno-ocl,4.133568374999868,4.342440083999918,2584,1370,412.5,26.492405510420348,7,823,77.2,6,up_1787052901.jpg,What is the total on the receipt? Answer briefly with just the fact.,530.00,630,630.00|rs 630,True
2026-08-18 17:05:45,,llama.cpp,phone-gpu,qwen3-2b-q4,576,serial,572,adreno-ocl,adreno-ocl,3.933723916999952,4.155591125000228,2545,1243,460.0,25.40693439929538,7,834,59.9,6,up_1787052941.jpg,What is the expiry date on the Cetrizine 10? Answer briefly with just the fact.,JAN 2028,JAN 2028,JAN 202028,True
2026-08-18 17:05:50,,llama.cpp,phone-gpu,qwen3-2b-q4,576,serial,578,adreno-ocl,adreno-ocl,4.109631332999925,4.3205419169999,2627,1346,429.3,27.654994722505176,7,897,68.8,6,up_1787052946.jpg,What is the expiry date on the Cetrizine 10? Answer briefly with just the fact.,JAN 2028,JAN 2028,JAN 202028,True
2026-08-18 17:05:54,,llama.cpp,phone-gpu,qwen3-2b-q4,576,serial,572,adreno-ocl,adreno-ocl,4.040703791999931,4.281677500000114,2557,1367,418.4,26.09523892365838,7,922,71.3,6,up_1787052950.jpg,What is the expiry date on the Cetrizine 10? Answer briefly with just the fact.,JAN 2028,JAN 2028,JAN 202028,True
2026-08-18 17:05:59,,llama.cpp,phone-gpu,qwen3-2b-q4,576,serial,564,adreno-ocl,adreno-ocl,4.108354583000164,4.1952278750000005,2571,1378,409.3,22.404445041896313,3,922,74.8,6,up_1787052954.jpg,How far is Residency Road? Answer briefly with just the fact.,3 km,3 km,3km|3 kilometers,True
2026-08-18 17:06:38,,llama.cpp,phone-gpu,qwen3-2b-q4,576,serial,564,adreno-ocl,adreno-ocl,3.971905500000048,4.034415041000102,2540,1257,448.7,25.75991756826378,3,922,62.6,6,up_1787052993.jpg,How far is Residency Road? Answer briefly with just the fact.,3 km,3 km,3km|3 kilometers,True
2026-08-18 17:06:42,,llama.cpp,phone-gpu,qwen3-2b-q4,576,serial,563,adreno-ocl,adreno-ocl,4.025089375000334,4.084192625000014,2551,1340,420.0,27.07678977580418,3,922,73.0,6,up_1787052998.jpg,How far is Brigade Road? Answer briefly with just the fact.,2 km,2 km,2km|2 kilometers,True
2026-08-18 17:06:47,,llama.cpp,phone-gpu,qwen3-2b-q4,576,serial,566,adreno-ocl,adreno-ocl,4.143627667000146,4.355177375000039,2634,1408,402.1,26.764087946792994,7,922,81.1,6,up_1787053002.jpg,What does the note remind me to do? Answer briefly with just the fact.,call plumber at 4pm,call plumber,4pm,True
2026-08-18 17:06:52,,llama.cpp,phone-gpu,qwen3-2b-q4,576,serial,572,adreno-ocl,adreno-ocl,4.234077750000324,4.385609917000238,2693,1409,405.9,24.722031656561533,5,922,79.6,6,up_1787053007.jpg,What does the note remind me to do? Answer briefly with just the fact.,buy milk and eggs,call plumber,4pm,True
2026-08-18 17:07:29,,llama.cpp,phone-gpu,qwen3-2b-q4,576,serial,566,adreno-ocl,adreno-ocl,3.967158124999969,4.080454708000161,2521,1278,442.8,24.87706583300855,4,922,60.3,6,up_1787053045.jpg,What does the note remind me to do? Answer briefly with just the fact.,go to gym,call plumber,4pm,True
2026-08-18 17:07:34,,llama.cpp,phone-gpu,qwen3-2b-q4,576,serial,573,adreno-ocl,adreno-ocl,4.210183083999709,4.305518333999771,2630,1381,414.9,25.652646070442163,4,922,71.7,6,up_1787053049.jpg,What is the first item on the whiteboard? Answer briefly with just the fact.,fix login bug,fix login bug,bug,True
2026-08-18 17:07:38,,llama.cpp,phone-gpu,qwen3-2b-q4,576,serial,577,adreno-ocl,adreno-ocl,4.218678250000266,4.389771125000152,2669,1378,418.8,25.62565025087512,6,922,74.6,6,up_1787053054.jpg,What is the first item on the whiteboard? Answer briefly with just the fact.,review PR 42,fix login bug,bug,True
2026-08-18 17:07:43,,llama.cpp,phone-gpu,qwen3-2b-q4,576,serial,567,adreno-ocl,adreno-ocl,4.201362582999991,4.295796999999766,2627,1396,406.2,26.547497898323083,4,922,76.4,6,up_1787053059.jpg,What is the title of the leftmost book? Answer briefly with just the fact.,Atomic Habits,Atomic Habits,Atomic,True
2026-08-18 17:08:53,,llama.cpp,phone-gpu,qwen3-2b-q4,576,serial,567,adreno-ocl,adreno-ocl,4.050234124999406,4.206105082999784,2543,1353,419.0,22.951177108495955,5,922,67.4,6,up_1787053128.jpg,What is the title of the leftmost book? Answer briefly with just the fact.,Thinking Fast and Slow,Atomic Habits,Atomic,True
2026-08-18 17:08:57,,llama.cpp,phone-gpu,qwen3-2b-q4,576,serial,565,adreno-ocl,adreno-ocl,4.274469999999383,4.375290124999992,2580,1550,364.6,25.59006423106122,4,922,94.6,6,up_1787053133.jpg,What temperature is the AC set to? Answer briefly with just the fact.,26°C,26,26 c|26°c|26 degrees,True
2026-08-18 17:09:02,,llama.cpp,phone-gpu,qwen3-2b-q4,576,serial,565,adreno-ocl,adreno-ocl,5.110977374999493,5.257785833999151,2779,2141,263.9,17.21002541347086,4,922,93.4,6,up_1787053137.jpg,What temperature is the AC set to? Answer briefly with just the fact.,21°C,26,26 c|26°c|26 degrees,True
2026-08-18 17:09:09,,llama.cpp,phone-gpu,qwen3-2b-q4,576,serial,571,adreno-ocl,adreno-ocl,5.456112040999869,5.566231708000487,3380,1816,314.4,26.696804392514217,4,922,98.5,6,up_1787053143.jpg,What temperature is the AC set to? Answer briefly with just the fact.,23°C,26,26 c|26°c|26 degrees,True
2026-08-18 17:09:48,,llama.cpp,phone-gpu,qwen3-2b-q4,576,serial,564,adreno-ocl,adreno-ocl,4.840983166999649,4.917157041999417,2537,1287,438.3,28.256569652444192,3,922,65.7,6,up_1787053183.jpg,What flavour is the creatine? Answer briefly with just the fact.,7,watermelon,watermelon wave,False
2026-08-18 17:09:54,,llama.cpp,phone-gpu,qwen3-2b-q4,576,serial,570,adreno-ocl,adreno-ocl,5.0294128329996965,5.145284750000428,2518,1410,404.1,24.534659295364587,4,922,78.4,6,up_1787053188.jpg,How many tablets are in the Vitamin D3 K2 bottle? Answer briefly with just the fact.,120,120,120 tablets,True
2026-08-18 17:10:43,,llama.cpp,phone-gpu,q4_0,576,serial,577,adreno-ocl,adreno-ocl,10.178906000000097,10.451496167000187,7501,2595,222.3,18.12349348460409,6,825,86.1,6,up_1787053232.jpg,How much does the Mango Lassi cost? Answer briefly with just the fact.,Rs 170,170,rs 170|₹170,True
2026-08-18 17:10:50,,llama.cpp,phone-gpu,q4_0,576,serial,578,adreno-ocl,adreno-ocl,6.965169042000525,7.225922999999966,4189,2663,217.0,18.174812617681912,6,825,79.6,6,up_1787053243.jpg,How much does the Paneer Tikka cost? Answer briefly with just the fact.,Rs 110,110,rs 110|₹110,True
2026-08-18 17:10:59,,llama.cpp,phone-gpu,q4_0,576,serial,588,adreno-ocl,adreno-ocl,7.534428832999765,7.804574582999521,4537,2861,205.5,18.75018750187502,6,825,89.2,6,up_1787053250.jpg,How much does the Idli Sambar cost? Answer briefly with just the fact.,Rs 390,390,rs 390|₹390,True
2026-08-18 17:11:08,,llama.cpp,phone-gpu,q4_0,576,serial,580,adreno-ocl,adreno-ocl,7.854111291000663,8.14331758300068,4404,3333,174.0,13.856316921680632,5,825,92.2,6,up_1787053259.jpg,How much does the Gobi Manchurian cost? Answer briefly with just the fact.,Rs 90,90,rs 90|₹90,True
2026-08-18 17:11:52,,llama.cpp,phone-gpu,q4_0,576,serial,576,adreno-ocl,adreno-ocl,9.364634791000753,9.98566954099988,5809,3428,168.0,9.82823520932503,7,825,60.1,6,up_1787053301.jpg,What is the total on the receipt? Answer briefly with just the fact.,630.00,630,630.00|rs 630,True
2026-08-18 17:11:59,,llama.cpp,phone-gpu,q4_0,576,serial,576,adreno-ocl,adreno-ocl,6.461068458000227,6.779512749999412,3872,2472,233.0,18.99443463065322,7,825,76.5,6,up_1787053313.jpg,What is the total on the receipt? Answer briefly with just the fact.,781.00,630,630.00|rs 630,True
2026-08-18 17:12:07,,llama.cpp,phone-gpu,q4_0,576,serial,588,adreno-ocl,adreno-ocl,7.116527166000196,7.435326750000058,4321,2673,219.9,18.887822076716034,7,825,78.7,6,up_1787053319.jpg,What is the total on the receipt? Answer briefly with just the fact.,808.00,630,630.00|rs 630,True
2026-08-18 17:12:15,,llama.cpp,phone-gpu,q4_0,576,serial,576,adreno-ocl,adreno-ocl,7.090786833000493,7.420279541999662,4268,2698,213.5,18.25033991258087,7,825,79.1,6,up_1787053327.jpg,What is the total on the receipt? Answer briefly with just the fact.,530.00,630,630.00|rs 630,True
2026-08-18 17:13:00,,llama.cpp,phone-gpu,q4_0,576,serial,583,adreno-ocl,adreno-ocl,9.404453041999659,10.108575209000264,5800,3482,167.4,9.904800715409607,8,825,60.5,6,up_1787053369.jpg,What is the expiry date on the Cetrizine 10? Answer briefly with just the fact.,JAN 2028,JAN 2028,JAN 202028,True
2026-08-18 17:13:10,,llama.cpp,phone-gpu,q4_0,576,serial,589,adreno-ocl,adreno-ocl,8.647245084000133,9.017286708999563,5901,2589,227.5,18.935705165660366,8,825,71.7,6,up_1787053380.jpg,What is the expiry date on the Cetrizine 10? Answer briefly with just the fact.,JAN 2028,JAN 2028,JAN 202028,True
2026-08-18 17:13:17,,llama.cpp,phone-gpu,q4_0,576,serial,583,adreno-ocl,adreno-ocl,6.670529209000051,7.029617874999531,3966,2599,224.3,18.68295820622249,8,825,77.9,6,up_1787053390.jpg,What is the expiry date on the Cetrizine 10? Answer briefly with just the fact.,JAN 2028,JAN 2028,JAN 202028,True
2026-08-18 17:13:25,,llama.cpp,phone-gpu,q4_0,576,serial,575,adreno-ocl,adreno-ocl,7.018737125000371,7.128516249999848,4191,2692,213.6,17.841054049473243,3,825,79.5,6,up_1787053397.jpg,How far is Residency Road? Answer briefly with just the fact.,3 km,3 km,3km|3 kilometers,True
2026-08-18 17:14:10,,llama.cpp,phone-gpu,q4_0,576,serial,575,adreno-ocl,adreno-ocl,9.442808124999829,9.645237000000634,5909,3408,168.7,9.894328570863182,3,825,60.7,6,up_1787053439.jpg,How far is Residency Road? Answer briefly with just the fact.,3 km,3 km,3km|3 kilometers,True
2026-08-18 17:14:20,,llama.cpp,phone-gpu,q4_0,576,serial,574,adreno-ocl,adreno-ocl,9.438790374999371,9.64182966699991,5916,3417,168.0,9.596376408268238,3,825,63.2,6,up_1787053450.jpg,How far is Brigade Road? Answer briefly with just the fact.,2 km,2 km,2km|2 kilometers,True
2026-08-18 17:14:31,,llama.cpp,phone-gpu,q4_0,576,serial,577,adreno-ocl,adreno-ocl,9.430252749999454,10.04419204199985,5848,3437,167.9,9.722613827501384,7,825,67.8,6,up_1787053460.jpg,What does the note remind me to do? Answer briefly with just the fact.,Call plumber at 4pm,call plumber,4pm,True
2026-08-18 17:14:42,,llama.cpp,phone-gpu,q4_0,576,serial,583,adreno-ocl,adreno-ocl,9.56735958399986,9.977787542000442,5943,3475,167.8,9.800318510351588,5,825,64.3,6,up_1787053471.jpg,What does the note remind me to do? Answer briefly with just the fact.,Buy milk and eggs,call plumber,4pm,True
2026-08-18 17:30:44,,llama.cpp,phone-gpu,lfm2-q4,0,serial,1805,cpu (op gap),adreno-ocl,44.27206233400011,44.33745325000018,41352,2728,661.6,47.97006667839268,4,498,73.3,6,up_1787054399.jpg,How much does the Mango Lassi cost? Answer briefly with just the fact.,Rs 170,170,rs 170|₹170,True
2026-08-18 17:31:29,,llama.cpp,phone-gpu,lfm2-q4,0,serial,1807,cpu (op gap),adreno-ocl,44.43538999999964,44.49213695799972,41359,2890,625.3,44.95324862143371,4,564,76.4,6,up_1787054444.jpg,How much does the Paneer Tikka cost? Answer briefly with just the fact.,Rs 110,110,rs 110|₹110,True
2026-08-18 17:32:54,,llama.cpp,phone-gpu,lfm2-q4,0,serial,2583,cpu (op gap),adreno-ocl,85.01421658400068,85.1390085840003,79273,5535,466.7,23.69986491077001,4,606,76.8,6,up_1787054489.jpg,How much does the Idli Sambar cost? Answer briefly with just the fact.,Rs 390,390,rs 390|₹390,True
2026-08-18 17:34:04,,llama.cpp,phone-gpu,lfm2-q4,0,serial,1807,cpu (op gap),adreno-ocl,67.7942584579996,67.91553866699996,63605,3957,456.7,25.751736096208486,4,637,82.6,6,up_1787054574.jpg,How much does the Gobi Manchurian cost? Answer briefly with just the fact.,Rs 90,90,rs 90|₹90,True
2026-08-18 17:35:20,,llama.cpp,phone-gpu,qwen3-2b-q4,576,serial,570,adreno-ocl,adreno-ocl,7.368878083000709,7.502398458000243,4938,1370,415.9,21.98381990854731,4,824,69.8,6,up_1787054712.jpg,How many tablets are in the Vitamin D3 K2 bottle? Answer briefly with just the fact.,120,120,120 tablets,True
2026-08-18 17:35:27,,llama.cpp,phone-gpu,qwen3-2b-q4,576,serial,570,adreno-ocl,adreno-ocl,4.8618047499994645,4.988006249999671,2531,1349,422.4,25.677676683813647,4,824,69.2,6,up_1787054722.jpg,How many tablets are in the Vitamin D3 K2 bottle? Answer briefly with just the fact.,120,120,120 tablets,True
2026-08-18 17:35:34,,llama.cpp,phone-gpu,qwen3-2b-q4,576,serial,570,adreno-ocl,adreno-ocl,4.991329458000109,5.117142375000185,2542,1377,414.0,24.8457493063895,4,824,69.8,6,up_1787054729.jpg,How many tablets are in the Vitamin D3 K2 bottle? Answer briefly with just the fact.,120,120,120 tablets,True
2026-08-18 17:35:41,,llama.cpp,phone-gpu,qwen3-2b-q4,576,serial,570,adreno-ocl,adreno-ocl,5.138459666999552,5.1389303750002,2532,1378,413.6,26.098303610265333,4,824,68.6,6,up_1787054736.jpg,How many tablets are in the Vitamin D3 K2 bottle? Answer briefly with just the fact.,120,120,120 tablets,True
2026-08-18 17:35:49,,llama.cpp,phone-gpu,qwen3-2b-q4,576,serial,570,adreno-ocl,adreno-ocl,4.963522916999864,5.08375016699938,2509,1405,405.7,23.184463318314954,4,824,71.7,6,up_1787054744.jpg,How many tablets are in the Vitamin D3 K2 bottle? Answer briefly with just the fact.,120,120,120 tablets,True
2026-08-18 17:35:56,,llama.cpp,phone-gpu,qwen3-2b-q4,576,serial,570,adreno-ocl,adreno-ocl,4.976031541000339,5.09452654100005,2520,1400,407.1,25.619785306199137,4,824,69.8,6,up_1787054751.jpg,How many tablets are in the Vitamin D3 K2 bottle? Answer briefly with just the fact.,120,120,120 tablets,True
2026-08-18 17:36:04,,llama.cpp,phone-gpu,qwen3-2b-q4,576,serial,570,adreno-ocl,adreno-ocl,5.103952999999819,5.1989796669995485,2565,1399,407.4,25.621973404391607,4,824,70.5,6,up_1787054758.jpg,How many tablets are in the Vitamin D3 K2 bottle? Answer briefly with just the fact.,120,120,120 tablets,True
2026-08-18 17:36:14,,llama.cpp,phone-gpu,qwen3-2b-q4,576,serial,570,adreno-ocl,adreno-ocl,6.4115474589998485,6.60892800000056,3477,1980,287.8,14.222660490871423,4,824,67.1,6,up_1787054766.jpg,How many tablets are in the Vitamin D3 K2 bottle? Answer briefly with just the fact.,120,120,120 tablets,True
2026-08-18 17:36:25,,llama.cpp,phone-gpu,qwen3-2b-q4,576,serial,570,adreno-ocl,adreno-ocl,6.775787124999624,6.977049125000121,3790,1956,291.4,15.19803033526855,4,824,61.6,6,up_1787054777.jpg,How many tablets are in the Vitamin D3 K2 bottle? Answer briefly with just the fact.,120,120,120 tablets,True
2026-08-18 17:36:36,,llama.cpp,phone-gpu,qwen3-2b-q4,576,serial,570,adreno-ocl,adreno-ocl,6.968536166999911,7.188817249999374,3751,2003,284.6,14.271850202660273,4,824,60.8,6,up_1787054788.jpg,How many tablets are in the Vitamin D3 K2 bottle? Answer briefly with just the fact.,120,120,120 tablets,True
2026-08-18 17:36:46,,llama.cpp,phone-gpu,qwen3-2b-q4,576,serial,570,adreno-ocl,adreno-ocl,6.792123707999963,6.994439292000607,3789,1978,288.2,14.698461071125854,4,824,60.5,6,up_1787054798.jpg,How many tablets are in the Vitamin D3 K2 bottle? Answer briefly with just the fact.,120,120,120 tablets,True
2026-08-18 17:36:57,,llama.cpp,phone-gpu,qwen3-2b-q4,576,serial,570,adreno-ocl,adreno-ocl,6.669966041000407,6.8865841659999205,3749,1959,291.0,14.245420097438675,4,824,60.5,6,up_1787054809.jpg,How many tablets are in the Vitamin D3 K2 bottle? Answer briefly with just the fact.,120,120,120 tablets,True
2026-08-18 17:37:07,,llama.cpp,phone-gpu,qwen3-2b-q4,576,serial,570,adreno-ocl,adreno-ocl,6.799133833000269,7.003901457999746,3859,1943,293.3,14.55597013114929,4,824,61.1,6,up_1787054819.jpg,How many tablets are in the Vitamin D3 K2 bottle? Answer briefly with just the fact.,120,120,120 tablets,True
2026-08-18 17:37:19,,llama.cpp,phone-gpu,qwen3-2b-q4,576,serial,570,adreno-ocl,adreno-ocl,6.762954167000316,6.936541834000309,3782,1949,292.5,17.404319752162486,4,824,60.8,6,up_1787054830.jpg,How many tablets are in the Vitamin D3 K2 bottle? Answer briefly with just the fact.,120,120,120 tablets,True
2026-08-18 17:37:29,,llama.cpp,phone-gpu,qwen3-2b-q4,576,serial,570,adreno-ocl,adreno-ocl,6.892385500000273,7.122184666999601,3778,1946,292.9,14.035678695243309,4,824,60.5,6,up_1787054841.jpg,How many tablets are in the Vitamin D3 K2 bottle? Answer briefly with just the fact.,120,120,120 tablets,True
2026-08-18 17:37:40,,llama.cpp,phone-gpu,qwen3-2b-q4,576,serial,570,adreno-ocl,adreno-ocl,6.9232308330001615,7.109283290999883,3887,1969,289.6,16.295314553888606,4,824,60.1,6,up_1787054851.jpg,How many tablets are in the Vitamin D3 K2 bottle? Answer briefly with just the fact.,120,120,120 tablets,True
2026-08-18 17:37:51,,llama.cpp,phone-gpu,qwen3-2b-q4,576,serial,570,adreno-ocl,adreno-ocl,6.805795582999963,7.035313499999575,3775,1950,292.4,13.608960139355752,4,824,60.5,6,up_1787054863.jpg,How many tablets are in the Vitamin D3 K2 bottle? Answer briefly with just the fact.,120,120,120 tablets,True
2026-08-18 17:38:01,,llama.cpp,phone-gpu,qwen3-2b-q4,576,serial,570,adreno-ocl,adreno-ocl,6.889781750000111,7.0795107919993825,3773,1964,290.2,16.393084304168216,4,824,60.5,6,up_1787054873.jpg,How many tablets are in the Vitamin D3 K2 bottle? Answer briefly with just the fact.,120,120,120 tablets,True
2026-08-18 17:38:11,,llama.cpp,phone-gpu,qwen3-2b-q4,576,serial,570,adreno-ocl,adreno-ocl,6.675776541999767,6.8686358749992,3733,1957,291.3,15.653616768154281,4,824,60.5,6,up_1787054883.jpg,How many tablets are in the Vitamin D3 K2 bottle? Answer briefly with just the fact.,120,120,120 tablets,True
2026-08-18 17:38:22,,llama.cpp,phone-gpu,qwen3-2b-q4,576,serial,570,adreno-ocl,adreno-ocl,6.6742454590003035,6.890672042000006,3759,1957,291.3,14.200444000549084,4,824,60.8,6,up_1787054893.jpg,How many tablets are in the Vitamin D3 K2 bottle? Answer briefly with just the fact.,120,120,120 tablets,True
2026-08-18 17:38:32,,llama.cpp,phone-gpu,qwen3-2b-q4,576,serial,570,adreno-ocl,adreno-ocl,6.758531249999578,6.966379667000183,3743,1979,288.0,15.035785168701508,4,824,60.1,6,up_1787054904.jpg,How many tablets are in the Vitamin D3 K2 bottle? Answer briefly with just the fact.,120,120,120 tablets,True
2026-08-18 17:38:43,,llama.cpp,phone-gpu,qwen3-2b-q4,576,serial,570,adreno-ocl,adreno-ocl,6.727551957999822,6.952773166000043,3726,1989,286.6,14.427863089197858,4,824,61.9,6,up_1787054914.jpg,How many tablets are in the Vitamin D3 K2 bottle? Answer briefly with just the fact.,120,120,120 tablets,True
2026-08-18 17:38:54,,llama.cpp,phone-gpu,qwen3-2b-q4,576,serial,570,adreno-ocl,adreno-ocl,6.670984624999619,6.848331125000186,3792,1830,311.4,17.061255594670065,4,824,69.0,6,up_1787054926.jpg,How many tablets are in the Vitamin D3 K2 bottle? Answer briefly with just the fact.,120,120,120 tablets,True
2026-08-18 17:39:04,,llama.cpp,phone-gpu,qwen3-2b-q4,576,serial,570,adreno-ocl,adreno-ocl,6.8611391659997025,7.066006332999677,3796,1997,285.4,15.05653729755231,4,824,61.1,6,up_1787054936.jpg,How many tablets are in the Vitamin D3 K2 bottle? Answer briefly with just the fact.,120,120,120 tablets,True
2026-08-18 17:39:15,,llama.cpp,phone-gpu,qwen3-2b-q4,576,serial,570,adreno-ocl,adreno-ocl,6.678493249999519,6.8876106660000005,3761,1949,292.4,14.455323413769175,4,824,61.2,6,up_1787054947.jpg,How many tablets are in the Vitamin D3 K2 bottle? Answer briefly with just the fact.,120,120,120 tablets,True
2026-08-18 17:39:25,,llama.cpp,phone-gpu,qwen3-2b-q4,576,serial,570,adreno-ocl,adreno-ocl,6.673257624999678,6.868672583999796,3745,1971,289.1,15.610527739907795,4,824,60.1,6,up_1787054957.jpg,How many tablets are in the Vitamin D3 K2 bottle? Answer briefly with just the fact.,120,120,120 tablets,True
2026-08-18 17:39:36,,llama.cpp,phone-gpu,qwen3-2b-q4,576,serial,570,adreno-ocl,adreno-ocl,6.734038374999727,7.0671000000002095,3758,1999,285.1,16.04844490568864,4,824,61.9,6,up_1787054968.jpg,How many tablets are in the Vitamin D3 K2 bottle? Answer briefly with just the fact.,120,120,120 tablets,True
2026-08-18 17:39:47,,llama.cpp,phone-gpu,qwen3-2b-q4,576,serial,570,adreno-ocl,adreno-ocl,6.797097040999688,6.962627500000053,3741,1969,289.4,14.37359857413902,4,824,60.5,6,up_1787054979.jpg,How many tablets are in the Vitamin D3 K2 bottle? Answer briefly with just the fact.,120,120,120 tablets,True
2026-08-18 17:39:58,,llama.cpp,phone-gpu,qwen3-2b-q4,576,serial,570,adreno-ocl,adreno-ocl,6.961759042000267,7.137339916999736,3758,1963,290.3,16.618104871320472,4,824,60.3,6,up_1787054990.jpg,How many tablets are in the Vitamin D3 K2 bottle? Answer briefly with just the fact.,120,120,120 tablets,True
2026-08-18 17:40:09,,llama.cpp,phone-gpu,qwen3-2b-q4,576,serial,570,adreno-ocl,adreno-ocl,8.216559458999654,8.467481458999828,3770,1981,287.8,14.180575447751671,4,824,59.3,6,up_1787055001.jpg,How many tablets are in the Vitamin D3 K2 bottle? Answer briefly with just the fact.,120,120,120 tablets,True
2026-08-18 17:40:20,,llama.cpp,phone-gpu,qwen3-2b-q4,576,serial,570,adreno-ocl,adreno-ocl,8.146490958999493,8.461929374999272,3769,1980,287.9,15.37964657572169,4,824,59.3,6,up_1787055012.jpg,How many tablets are in the Vitamin D3 K2 bottle? Answer briefly with just the fact.,120,120,120 tablets,True
2026-08-18 17:40:32,,llama.cpp,phone-gpu,qwen3-2b-q4,576,serial,570,adreno-ocl,adreno-ocl,7.764400750000277,7.95334025000011,3760,1952,292.0,16.44259069458984,4,824,60.3,6,up_1787055023.jpg,How many tablets are in the Vitamin D3 K2 bottle? Answer briefly with just the fact.,120,120,120 tablets,True
2026-08-18 17:40:43,,llama.cpp,phone-gpu,qwen3-2b-q4,576,serial,570,adreno-ocl,adreno-ocl,7.274019458000112,7.454246750000493,3752,1982,287.6,14.845826095993113,4,824,60.5,6,up_1787055035.jpg,How many tablets are in the Vitamin D3 K2 bottle? Answer briefly with just the fact.,120,120,120 tablets,True
2026-08-18 17:40:54,,llama.cpp,phone-gpu,qwen3-2b-q4,576,serial,570,adreno-ocl,adreno-ocl,7.335100541999964,7.556960417000482,3761,1981,287.7,14.702350905909856,4,824,59.7,6,up_1787055045.jpg,How many tablets are in the Vitamin D3 K2 bottle? Answer briefly with just the fact.,120,120,120 tablets,True
2026-08-18 17:41:06,,llama.cpp,phone-gpu,qwen3-2b-q4,576,serial,570,adreno-ocl,adreno-ocl,7.249466708,7.389875707999636,3867,1957,291.3,14.280953967725043,4,824,60.5,6,up_1787055057.jpg,How many tablets are in the Vitamin D3 K2 bottle? Answer briefly with just the fact.,120,120,120 tablets,True
2026-08-18 17:41:16,,llama.cpp,phone-gpu,qwen3-2b-q4,576,serial,570,adreno-ocl,adreno-ocl,6.833540832999461,7.045728332999715,3752,1980,287.8,14.46068861799199,4,824,60.5,6,up_1787055068.jpg,How many tablets are in the Vitamin D3 K2 bottle? Answer briefly with just the fact.,120,120,120 tablets,True
2026-08-18 17:41:27,,llama.cpp,phone-gpu,qwen3-2b-q4,576,serial,570,adreno-ocl,adreno-ocl,6.844750000000204,7.036010042000271,3755,1954,291.6,15.983888240653421,4,824,61.5,6,up_1787055079.jpg,How many tablets are in the Vitamin D3 K2 bottle? Answer briefly with just the fact.,120,120,120 tablets,True
2026-08-18 17:41:38,,llama.cpp,phone-gpu,qwen3-2b-q4,576,serial,570,adreno-ocl,adreno-ocl,6.883400583999901,7.054466708999826,3856,1966,289.9,18.238634291064287,4,824,93.8,6,up_1787055090.jpg,How many tablets are in the Vitamin D3 K2 bottle? Answer briefly with just the fact.,120,120,120 tablets,True
2026-08-18 17:41:47,,llama.cpp,phone-gpu,qwen3-2b-q4,576,serial,570,adreno-ocl,adreno-ocl,7.329461749999609,7.495858458999464,3931,1908,298.8,15.78274525070891,4,824,73.0,6,up_1787055100.jpg,How many tablets are in the Vitamin D3 K2 bottle? Answer briefly with just the fact.,120,120,120 tablets,True
2026-08-18 17:41:57,,llama.cpp,phone-gpu,qwen3-2b-q4,576,serial,570,adreno-ocl,adreno-ocl,6.683383374999721,6.881836874999863,3772,1900,300.0,15.165761776214019,4,824,70.5,6,up_1787055109.jpg,How many tablets are in the Vitamin D3 K2 bottle? Answer briefly with just the fact.,120,120,120 tablets,True
2026-08-18 17:42:07,,llama.cpp,phone-gpu,qwen3-2b-q4,576,serial,570,adreno-ocl,adreno-ocl,6.775530958000672,6.96775633300058,3738,1930,295.3,14.70422452370566,4,824,70.5,6,up_1787055120.jpg,How many tablets are in the Vitamin D3 K2 bottle? Answer briefly with just the fact.,120,120,120 tablets,True
2026-08-18 17:42:17,,llama.cpp,phone-gpu,qwen3-2b-q4,576,serial,570,adreno-ocl,adreno-ocl,6.794558917000359,6.9535256670005765,3737,1969,289.4,18.413945494721336,4,824,63.6,6,up_1787055129.jpg,How many tablets are in the Vitamin D3 K2 bottle? Answer briefly with just the fact.,120,120,120 tablets,True
2026-08-18 17:42:28,,llama.cpp,phone-gpu,qwen3-2b-q4,576,serial,570,adreno-ocl,adreno-ocl,6.793150292000064,6.998444959000153,3777,1942,293.5,16.521825331262598,4,824,63.0,6,up_1787055140.jpg,How many tablets are in the Vitamin D3 K2 bottle? Answer briefly with just the fact.,120,120,120 tablets,True
2026-08-18 17:42:38,,llama.cpp,phone-gpu,qwen3-2b-q4,576,serial,570,adreno-ocl,adreno-ocl,6.848178042000654,7.0556430000006,3766,1968,289.6,14.310450922308563,4,824,62.4,6,up_1787055150.jpg,How many tablets are in the Vitamin D3 K2 bottle? Answer briefly with just the fact.,120,120,120 tablets,True
2026-08-18 17:42:48,,llama.cpp,phone-gpu,qwen3-2b-q4,576,serial,570,adreno-ocl,adreno-ocl,6.97098270800052,7.174388000000363,3781,1950,292.3,14.578392877969133,4,824,61.1,6,up_1787055160.jpg,How many tablets are in the Vitamin D3 K2 bottle? Answer briefly with just the fact.,120,120,120 tablets,True
2026-08-18 17:42:59,,llama.cpp,phone-gpu,qwen3-2b-q4,576,serial,570,adreno-ocl,adreno-ocl,6.781538709000415,6.9750633339999695,3771,1957,291.2,15.873519794279183,4,824,61.2,6,up_1787055170.jpg,How many tablets are in the Vitamin D3 K2 bottle? Answer briefly with just the fact.,120,120,120 tablets,True
2026-08-18 17:43:10,,llama.cpp,phone-gpu,qwen3-2b-q4,576,serial,570,adreno-ocl,adreno-ocl,6.683829707999394,6.888751124999544,3757,1978,288.2,14.678611794753863,4,824,61.2,6,up_1787055181.jpg,How many tablets are in the Vitamin D3 K2 bottle? Answer briefly with just the fact.,120,120,120 tablets,True
2026-08-18 17:43:21,,llama.cpp,phone-gpu,qwen3-2b-q4,576,serial,570,adreno-ocl,adreno-ocl,6.820536375000302,7.0301921660002336,3739,1977,288.3,13.890303642037615,4,824,60.5,6,up_1787055192.jpg,How many tablets are in the Vitamin D3 K2 bottle? Answer briefly with just the fact.,120,120,120 tablets,True
2026-08-18 17:43:31,,llama.cpp,phone-gpu,qwen3-2b-q4,576,serial,570,adreno-ocl,adreno-ocl,6.703063332999591,6.893046457999844,3762,1949,292.4,16.877827036028535,4,824,62.3,6,up_1787055204.jpg,How many tablets are in the Vitamin D3 K2 bottle? Answer briefly with just the fact.,120,120,120 tablets,True
2026-08-18 17:43:41,,llama.cpp,phone-gpu,qwen3-2b-q4,576,serial,570,adreno-ocl,adreno-ocl,6.81727412500004,7.0322436249998646,3845,2009,283.7,14.132610999882228,4,824,60.8,6,up_1787055213.jpg,How many tablets are in the Vitamin D3 K2 bottle? Answer briefly with just the fact.,120,120,120 tablets,True
2026-08-18 17:43:52,,llama.cpp,phone-gpu,qwen3-2b-q4,576,serial,570,adreno-ocl,adreno-ocl,6.891528541999833,7.078674667000087,3784,1947,292.8,15.654923734429872,4,824,60.8,6,up_1787055224.jpg,How many tablets are in the Vitamin D3 K2 bottle? Answer briefly with just the fact.,120,120,120 tablets,True
2026-08-18 17:44:03,,llama.cpp,phone-gpu,qwen3-2b-q4,576,serial,570,adreno-ocl,adreno-ocl,6.797360749999825,7.0235783750003975,3778,1992,286.2,14.51540326209496,4,824,61.6,6,up_1787055235.jpg,How many tablets are in the Vitamin D3 K2 bottle? Answer briefly with just the fact.,120,120,120 tablets,True
2026-08-18 17:44:13,,llama.cpp,phone-gpu,qwen3-2b-q4,576,serial,570,adreno-ocl,adreno-ocl,6.71247616600067,6.919301083000391,3807,1982,287.6,14.631148740258094,4,824,60.5,6,up_1787055245.jpg,How many tablets are in the Vitamin D3 K2 bottle? Answer briefly with just the fact.,120,120,120 tablets,True
2026-08-18 17:44:24,,llama.cpp,phone-gpu,qwen3-2b-q4,576,serial,570,adreno-ocl,adreno-ocl,6.915320875000361,7.088496500000474,3751,1966,290.0,16.987831050357592,4,824,60.8,6,up_1787055256.jpg,How many tablets are in the Vitamin D3 K2 bottle? Answer briefly with just the fact.,120,120,120 tablets,True
2026-08-18 17:44:35,,llama.cpp,phone-gpu,qwen3-2b-q4,576,serial,570,adreno-ocl,adreno-ocl,6.648720375000266,6.845794542000476,3746,1970,289.3,15.106044431912023,4,824,60.8,6,up_1787055267.jpg,How many tablets are in the Vitamin D3 K2 bottle? Answer briefly with just the fact.,120,120,120 tablets,True
2026-08-18 17:44:46,,llama.cpp,phone-gpu,qwen3-2b-q4,576,serial,570,adreno-ocl,adreno-ocl,6.913567375000639,7.128086125000664,3768,1989,286.6,14.449057439819676,4,824,60.5,6,up_1787055277.jpg,How many tablets are in the Vitamin D3 K2 bottle? Answer briefly with just the fact.,120,120,120 tablets,True
2026-08-18 17:44:57,,llama.cpp,phone-gpu,qwen3-2b-q4,576,serial,570,adreno-ocl,adreno-ocl,6.708446624999851,6.896073165999951,3745,1948,292.5,15.904319613206948,4,824,60.8,6,up_1787055288.jpg,How many tablets are in the Vitamin D3 K2 bottle? Answer briefly with just the fact.,120,120,120 tablets,True
2026-08-18 17:45:07,,llama.cpp,phone-gpu,qwen3-2b-q4,576,serial,570,adreno-ocl,adreno-ocl,6.872604708999461,7.097353874999499,3813,1998,285.3,14.453443051025474,4,824,60.8,6,up_1787055299.jpg,How many tablets are in the Vitamin D3 K2 bottle? Answer briefly with just the fact.,120,120,120 tablets,True
2026-08-18 17:45:17,,llama.cpp,phone-gpu,qwen3-2b-q4,576,serial,570,adreno-ocl,adreno-ocl,6.793118499999764,6.988056958000016,3783,1971,289.2,15.380592768045283,4,824,61.1,6,up_1787055309.jpg,How many tablets are in the Vitamin D3 K2 bottle? Answer briefly with just the fact.,120,120,120 tablets,True
2026-08-18 17:45:49,,llama.cpp,phone-gpu,qwen3-2b-q4,576,serial,570,adreno-ocl,adreno-ocl,7.327686249999715,7.528402749999259,4354,2021,282.0,15.08917703628444,4,824,79.6,6,up_1787055340.jpg,How many tablets are in the Vitamin D3 K2 bottle? Answer briefly with just the fact.,120,120,120 tablets,True
2026-08-18 17:45:57,,llama.cpp,phone-gpu,qwen3-2b-q4,576,serial,570,adreno-ocl,adreno-ocl,6.76990458399996,6.979708875000142,3769,1913,297.9,14.46522078748662,4,824,80.6,6,up_1787055350.jpg,How many tablets are in the Vitamin D3 K2 bottle? Answer briefly with just the fact.,120,120,120 tablets,True
2026-08-18 17:46:07,,llama.cpp,phone-gpu,qwen3-2b-q4,576,serial,570,adreno-ocl,adreno-ocl,6.721644792000006,6.911170041999867,3749,1943,293.4,15.829547433238883,4,824,67.1,6,up_1787055360.jpg,How many tablets are in the Vitamin D3 K2 bottle? Answer briefly with just the fact.,120,120,120 tablets,True
2026-08-18 17:46:18,,llama.cpp,phone-gpu,qwen3-2b-q4,576,serial,570,adreno-ocl,adreno-ocl,6.6976336660000015,6.908220000000256,3765,1949,292.4,14.26798122333671,4,824,63.6,6,up_1787055370.jpg,How many tablets are in the Vitamin D3 K2 bottle? Answer briefly with just the fact.,120,120,120 tablets,True
2026-08-18 17:46:28,,llama.cpp,phone-gpu,qwen3-2b-q4,576,serial,570,adreno-ocl,adreno-ocl,6.746915583000373,6.95341179099978,3739,1984,287.3,14.973422175638241,4,824,63.2,6,up_1787055380.jpg,How many tablets are in the Vitamin D3 K2 bottle? Answer briefly with just the fact.,120,120,120 tablets,True
2026-08-18 17:49:57,,llama.cpp,phone-gpu,smol22-q4,576,serial,611,cpu (op gap),adreno-ocl (259 t/s),46.87648566700045,47.230919875000836,43635,2870,212.9,19.24458585651237,7,445,60.7,6,up_1787055548.jpg,How much does the Mango Lassi cost? Answer briefly with just the fact.,Rs 170.,170,rs 170|₹170,True
2026-08-18 18:00:13,,llama.cpp,phone-gpu,smol500-q8,576,serial,492,adreno-ocl,adreno-ocl (818 t/s),3.3106883749996996,3.4119700000001103,2008,831,591.7,53.632243704915396,7,211,58.4,6,up_1787056209.jpg,How much does the Mango Lassi cost? Answer briefly with just the fact.,Rs 170.,170,rs 170|₹170,True
2026-08-18 18:00:17,,llama.cpp,phone-gpu,smol500-q8,576,serial,492,adreno-ocl,adreno-ocl (818 t/s),3.2726937919997,3.3732313749997047,1966,869,565.9,59.8312758022377,7,223,63.8,6,up_1787056213.jpg,How much does the Mango Lassi cost? Answer briefly with just the fact.,Rs 170.,170,rs 170|₹170,True
2026-08-18 18:00:22,,llama.cpp,phone-gpu,smol500-q8,576,serial,492,adreno-ocl,adreno-ocl (818 t/s),3.32735566700012,3.4372306670002217,1972,879,559.6,59.32722922063797,7,243,64.3,6,up_1787056217.jpg,How much does the Paneer Tikka cost? Answer briefly with just the fact.,Rs 110.,110,rs 110|₹110,True
2026-08-18 18:00:27,,llama.cpp,phone-gpu,smol500-q8,576,serial,492,adreno-ocl,adreno-ocl (818 t/s),3.3248066249998374,3.437990374999572,1965,897,548.8,52.16710863800374,7,263,63.2,6,up_1787056222.jpg,How much does the Paneer Tikka cost? Answer briefly with just the fact.,Rs 110.,110,rs 110|₹110,True
2026-08-18 18:00:32,,llama.cpp,phone-gpu,smol500-q8,576,serial,492,adreno-ocl,adreno-ocl (818 t/s),3.292813166000087,3.392934124999556,1919,943,521.8,59.885020760140534,7,268,64.3,6,up_1787056227.jpg,How much does the Idli Sambar cost? Answer briefly with just the fact.,Rs 390.,390,rs 390|₹390,True
2026-08-18 18:00:36,,llama.cpp,phone-gpu,smol500-q8,576,serial,492,adreno-ocl,adreno-ocl (818 t/s),3.3175947910003742,3.4304416659997514,1975,903,544.7,53.505979293186016,7,287,65.1,6,up_1787056232.jpg,How much does the Idli Sambar cost? Answer briefly with just the fact.,Rs 390.,390,rs 390|₹390,True
2026-08-18 18:00:40,,llama.cpp,phone-gpu,smol500-q8,576,serial,491,adreno-ocl,adreno-ocl (818 t/s),3.32046870799968,3.4046955409994553,1964,882,557.0,60.12144531954548,6,287,66.3,6,up_1787056236.jpg,How much does the Gobi Manchurian cost? Answer briefly with just the fact.,Rs 90.,90,rs 90|₹90,True
2026-08-18 18:00:44,,llama.cpp,phone-gpu,smol500-q8,576,serial,491,adreno-ocl,adreno-ocl (818 t/s),3.3088595830004124,3.417415541000082,1994,875,561.2,46.893317702227435,6,302,69.9,6,up_1787056240.jpg,How much does the Gobi Manchurian cost? Answer briefly with just the fact.,Rs 90.,90,rs 90|₹90,True
2026-08-18 18:01:18,,llama.cpp,phone-gpu,smol500-q8,576,serial,489,adreno-ocl,adreno-ocl (818 t/s),3.322800666999683,3.4504097499993804,1967,895,546.6,61.59769008662175,9,302,61.9,6,up_1787056274.jpg,What is the total on the receipt? Answer briefly with just the fact.,630.00.,630,630.00|rs 630,True
2026-08-18 18:01:23,,llama.cpp,phone-gpu,smol500-q8,576,serial,489,adreno-ocl,adreno-ocl (818 t/s),3.310306416000458,3.4576743330007957,1928,952,513.5,53.796340503937216,9,322,62.4,6,up_1787056278.jpg,What is the total on the receipt? Answer briefly with just the fact.,781.00.,630,630.00|rs 630,True
2026-08-18 18:01:27,,llama.cpp,phone-gpu,smol500-q8,576,serial,489,adreno-ocl,adreno-ocl (818 t/s),3.2456768749998446,3.672112374999415,1956,895,546.3,68.07783409197081,30,346,70.3,6,up_1787056283.jpg,What is the total on the receipt? Answer briefly with just the fact.,"Nilgiris Fresh Mart
Dal Makhani
Panerai Jassi
Masala Dosa
Tikka
Total",630,630.00|rs 630,False
2026-08-18 18:01:31,,llama.cpp,phone-gpu,smol500-q8,576,serial,489,adreno-ocl,adreno-ocl (818 t/s),3.301129958000274,3.4194841250000536,1947,924,529.4,66.18462200307759,9,361,71.5,6,up_1787056287.jpg,What is the total on the receipt? Answer briefly with just the fact.,530.00.,630,630.00|rs 630,True
2026-08-18 18:01:55,,llama.cpp,phone-gpu,smol500-q8,576,serial,489,adreno-ocl,adreno-ocl (818 t/s),3.375576584000555,3.541461374999926,1961,950,514.6,57.46920010057109,9,381,59.2,6,up_1787056311.jpg,What is the total on the receipt? Answer briefly with just the fact.,630.00.,630,630.00|rs 630,True
2026-08-18 18:02:00,,llama.cpp,phone-gpu,smol500-q8,576,serial,489,adreno-ocl,adreno-ocl (818 t/s),3.2812135829999534,3.4541184999998222,1948,905,540.6,62.79336274155822,9,381,63.2,6,up_1787056315.jpg,What is the total on the receipt? Answer briefly with just the fact.,781.00.,630,630.00|rs 630,True
2026-08-18 18:02:04,,llama.cpp,phone-gpu,smol500-q8,576,serial,489,adreno-ocl,adreno-ocl (818 t/s),3.3185670410002786,3.825385500000266,1931,936,522.2,63.38534574520402,30,386,72.6,6,up_1787056320.jpg,What is the total on the receipt? Answer briefly with just the fact.,"Nilgiris Fresh Mart
Dal Makhani
Panerai Jassi
Masala Dosa
Tikka
Total",630,630.00|rs 630,False
2026-08-18 18:02:09,,llama.cpp,phone-gpu,smol500-q8,576,serial,489,adreno-ocl,adreno-ocl (818 t/s),3.3317481250005585,3.484681124999952,1930,915,534.5,52.63088643570479,9,386,67.8,6,up_1787056324.jpg,What is the total on the receipt? Answer briefly with just the fact.,530.00.,630,630.00|rs 630,True
2026-08-18 18:02:41,,llama.cpp,phone-gpu,smol500-q8,576,serial,497,adreno-ocl,adreno-ocl (818 t/s),3.3411643330000516,3.45655325000007,2025,822,604.5,69.23230032971883,9,386,77.1,6,up_1787056357.jpg,What is the expiry date on the Cetrizine 10? Answer briefly with just the fact.,JAN 2028.,JAN 2028,JAN 202028,True
2026-08-18 18:02:46,,llama.cpp,phone-gpu,smol500-q8,576,serial,696,adreno-ocl,adreno-ocl (818 t/s),4.682578375000048,4.864594333000241,2833,1264,550.7,45.534489529913316,9,421,64.3,6,up_1787056361.jpg,What is the expiry date on the Cetrizine 10? Answer briefly with just the fact.,JAN 2028.,JAN 2028,JAN 202028,True
2026-08-18 18:02:51,,llama.cpp,phone-gpu,smol500-q8,576,serial,497,adreno-ocl,adreno-ocl (818 t/s),3.302399083999262,3.434673499999917,1960,907,548.0,59.34630049999259,9,445,70.5,6,up_1787056366.jpg,What is the expiry date on the Cetrizine 10? Answer briefly with just the fact.,JAN 2028.,JAN 2028,JAN 202028,True
2026-08-18 18:02:55,,llama.cpp,phone-gpu,smol500-q8,576,serial,488,adreno-ocl,adreno-ocl (818 t/s),3.295576333999634,3.373070791999453,1984,873,559.3,53.788744705170444,5,456,68.6,6,up_1787056371.jpg,How far is Residency Road? Answer briefly with just the fact.,3 km.,3 km,3km|3 kilometers,True
2026-08-18 18:03:19,,llama.cpp,phone-gpu,smol500-q8,576,serial,497,adreno-ocl,adreno-ocl (818 t/s),3.3124883749997025,3.425890249999611,1955,913,544.4,65.72029442691904,9,475,61.6,6,up_1787056395.jpg,What is the expiry date on the Cetrizine 10? Answer briefly with just the fact.,JAN 2028.,JAN 2028,JAN 202028,True
2026-08-18 18:03:24,,llama.cpp,phone-gpu,smol500-q8,576,serial,696,adreno-ocl,adreno-ocl (818 t/s),4.733372666999458,4.847076625000227,2794,1326,524.7,61.28108099826881,9,495,64.2,6,up_1787056399.jpg,What is the expiry date on the Cetrizine 10? Answer briefly with just the fact.,JAN 2028.,JAN 2028,JAN 202028,True
2026-08-18 18:03:28,,llama.cpp,phone-gpu,smol500-q8,576,serial,497,adreno-ocl,adreno-ocl (818 t/s),3.303517667000051,3.4419785000000047,1973,880,565.0,58.414200492139635,9,495,70.3,6,up_1787056405.jpg,What is the expiry date on the Cetrizine 10? Answer briefly with just the fact.,JAN 2028.,JAN 2028,JAN 202028,True
2026-08-18 18:03:32,,llama.cpp,phone-gpu,smol500-q8,576,serial,488,adreno-ocl,adreno-ocl (818 t/s),3.2810167080006067,3.375822040999992,1988,852,572.5,41.94586885624102,5,495,68.8,6,up_1787056409.jpg,How far is Residency Road? Answer briefly with just the fact.,3 km.,3 km,3km|3 kilometers,True
2026-08-18 18:04:06,,llama.cpp,phone-gpu,smol500-q8,576,serial,488,adreno-ocl,adreno-ocl (818 t/s),3.343616541999836,3.4166415419995246,1927,944,517.1,55.934668307416935,5,495,60.8,6,up_1787056441.jpg,How far is Residency Road? Answer briefly with just the fact.,3 km.,3 km,3km|3 kilometers,True
2026-08-18 18:04:10,,llama.cpp,phone-gpu,smol500-q8,576,serial,487,adreno-ocl,adreno-ocl (818 t/s),3.2814241249998304,3.371269332999873,1961,899,541.7,47.73326650676022,5,495,64.7,6,up_1787056446.jpg,How far is Brigade Road? Answer briefly with just the fact.,2 km.,2 km,2km|2 kilometers,True
2026-08-18 18:04:15,,llama.cpp,phone-gpu,smol500-q8,576,serial,490,adreno-ocl,adreno-ocl (818 t/s),3.331606875000034,3.4834592090001024,1945,950,516.0,56.162027449190916,9,495,65.3,6,up_1787056450.jpg,What does the note remind me to do? Answer briefly with just the fact.,Call plumber at 4pm.,call plumber,4pm,True
2026-08-18 18:04:19,,llama.cpp,phone-gpu,smol500-q8,576,serial,490,adreno-ocl,adreno-ocl (818 t/s),3.3155109170002106,3.4126713750001727,1958,887,552.3,51.60544540659931,6,517,66.7,6,up_1787056455.jpg,What does the note remind me to do? Answer briefly with just the fact.,Buy milk and eggs.,call plumber,4pm,True
2026-08-18 18:04:43,,llama.cpp,phone-gpu,smol500-q8,576,serial,488,adreno-ocl,adreno-ocl (818 t/s),3.303601124999659,3.4142882919995827,1932,923,528.9,37.3458317383551,5,534,60.1,6,up_1787056479.jpg,How far is Residency Road? Answer briefly with just the fact.,3 km.,3 km,3km|3 kilometers,True
2026-08-18 18:04:48,,llama.cpp,phone-gpu,smol500-q8,576,serial,487,adreno-ocl,adreno-ocl (818 t/s),3.329462749999948,3.3943495000003168,1960,891,546.8,47.93404275716615,5,534,64.3,6,up_1787056483.jpg,How far is Brigade Road? Answer briefly with just the fact.,2 km.,2 km,2km|2 kilometers,True
2026-08-18 18:04:53,,llama.cpp,phone-gpu,smol500-q8,576,serial,490,adreno-ocl,adreno-ocl (818 t/s),3.3321268749996307,3.4768960000001243,1921,959,511.1,51.77390336400937,9,534,65.9,6,up_1787056488.jpg,What does the note remind me to do? Answer briefly with just the fact.,Call plumber at 4pm.,call plumber,4pm,True
2026-08-18 18:04:57,,llama.cpp,phone-gpu,smol500-q8,576,serial,490,adreno-ocl,adreno-ocl (818 t/s),3.2771270829998684,3.371075999999448,1946,903,542.7,53.71319303447312,6,536,67.4,6,up_1787056493.jpg,What does the note remind me to do? Answer briefly with just the fact.,Buy milk and eggs.,call plumber,4pm,True
2026-08-18 18:05:30,,llama.cpp,phone-gpu,smol500-q8,576,serial,490,adreno-ocl,adreno-ocl (818 t/s),3.356536917000085,3.525109000000157,1930,940,521.5,55.86475143677158,9,536,63.6,6,up_1787056525.jpg,What does the note remind me to do? Answer briefly with just the fact.,Gym at 6:30.,call plumber,4pm,True
2026-08-18 18:05:35,,llama.cpp,phone-gpu,smol500-q8,576,serial,689,adreno-ocl,adreno-ocl (818 t/s),4.7270330829996965,4.828253874999973,2834,1274,540.8,32.981258399914246,5,573,64.2,6,up_1787056530.jpg,What is the first item on the whiteboard? Answer briefly with just the fact.,- fix login bug,fix login bug,bug,True
2026-08-18 18:05:41,,llama.cpp,phone-gpu,smol500-q8,576,serial,490,adreno-ocl,adreno-ocl (818 t/s),3.2918348749999495,3.351741624999704,1972,867,565.4,49.19565110444236,4,589,68.2,6,up_1787056536.jpg,What is the first item on the whiteboard? Answer briefly with just the fact.,TODO.,fix login bug,bug,False
2026-08-18 18:05:46,,llama.cpp,phone-gpu,smol500-q8,576,serial,491,adreno-ocl,adreno-ocl (818 t/s),3.3415747919998466,3.4074545419998685,1957,909,540.4,48.00768122899663,4,600,66.3,6,up_1787056541.jpg,What is the title of the leftmost book? Answer briefly with just the fact.,Atomic Habits.,Atomic Habits,Atomic,True
2026-08-18 18:06:09,,llama.cpp,phone-gpu,smol500-q8,576,serial,490,adreno-ocl,adreno-ocl (818 t/s),3.341122374999941,3.5063961250007196,1927,922,531.4,50.085458313246974,9,619,62.4,6,up_1787056564.jpg,What does the note remind me to do? Answer briefly with just the fact.,Gym at 6:30.,call plumber,4pm,True
2026-08-18 18:06:14,,llama.cpp,phone-gpu,smol500-q8,576,serial,689,adreno-ocl,adreno-ocl (818 t/s),4.716370166000161,4.815260708000096,2829,1271,542.3,37.97624585821569,5,639,64.3,6,up_1787056569.jpg,What is the first item on the whiteboard? Answer briefly with just the fact.,- fix login bug,fix login bug,bug,True
2026-08-18 18:06:19,,llama.cpp,phone-gpu,smol500-q8,576,serial,490,adreno-ocl,adreno-ocl (818 t/s),3.3214417919998596,3.336529416999838,1977,891,549.9,50.70308274743104,4,639,69.0,6,up_1787056575.jpg,What is the first item on the whiteboard? Answer briefly with just the fact.,TODO.,fix login bug,bug,False
2026-08-18 18:06:24,,llama.cpp,phone-gpu,smol500-q8,576,serial,491,adreno-ocl,adreno-ocl (818 t/s),3.3468950419992325,3.4349744579994876,1909,967,508.0,33.58259078493709,4,639,66.1,6,up_1787056579.jpg,What is the title of the leftmost book? Answer briefly with just the fact.,Atomic Habits.,Atomic Habits,Atomic,True
2026-08-18 18:06:57,,llama.cpp,phone-gpu,smol500-q8,576,serial,491,adreno-ocl,adreno-ocl (818 t/s),3.3367430000007516,3.4540467500000887,1958,932,526.7,42.87098406056813,6,639,60.5,6,up_1787056612.jpg,What is the title of the leftmost book? Answer briefly with just the fact.,Thinking Fast and Slow.,Atomic Habits,Atomic,True
2026-08-18 18:07:01,,llama.cpp,phone-gpu,smol500-q8,576,serial,489,adreno-ocl,adreno-ocl (818 t/s),3.302773417000026,3.391505167000105,1985,876,557.9,44.410396473814515,5,639,66.5,6,up_1787056617.jpg,What temperature is the AC set to? Answer briefly with just the fact.,26.,26,26 c|26°c|26 degrees,True
2026-08-18 18:07:05,,llama.cpp,phone-gpu,smol500-q8,576,serial,489,adreno-ocl,adreno-ocl (818 t/s),3.3088197080005557,3.3864752500003306,1980,888,550.7,51.11494473196601,5,658,67.1,6,up_1787056621.jpg,What temperature is the AC set to? Answer briefly with just the fact.,21.,26,26 c|26°c|26 degrees,True
2026-08-18 18:07:10,,llama.cpp,phone-gpu,smol500-q8,576,serial,688,adreno-ocl,adreno-ocl (818 t/s),4.703343540999413,4.836245165999571,2796,1327,518.5,46.55385116733781,7,697,67.8,6,up_1787056625.jpg,What temperature is the AC set to? Answer briefly with just the fact.,23°C.,26,26 c|26°c|26 degrees,True
2026-08-18 18:07:35,,llama.cpp,phone-gpu,smol500-q8,576,serial,491,adreno-ocl,adreno-ocl (818 t/s),3.3589937500000815,3.4431877090000853,1937,921,533.1,62.074017057939884,6,706,62.8,6,up_1787056650.jpg,What is the title of the leftmost book? Answer briefly with just the fact.,Thinking Fast and Slow.,Atomic Habits,Atomic,True
2026-08-18 18:07:41,,llama.cpp,phone-gpu,smol500-q8,576,serial,489,adreno-ocl,adreno-ocl (818 t/s),3.3537999999998647,3.4476631669995186,1946,905,540.3,37.01681488816295,5,706,65.7,6,up_1787056655.jpg,What temperature is the AC set to? Answer briefly with just the fact.,26.,26,26 c|26°c|26 degrees,True
2026-08-18 18:07:45,,llama.cpp,phone-gpu,smol500-q8,576,serial,489,adreno-ocl,adreno-ocl (818 t/s),3.3621377909994408,3.455289582999285,1937,899,543.8,37.06105809320856,5,706,66.3,6,up_1787056661.jpg,What temperature is the AC set to? Answer briefly with just the fact.,21.,26,26 c|26°c|26 degrees,True
2026-08-18 18:07:50,,llama.cpp,phone-gpu,smol500-q8,576,serial,688,adreno-ocl,adreno-ocl (818 t/s),4.77268470800027,4.886369332999493,2766,1355,507.7,50.13746020339096,7,724,68.0,6,up_1787056665.jpg,What temperature is the AC set to? Answer briefly with just the fact.,23°C.,26,26 c|26°c|26 degrees,True
2026-08-18 18:08:31,,llama.cpp,phone-gpu,smol500-q8,576,serial,488,adreno-ocl,adreno-ocl (818 t/s),5.473285000000033,5.522560542000065,1958,899,542.8,36.580458718952336,3,777,61.5,6,up_1787056705.jpg,What flavour is the creatine? Answer briefly with just the fact.,Black.,watermelon,watermelon wave,False
2026-08-18 18:08:36,,llama.cpp,phone-gpu,smol500-q8,576,serial,494,adreno-ocl,adreno-ocl (818 t/s),4.791331499999615,4.880521124999177,1987,878,562.4,47.74295194671887,5,795,65.9,6,up_1787056711.jpg,How many tablets are in the Vitamin D3 K2 bottle? Answer briefly with just the fact.,10.,120,120 tablets,False
2026-08-18 18:08:53,,llama.cpp,phone-gpu,smol500-q8,576,serial,488,adreno-ocl,adreno-ocl (818 t/s),4.583849624999857,4.648973916999239,1939,922,529.3,36.4797081623347,3,795,62.6,6,up_1787056728.jpg,What flavour is the creatine? Answer briefly with just the fact.,Black.,watermelon,watermelon wave,False
2026-08-18 18:08:59,,llama.cpp,phone-gpu,smol500-q8,576,serial,494,adreno-ocl,adreno-ocl (818 t/s),4.848660000000564,4.941773542000192,2279,920,537.0,40.054072998548044,5,795,78.7,6,up_1787056733.jpg,How many tablets are in the Vitamin D3 K2 bottle? Answer briefly with just the fact.,10.,120,120 tablets,False
2026-08-18 18:09:23,,llama.cpp,phone-gpu,lfm2-450-q8,0,serial,1805,cpu (op gap),adreno-ocl (1065 t/s),3.5450197910004135,3.586721249999755,2154,1109,1628.0,71.70000717000072,4,275,65.1,6,up_1787056759.jpg,How much does the Mango Lassi cost? Answer briefly with just the fact.,Rs 170,170,rs 170|₹170,True
2026-08-18 18:09:28,,llama.cpp,phone-gpu,lfm2-450-q8,0,serial,1807,cpu (op gap),adreno-ocl (1065 t/s),3.3998819170001298,3.443509875000018,2107,1116,1619.7,75.83417593528817,4,275,70.5,6,up_1787056763.jpg,How much does the Paneer Tikka cost? Answer briefly with just the fact.,Rs 110,110,rs 110|₹110,True
2026-08-18 18:09:33,,llama.cpp,phone-gpu,lfm2-450-q8,0,serial,2583,cpu (op gap),adreno-ocl (1065 t/s),4.855229832999612,4.889816375000009,2993,1619,1595.4,84.19634587858887,4,312,71.7,6,up_1787056768.jpg,How much does the Idli Sambar cost? Answer briefly with just the fact.,Rs 100,390,rs 390|₹390,False
2026-08-18 18:09:38,,llama.cpp,phone-gpu,lfm2-450-q8,0,serial,1807,cpu (op gap),adreno-ocl (1065 t/s),3.5102178329998424,3.5499817499994606,2131,1157,1562.2,79.33359777865927,4,340,75.2,6,up_1787056773.jpg,How much does the Gobi Manchurian cost? Answer briefly with just the fact.,Rs 90,90,rs 90|₹90,True
2026-08-18 18:11:20,,llama.cpp,phone-gpu,lfm2-450-q8,0,serial,1803,cpu (op gap),adreno-ocl (1065 t/s),3.2167885420003586,3.277290584000184,2028,1072,1682.4,72.59879486000531,4,352,65.7,6,up_1787056876.jpg,What is the total on the receipt? Answer briefly with just the fact.,630.00,630,630.00|rs 630,True
2026-08-18 18:11:24,,llama.cpp,phone-gpu,lfm2-450-q8,0,serial,1803,cpu (op gap),adreno-ocl (1065 t/s),3.2903189170001497,3.3348065829995903,2044,1088,1656.7,75.74801161469512,4,373,71.7,6,up_1787056880.jpg,What is the total on the receipt? Answer briefly with just the fact.,781.00,630,630.00|rs 630,True
2026-08-18 18:11:31,,llama.cpp,phone-gpu,lfm2-450-q8,0,serial,2580,cpu (op gap),adreno-ocl (1065 t/s),4.803032040999824,4.821137583000564,2956,1643,1570.7,78.25542570951586,4,416,73.6,6,up_1787056884.jpg,What is the total on the receipt? Answer briefly with just the fact.,808.00,630,630.00|rs 630,True
2026-08-18 18:11:35,,llama.cpp,phone-gpu,lfm2-450-q8,0,serial,1803,cpu (op gap),adreno-ocl (1065 t/s),3.3594714579994616,3.4064199169997664,2084,1114,1618.9,78.90583903208837,4,435,75.3,6,up_1787056891.jpg,What is the total on the receipt? Answer briefly with just the fact.,530.00,630,630.00|rs 630,True
2026-08-18 18:12:44,,llama.cpp,phone-gpu,lfm2-450-q8,0,serial,1810,cpu (op gap),adreno-ocl (1065 t/s),3.2866206669996245,3.3491669999993974,2071,1080,1676.1,77.56026432538083,6,447,64.7,6,up_1787056960.jpg,What is the expiry date on the Cetrizine 10? Answer briefly with just the fact.,JAN 2028,JAN 2028,JAN 202028,True
2026-08-18 18:12:50,,llama.cpp,phone-gpu,lfm2-450-q8,0,serial,2585,cpu (op gap),adreno-ocl (1065 t/s),4.736717333999877,4.80583441699946,2924,1620,1595.5,71.982839291113,6,487,73.8,6,up_1787056964.jpg,What is the expiry date on the Cetrizine 10? Answer briefly with just the fact.,JAN 2028,JAN 2028,JAN 202028,True
2026-08-18 18:12:55,,llama.cpp,phone-gpu,lfm2-450-q8,0,serial,1810,cpu (op gap),adreno-ocl (1065 t/s),3.393390334000287,3.448105917000248,2075,1139,1589.2,75.90824211692906,6,504,69.4,6,up_1787056970.jpg,What is the expiry date on the Cetrizine 10? Answer briefly with just the fact.,JAN 2028,JAN 2028,JAN 202028,True
2026-08-18 18:12:59,,llama.cpp,phone-gpu,lfm2-450-q8,0,serial,1802,cpu (op gap),adreno-ocl (1065 t/s),3.3319374170005176,3.3596027499997945,2057,1115,1616.2,75.54011179936546,3,516,74.0,6,up_1787056975.jpg,How far is Residency Road? Answer briefly with just the fact.,3 km,3 km,3km|3 kilometers,True
2026-08-18 18:13:36,,llama.cpp,phone-gpu,lfm2-450-q8,0,serial,1802,cpu (op gap),adreno-ocl (1065 t/s),3.2764525840002534,3.304307334000441,2066,1095,1645.6,77.22305880535927,3,516,70.3,6,up_1787057012.jpg,How far is Residency Road? Answer briefly with just the fact.,3 km,3 km,3km|3 kilometers,True
2026-08-18 18:13:40,,llama.cpp,phone-gpu,lfm2-450-q8,0,serial,1801,cpu (op gap),adreno-ocl (1065 t/s),3.311103708000701,3.3389675420003186,2058,1113,1617.5,71.26821793821046,3,516,73.4,6,up_1787057016.jpg,How far is Brigade Road? Answer briefly with just the fact.,2 km,2 km,2km|2 kilometers,True
2026-08-18 18:13:44,,llama.cpp,phone-gpu,lfm2-450-q8,0,serial,1804,cpu (op gap),adreno-ocl (1065 t/s),3.3136590000003707,3.4056792499995936,2063,1117,1614.9,75.52381157887922,8,516,76.1,6,up_1787057020.jpg,What does the note remind me to do? Answer briefly with just the fact.,Call plumber at 4pm,call plumber,4pm,True
2026-08-18 18:13:50,,llama.cpp,phone-gpu,lfm2-450-q8,0,serial,2579,cpu (op gap),adreno-ocl (1065 t/s),4.955402542000229,5.00508520800031,3031,1759,1466.3,76.57671455263883,6,527,80.6,6,up_1787057024.jpg,What does the note remind me to do? Answer briefly with just the fact.,Buy milk and eggs.,call plumber,4pm,True
2026-08-18 18:14:29,,llama.cpp,phone-gpu,lfm2-450-q8,0,serial,1804,cpu (op gap),adreno-ocl (1065 t/s),4.754979125000318,4.8394183749996955,2964,1551,1163.3,64.29686782401028,8,527,64.0,6,up_1787057064.jpg,What does the note remind me to do? Answer briefly with just the fact.,Gym at 6:30,call plumber,4pm,True
2026-08-18 18:14:35,,llama.cpp,phone-gpu,lfm2-450-q8,0,serial,2580,cpu (op gap),adreno-ocl (1065 t/s),5.6882262499993885,5.72722583399991,3624,1862,1385.7,79.77026164645821,4,527,74.0,6,up_1787057069.jpg,What is the first item on the whiteboard? Answer briefly with just the fact.,Fix login bug,fix login bug,bug,True
2026-08-18 18:14:41,,llama.cpp,phone-gpu,lfm2-450-q8,0,serial,2582,cpu (op gap),adreno-ocl (1065 t/s),4.824796667000555,4.884184375000586,2968,1669,1547.4,72.2686950080399,5,555,80.2,6,up_1787057076.jpg,What is the first item on the whiteboard? Answer briefly with just the fact.,review PR 42,fix login bug,bug,True
2026-08-18 18:14:45,,llama.cpp,phone-gpu,lfm2-450-q8,0,serial,1805,cpu (op gap),adreno-ocl (1065 t/s),3.515683583000282,3.574916915999893,2165,1199,1505.9,61.446764059787704,5,556,85.3,6,up_1787057081.jpg,What is the title of the leftmost book? Answer briefly with just the fact.,Atomic Habits,Atomic Habits,Atomic,True
2026-08-18 18:15:24,,llama.cpp,phone-gpu,lfm2-450-q8,0,serial,1805,cpu (op gap),adreno-ocl (1065 t/s),4.829945292000048,4.952322167000602,3034,1609,1121.8,40.95641418402536,6,557,57.3,6,up_1787057119.jpg,What is the title of the leftmost book? Answer briefly with just the fact.,Thinking Fast and Slow,Atomic Habits,Atomic,True
2026-08-18 18:15:29,,llama.cpp,phone-gpu,lfm2-450-q8,0,serial,1803,cpu (op gap),adreno-ocl (1065 t/s),4.31735425000079,4.350626750000629,2759,1355,1331.0,75.53440592189743,4,579,61.1,6,up_1787057124.jpg,What temperature is the AC set to? Answer briefly with just the fact.,26°C.,26,26 c|26°c|26 degrees,True
2026-08-18 18:15:33,,llama.cpp,phone-gpu,lfm2-450-q8,0,serial,1803,cpu (op gap),adreno-ocl (1065 t/s),3.3011384579995138,3.3442874579995987,2065,1072,1682.4,78.54225573358467,4,600,70.2,6,up_1787057129.jpg,What temperature is the AC set to? Answer briefly with just the fact.,21°C.,26,26 c|26°c|26 degrees,True
2026-08-18 18:15:38,,llama.cpp,phone-gpu,lfm2-450-q8,0,serial,2578,cpu (op gap),adreno-ocl (1065 t/s),4.878283082999587,4.878684415999487,2944,1625,1586.0,82.67195767195767,3,640,73.6,6,up_1787057133.jpg,What temperature is the AC set to? Answer briefly with just the fact.,23°C,26,26 c|26°c|26 degrees,True
2026-08-18 18:16:50,,llama.cpp,phone-gpu,lfm2-450-q8,0,serial,1802,cpu (op gap),adreno-ocl (1065 t/s),4.39309725000021,4.439491666000322,2140,1125,1601.3,73.41065922771986,3,640,61.9,6,up_1787057205.jpg,What flavour is the creatine? Answer briefly with just the fact.,Blue.,watermelon,watermelon wave,False
2026-08-18 18:16:55,,llama.cpp,phone-gpu,lfm2-450-q8,0,serial,1808,cpu (op gap),adreno-ocl (1065 t/s),4.275095832999796,4.311881166999228,2076,1093,1653.7,63.9386189258312,3,640,67.4,6,up_1787057210.jpg,How many tablets are in the Vitamin D3 K2 bottle? Answer briefly with just the fact.,120.,120,120 tablets,True
2026-08-18 19:01:01,,llama.cpp,phone-gpu,qwen3-2b-q4,576,serial,603,adreno-ocl,adreno-ocl,7.071265708998908,7.163675999998304,4934,1649,365.6,24.806304108750837,4,512,95.4,6,up_1787059852.jpeg,What does the black tag on the shoe say? Answer briefly with just the fact.,Court Conditioned,court conditioned,court-conditioned,True
2026-08-18 19:01:07,,llama.cpp,phone-gpu,qwen3-2b-q4,576,serial,602,adreno-ocl,adreno-ocl,4.79867779199958,4.869491667001057,2806,1469,409.7,27.351923524021828,3,512,80.2,6,up_1787059861.jpeg,What company name is on the office wall? Answer briefly with just the fact.,Arrowhead,arrowhead,,True
2026-08-18 19:01:11,,llama.cpp,phone-gpu,qwen3-2b-q4,576,serial,367,adreno-ocl,adreno-ocl,2.334733583000343,2.626479582999309,1350,874,419.9,25.908497663377368,9,512,75.2,6,up_1787059867.jpg,What is the license plate of the red car? Answer briefly with just the fact.,KA04AD9548,KA04AD9548,ka 04 ad 9548|KA-04-AD-9548,True
2026-08-18 19:01:16,,llama.cpp,phone-gpu,qwen3-2b-q4,576,serial,567,adreno-ocl,adreno-ocl,4.137740375001158,4.184441708001032,2552,1397,405.8,26.816121852457698,2,512,79.1,6,up_1787059871.jpg,What brand is the watch? Answer briefly with just the fact.,Titan,titan,titan company,True
2026-08-18 19:02:28,,llama.cpp,phone-gpu,qwen3-2b-q4,576,serial,603,adreno-ocl,adreno-ocl,5.1444302090003475,5.219229833999634,2762,1475,408.8,25.43849607611198,3,512,68.0,6,up_1787059942.jpeg,What flavour is the Smirnoff bottle? Answer briefly with just the fact.,LEMON,jamun,smirnoff jamun,False
2026-08-18 19:02:33,,llama.cpp,phone-gpu,qwen3-2b-q4,576,serial,606,adreno-ocl,adreno-ocl,4.6438179169999785,4.691525750000437,2874,1547,391.7,21.677866897897246,2,512,79.9,6,up_1787059948.jpg,What sauce is drizzled over the food in the wrapper? Answer briefly with just the fact.,chocolate,chocolate,chocolate sauce|chocolate syrup|chocolate ganache,True
2026-08-18 19:02:38,,llama.cpp,phone-gpu,qwen3-2b-q4,576,serial,607,adreno-ocl,adreno-ocl,4.733410124999864,4.838691083999947,2921,1588,382.3,24.572640821709108,4,512,84.5,6,up_1787059953.jpg,What brand name is printed at the top of the waffle packet? Answer briefly with just the fact.,XO Waffles,xo waffles,xo,True
2026-08-18 19:02:44,,llama.cpp,phone-gpu,qwen3-2b-q4,576,serial,568,adreno-ocl,adreno-ocl,5.34729066699947,5.5259763750000275,3143,1964,289.2,24.965256684447475,7,512,98.5,6,up_1787059958.jpg,What fruits are in the jar? Answer briefly with just the fact.,Mango and pomegranate,mango and pomegranate,"pomegranate and mango|mango, pomegranate",True
2026-08-18 19:03:22,,llama.cpp,phone-gpu,qwen3-2b-q4,576,serial,600,adreno-ocl,adreno-ocl,4.493607292000888,4.6005195420002565,2774,1340,447.7,19.809629460880934,3,512,70.7,6,up_1787059997.jpg,What brand is the excavator? Answer briefly with just the fact.,JCB,jcb,,True
2026-08-18 19:03:27,,llama.cpp,phone-gpu,qwen3-2b-q4,576,serial,604,adreno-ocl,adreno-ocl,4.986771541000053,5.0125980410011834,2777,1398,432.1,22.275187668456105,2,512,70.3,6,up_1787060002.jpeg,What utensil is resting in the bowl of soup? Answer briefly with just the fact.,spoon,spoon,a spoon|black spoon,True
2026-08-18 19:03:33,,llama.cpp,phone-gpu,qwen3-2b-q4,576,serial,607,adreno-ocl,adreno-ocl,5.010841666999113,5.055484917000285,2782,1411,430.2,24.968165588874186,2,512,70.5,6,up_1787060007.jpeg,What meat dish is in the top-right compartment of the meal tray? Answer briefly with just the fact.,Chicken,fried chicken,chicken fry|fried chicken pieces|chicken 65,False
2026-08-18 19:03:37,,llama.cpp,phone-gpu,qwen3-2b-q4,576,serial,570,adreno-ocl,adreno-ocl,4.408423625000069,4.439517167000304,2705,1536,371.0,18.1705854562634,2,559,96.1,6,up_1787060013.jpg,What food is on the round wooden board? Answer briefly with just the fact.,pizza,pizza,a pizza|chicken pizza,True
2026-08-18 19:04:17,,llama.cpp,phone-gpu,qwen3-2b-q4,576,serial,605,adreno-ocl,adreno-ocl,4.828763625000647,5.015743125000881,2769,1317,459.4,27.472527472527474,5,626,63.8,6,up_1787060052.jpeg,Which team is ranked number 1 in the overall ranking? Answer briefly with just the fact.,ORANGUTAN,orangutan,team orangutan,True
2026-08-18 19:04:22,,llama.cpp,phone-gpu,qwen3-2b-q4,576,serial,566,adreno-ocl,adreno-ocl,4.880568749998929,5.0078280409998115,2549,1347,420.3,24.312168240204223,4,690,74.0,6,up_1787060057.jpg,What type of vehicles fill the parking shed? Answer briefly with just the fact.,Bicycles,bicycles,cycles|bikes|bicycle,True
2026-08-18 19:04:28,,llama.cpp,phone-gpu,qwen3-2b-q4,576,serial,602,adreno-ocl,adreno-ocl,4.44625462499971,4.5743754579998495,2785,1430,421.1,25.387798623981315,6,758,72.2,6,up_1787060062.jpg,What two foods are in the white bowl? Answer briefly with just the fact.,hard boiled egg and almonds,boiled eggs and almonds,eggs and almonds|almonds and boiled eggs,False
2026-08-18 19:04:33,,llama.cpp,phone-gpu,qwen3-2b-q4,576,serial,572,adreno-ocl,adreno-ocl,4.135476166999069,4.262969957999303,2541,1394,410.2,24.328137924323276,4,817,72.1,6,up_1787060068.jpg,What does the white signboard on the building say? Answer briefly with just the fact.,PG GEMS,pg gents,pg for gents|gents pg,False
2026-08-18 19:05:42,,llama.cpp,phone-gpu,qwen3-2b-q4,576,serial,565,adreno-ocl,adreno-ocl,4.023665165999773,4.070948624999801,2547,1252,451.3,26.30678978244285,3,845,62.3,6,up_1787060138.jpg,What number is stamped on the key? Answer briefly with just the fact.,52,52,fifty two|fifty-two,True
2026-08-18 19:05:47,,llama.cpp,phone-gpu,qwen3-2b-q4,576,serial,571,adreno-ocl,adreno-ocl,4.046580374999394,4.160450875000606,2538,1350,423.0,25.968629895086735,4,867,69.9,6,up_1787060142.jpg,What bakery brand name is written on the box? Answer briefly with just the fact.,Theobroma,theobroma,,True
2026-08-18 19:05:52,,llama.cpp,phone-gpu,qwen3-2b-q4,576,serial,572,adreno-ocl,adreno-ocl,4.121247582999786,4.247611790999144,2551,1369,417.9,24.118469924268005,4,920,74.0,6,up_1787060147.jpg,What is painted on the compound wall behind the bikes? Answer briefly with just the fact.,NO PARKING,no parking,no-parking,True
2026-08-18 19:05:56,,llama.cpp,phone-gpu,qwen3-2b-q4,576,serial,570,adreno-ocl,adreno-ocl,4.09668395799963,4.316999374999796,2553,1370,416.0,26.80043059358487,7,946,75.7,6,up_1787060152.jpg,How much money was paid in this transaction? Answer briefly with just the fact.,"25,000","₹25,000","25000|rs 25000|25,000|twenty five thousand rupees",True
2026-08-18 19:06:36,,llama.cpp,phone-gpu,qwen3-2b-q4,576,serial,574,adreno-ocl,adreno-ocl,4.006520000000819,4.05285512500086,2543,1300,441.4,21.34927412467976,2,954,65.5,6,up_1787060191.jpg,What sport are the players painted on the flyover pillars playing? Answer briefly with just the fact.,Basketball,basketball,playing basketball,True
2026-08-18 19:06:40,,llama.cpp,phone-gpu,qwen3-2b-q4,576,serial,573,adreno-ocl,adreno-ocl,4.124546167000517,4.235200667000754,2543,1372,417.6,25.195898107788054,4,990,73.6,6,up_1787060196.jpg,What sport is the academy on the blue building banner for? Answer briefly with just the fact.,Badminton,badminton,badminton academy,True
2026-08-18 19:06:46,,llama.cpp,phone-gpu,qwen3-2b-q4,576,serial,589,adreno-ocl,adreno-ocl,4.286122999999861,4.417172125000434,2681,1389,424.1,25.724575544503516,4,1031,74.4,6,up_1787060200.jpg,What does the button to the right of Add Friend say? Answer briefly with just the fact.,Invite to Team,invite to team,x invite to team,True
2026-08-18 19:06:51,,llama.cpp,phone-gpu,qwen3-2b-q4,576,serial,601,adreno-ocl,adreno-ocl,4.858542792000662,4.960253500001272,2793,1420,423.3,23.681904656651852,4,1069,70.9,6,up_1787060206.jpeg,What snack is in the orange packet? Answer briefly with just the fact.,Chana Dal,masala chana dal,chana dal,True
2026-08-18 19:07:30,,llama.cpp,phone-gpu,qwen3-2b-q4,576,serial,568,adreno-ocl,adreno-ocl,4.577875417000541,4.703591917001177,2551,1291,439.9,24.226175575169783,4,1075,72.5,6,up_1787060245.jpg,What colour is the striped straw in the green drink? Answer briefly with just the fact.,Blue and white,blue and white,white and blue|blue-white,True
2026-08-18 19:07:36,,llama.cpp,phone-gpu,qwen3-2b-q4,576,serial,564,adreno-ocl,adreno-ocl,5.189334624999901,5.441056292000212,2562,1400,402.9,18.127435874195594,2,1075,77.1,6,up_1787060250.jpg,What type of building is shown? Answer briefly with just the fact.,Temple,temple,hindu temple|south indian temple|gopuram,True
2026-08-18 19:07:41,,llama.cpp,phone-gpu,qwen3-2b-q4,576,serial,572,adreno-ocl,adreno-ocl,5.112101583001277,5.331030708000981,2564,1379,414.8,27.387255796969143,7,1075,76.4,6,up_1787060256.jpg,What does the blue sign at the base of the tower say in English? Answer briefly with just the fact.,Raja Gopuram,raja gopuram,rajagopuram,True
2026-08-18 19:07:46,,llama.cpp,phone-gpu,qwen3-2b-q4,576,serial,592,adreno-ocl,adreno-ocl,4.48919824999939,4.807359042000826,2748,1485,398.7,27.944148960943394,10,1075,79.1,6,up_1787060261.jpg,What is the BTCUSD price shown at the top right of the screen? Answer briefly with just the fact.,"$64,161.5",$64161.5,"64161.5|64,161.5|$64,161.5",True
2026-08-18 19:08:27,,llama.cpp,phone-gpu,qwen3-2b-q4,576,serial,589,adreno-ocl,adreno-ocl,4.7325097499997355,4.809684457999538,2657,1325,444.6,26.42950590038719,3,1075,64.3,6,up_1787060302.jpg,How many players are remaining according to the top-left counter? Answer briefly with just the fact.,63,63,63 players|remaining 63,True
2026-08-18 19:08:32,,llama.cpp,phone-gpu,qwen3-2b-q4,576,serial,586,adreno-ocl,adreno-ocl,4.88429370799895,5.487441957999181,2656,1383,423.8,23.068886992113733,15,1075,69.0,6,up_1787060307.jpg,What warning is shown in the orange banner? Answer briefly with just the fact.,Restricting the Playzone in 500l Shooting Range,restricting the playzone in 50s,restricting the playzone in 50s!|restricting playzone in 50 seconds,False
2026-08-18 19:19:58,,llama.cpp,phone-gpu,qwen3-2b-q4,448,serial,447,adreno-ocl,adreno-ocl,6.027773750000051,6.237881584000206,4266,1061,421.2,29.184298847220198,7,825,61.1,6,up_1787060992.jpeg,What does the black tag on the shoe say? Answer briefly with just the fact.,CRAFTED FOR THE GAME,court conditioned,court-conditioned,False
2026-08-18 19:20:02,,llama.cpp,phone-gpu,qwen3-2b-q4,448,serial,446,adreno-ocl,adreno-ocl,3.4770009579988255,3.546104874998491,1815,990,450.5,28.451525713066363,3,825,66.7,6,up_1787060998.jpeg,What company name is on the office wall? Answer briefly with just the fact.,Arrowhead,arrowhead,,True
2026-08-18 19:20:05,,llama.cpp,phone-gpu,qwen3-2b-q4,448,serial,367,adreno-ocl,adreno-ocl,2.3798525420006627,2.6558864590006124,1331,865,424.5,27.28531572520959,9,825,65.3,6,up_1787061003.jpg,What is the license plate of the red car? Answer briefly with just the fact.,KA04AD9548,KA04AD9548,ka 04 ad 9548|KA-04-AD-9548,True
2026-08-18 19:20:10,,llama.cpp,phone-gpu,qwen3-2b-q4,448,serial,443,adreno-ocl,adreno-ocl,3.055793375000576,3.164904207998916,1800,1034,428.3,27.548715311575968,4,825,70.2,6,up_1787061005.jpg,What brand is the watch? Answer briefly with just the fact.,STIHL,titan,titan company,False
2026-08-18 19:20:50,,llama.cpp,phone-gpu,qwen3-2b-q4,448,serial,447,adreno-ocl,adreno-ocl,3.2353295409993734,3.277995624999676,1761,979,456.5,25.980774227071965,2,825,62.8,6,up_1787061045.jpeg,What flavour is the Smirnoff bottle? Answer briefly with just the fact.,Strawberry,jamun,smirnoff jamun,False
2026-08-18 19:20:55,,llama.cpp,phone-gpu,qwen3-2b-q4,448,serial,471,adreno-ocl,adreno-ocl,3.1112219170008757,3.149098292000417,1912,1044,451.0,25.481602283151563,2,825,67.1,6,up_1787061050.jpg,What sauce is drizzled over the food in the wrapper? Answer briefly with just the fact.,chocolate,chocolate,chocolate sauce|chocolate syrup|chocolate ganache,True
2026-08-18 19:20:59,,llama.cpp,phone-gpu,qwen3-2b-q4,448,serial,472,adreno-ocl,adreno-ocl,3.1087173750001966,3.2173681250005757,1922,1039,454.2,27.603466995454628,4,856,68.6,6,up_1787061055.jpg,What brand name is printed at the top of the waffle packet? Answer briefly with just the fact.,XO Waffles,xo waffles,xo,True
2026-08-18 19:21:03,,llama.cpp,phone-gpu,qwen3-2b-q4,448,serial,444,adreno-ocl,adreno-ocl,2.997980000000098,3.213804375000109,1816,1043,425.6,28.446534737960008,7,907,73.4,6,up_1787061059.jpg,What fruits are in the jar? Answer briefly with just the fact.,Mango and pomegranate,mango and pomegranate,"pomegranate and mango|mango, pomegranate",True
2026-08-18 19:21:40,,llama.cpp,phone-gpu,qwen3-2b-q4,448,serial,444,adreno-ocl,adreno-ocl,3.022086542001489,3.1202961670005607,1772,978,453.8,20.766922445928124,3,907,54.6,6,up_1787061096.jpg,What brand is the excavator? Answer briefly with just the fact.,JCB,jcb,,True
2026-08-18 19:21:44,,llama.cpp,phone-gpu,qwen3-2b-q4,448,serial,448,adreno-ocl,adreno-ocl,3.321117708001111,3.368808250001166,1792,998,449.1,22.455257898636965,2,1009,68.2,6,up_1787061100.jpeg,What utensil is resting in the bowl of soup? Answer briefly with just the fact.,spoon,spoon,a spoon|black spoon,True
2026-08-18 19:21:49,,llama.cpp,phone-gpu,qwen3-2b-q4,448,serial,451,adreno-ocl,adreno-ocl,3.310298917000182,3.364160125000126,1782,1023,440.8,17.69128704113224,2,1059,66.7,6,up_1787061104.jpeg,What meat dish is in the top-right compartment of the meal tray? Answer briefly with just the fact.,Chicken,fried chicken,chicken fry|fried chicken pieces|chicken 65,False
2026-08-18 19:21:54,,llama.cpp,phone-gpu,qwen3-2b-q4,448,serial,446,adreno-ocl,adreno-ocl,2.9750275000005786,3.0367983750002168,1772,1056,422.4,22.805017103762825,2,1104,66.3,6,up_1787061109.jpg,What food is on the round wooden board? Answer briefly with just the fact.,pizza,pizza,a pizza|chicken pizza,True
2026-08-18 19:23:05,,llama.cpp,phone-gpu,qwen3-2b-q4,448,serial,449,adreno-ocl,adreno-ocl,3.154901541000072,3.2899882910005545,1794,959,468.4,29.889334738132067,5,1155,65.1,6,up_1787061180.jpeg,Which team is ranked number 1 in the overall ranking? Answer briefly with just the fact.,ORANGUTAN,orangutan,team orangutan,True
2026-08-18 19:23:08,,llama.cpp,phone-gpu,qwen3-2b-q4,448,serial,458,adreno-ocl,adreno-ocl,3.011608625000008,3.1358052089999546,1816,991,462.0,29.11264653365422,4,1203,68.0,6,up_1787061185.jpg,What type of vehicles fill the parking shed? Answer briefly with just the fact.,Bicycles,bicycles,cycles|bikes|bicycle,True
2026-08-18 19:23:12,,llama.cpp,phone-gpu,qwen3-2b-q4,448,serial,467,adreno-ocl,adreno-ocl,3.1150007499982166,3.274914332998378,1918,1063,439.4,29.50078767103082,6,1253,71.3,6,up_1787061188.jpg,What two foods are in the white bowl? Answer briefly with just the fact.,hard boiled eggs and almonds,boiled eggs and almonds,eggs and almonds|almonds and boiled eggs,True
2026-08-18 19:23:16,,llama.cpp,phone-gpu,qwen3-2b-q4,448,serial,448,adreno-ocl,adreno-ocl,2.9940380829993956,3.107002165999802,1794,1031,434.3,26.507386725100726,4,1253,65.3,6,up_1787061192.jpg,What does the white signboard on the building say? Answer briefly with just the fact.,PG Firms,pg gents,pg for gents|gents pg,False
2026-08-18 19:23:55,,llama.cpp,phone-gpu,qwen3-2b-q4,448,serial,457,adreno-ocl,adreno-ocl,2.963707582999632,3.059721833000367,1807,969,471.8,20.43694181602665,3,1354,58.5,6,up_1787061230.jpg,What number is stamped on the key? Answer briefly with just the fact.,52,52,fifty two|fifty-two,True
2026-08-18 19:24:00,,llama.cpp,phone-gpu,qwen3-2b-q4,448,serial,447,adreno-ocl,adreno-ocl,2.9598716250002326,3.065245333000348,1787,1000,446.9,18.901983763195947,3,1404,65.9,6,up_1787061236.jpg,What bakery brand name is written on the box? Answer briefly with just the fact.,HCL,theobroma,,False
2026-08-18 19:24:05,,llama.cpp,phone-gpu,qwen3-2b-q4,448,serial,448,adreno-ocl,adreno-ocl,2.996752375000142,3.0673116670004674,1762,1046,428.4,25.34897083178423,4,1452,63.2,6,up_1787061240.jpg,What is painted on the compound wall behind the bikes? Answer briefly with just the fact.,NO PARKING,no parking,no-parking,True
2026-08-18 19:24:08,,llama.cpp,phone-gpu,qwen3-2b-q4,448,serial,446,adreno-ocl,adreno-ocl,2.951120790999994,3.1894043749998673,1792,1020,437.4,25.383609803150105,7,1452,63.8,6,up_1787061245.jpg,How much money was paid in this transaction? Answer briefly with just the fact.,"25,000","₹25,000","25000|rs 25000|25,000|twenty five thousand rupees",True
2026-08-18 19:24:45,,llama.cpp,phone-gpu,qwen3-2b-q4,448,serial,450,adreno-ocl,adreno-ocl,2.9258350420004717,2.955859292000241,1791,963,467.2,25.96391016487083,2,1502,56.9,6,up_1787061282.jpg,What sport are the players painted on the flyover pillars playing? Answer briefly with just the fact.,Basketball,basketball,playing basketball,True
2026-08-18 19:24:50,,llama.cpp,phone-gpu,qwen3-2b-q4,448,serial,449,adreno-ocl,adreno-ocl,3.002881083999455,3.0777472499994474,1782,1046,429.1,28.298149301035714,4,1597,77.5,6,up_1787061285.jpg,What sport is the academy on the blue building banner for? Answer briefly with just the fact.,Badminton,badminton,badminton academy,True
2026-08-18 19:24:54,,llama.cpp,phone-gpu,qwen3-2b-q4,448,serial,463,adreno-ocl,adreno-ocl,3.0796257500005595,3.1838792500002455,1894,1091,424.5,29.71150132216181,4,1597,83.7,6,up_1787061290.jpg,What does the button to the right of Add Friend say? Answer briefly with just the fact.,Invite to team,invite to team,x invite to team,True
2026-08-18 19:24:58,,llama.cpp,phone-gpu,qwen3-2b-q4,448,serial,445,adreno-ocl,adreno-ocl,3.4072669170000154,3.518689208000069,1816,1065,417.9,27.40802324200371,4,1597,78.4,6,up_1787061294.jpeg,What snack is in the orange packet? Answer briefly with just the fact.,Channa Dal,masala chana dal,chana dal,False
2026-08-18 19:25:37,,llama.cpp,phone-gpu,qwen3-2b-q4,448,serial,460,adreno-ocl,adreno-ocl,3.3734868749997986,3.491627208000864,1820,986,466.4,26.30148515719521,4,1597,65.1,6,up_1787061333.jpg,What colour is the striped straw in the green drink? Answer briefly with just the fact.,Blue and white,blue and white,white and blue|blue-white,True
2026-08-18 19:25:41,,llama.cpp,phone-gpu,qwen3-2b-q4,448,serial,456,adreno-ocl,adreno-ocl,3.983270459000778,4.028130250000686,1795,1025,444.7,25.787152840454883,2,1597,66.9,6,up_1787061337.jpg,What type of building is shown? Answer briefly with just the fact.,Temple,temple,hindu temple|south indian temple|gopuram,True
2026-08-18 19:25:46,,llama.cpp,phone-gpu,qwen3-2b-q4,448,serial,464,adreno-ocl,adreno-ocl,3.99153941700024,4.399628250001115,1779,1094,424.1,27.98964383178224,7,1597,78.7,6,up_1787061342.jpg,What does the blue sign at the base of the tower say in English? Answer briefly with just the fact.,Bala Gopuram,raja gopuram,rajagopuram,False
2026-08-18 19:25:51,,llama.cpp,phone-gpu,qwen3-2b-q4,448,serial,466,adreno-ocl,adreno-ocl,3.2475800000011077,3.622104500000205,1900,1099,424.0,27.951465076041963,11,1597,81.8,6,up_1787061346.jpg,What is the BTCUSD price shown at the top right of the screen? Answer briefly with just the fact.,"$64,161.15",$64161.5,"64161.5|64,161.5|$64,161.5",False
2026-08-18 19:26:31,,llama.cpp,phone-gpu,qwen3-2b-q4,448,serial,463,adreno-ocl,adreno-ocl,3.4376116250004998,3.532433750000564,1868,1025,451.7,21.12869488051723,3,1597,64.7,6,up_1787061386.jpg,How many players are remaining according to the top-left counter? Answer briefly with just the fact.,63,63,63 players|remaining 63,True
2026-08-18 19:26:36,,llama.cpp,phone-gpu,qwen3-2b-q4,448,serial,460,adreno-ocl,adreno-ocl,3.4624774579988298,3.9399470829994243,1880,1042,441.6,29.43699641709701,15,1597,70.5,6,up_1787061391.jpg,What warning is shown in the orange banner? Answer briefly with just the fact.,Restricting the Playzone in 50s! Shooting Range,restricting the playzone in 50s,restricting the playzone in 50s!|restricting playzone in 50 seconds,True
2026-08-18 19:27:10,,MNN,mnn-app-opencl,qwen3-2b-mnn4,,serial,,,,,18.567,,,255.5,22.6,,2500,,,p01_supplements.jpg,[backfill] in-app llm_bench PP128/TG128 (text-only),-,,,
2026-08-18 19:27:10,,MNN,mnn-app-cpu,qwen3-2b-mnn4,,serial,,,,,20.563,,,78.7,24.6,,4500,,,p01_supplements.jpg,[backfill] in-app llm_bench PP128/TG128 (text-only),-,,,
2026-08-18 19:27:10,,MNN,mnn-cli-opencl,qwen3-2b-mnn4,420,serial,,,,,7.5,,,,,,,,,p01_supplements.jpg,"[backfill] tablets Q, default 420px (cold e2e incl load)",1000,,,False
2026-08-18 19:27:10,,MNN,mnn-cli-opencl,qwen3-2b-mnn4,576,serial,,,,,8.3,,,,,,,,,p01_supplements.jpg,"[backfill] tablets Q, hw1148x1540 (cold e2e incl load)",500,,,False
2026-08-18 19:27:10,,MNN,mnn-cli-opencl,qwen3-2b-mnn4,576,serial,,,,,9.2,,,,,,,,,p01_supplements.jpg,[backfill] magnesium brand Q (cold e2e incl load),Nature's Answer,,,False
2026-08-18 19:28:01,,llama.cpp,phone-gpu,qwen3-2b-q4,320,serial,326,adreno-ocl,adreno-ocl,4.754219333000947,4.839135291000275,3507,769,424.2,21.49821027399469,3,823,59.2,6,up_1787061476.jpeg,What does the black tag on the shoe say? Answer briefly with just the fact.,Dots,court conditioned,court-conditioned,False
2026-08-18 19:28:06,,llama.cpp,phone-gpu,qwen3-2b-q4,320,serial,325,adreno-ocl,adreno-ocl,2.307891999998901,2.3914648339996347,1130,730,445.4,23.739717734756134,3,823,64.9,6,up_1787061481.jpeg,What company name is on the office wall? Answer briefly with just the fact.,Arrowhead,arrowhead,,True
2026-08-18 19:28:08,,llama.cpp,phone-gpu,qwen3-2b-q4,320,serial,331,adreno-ocl,adreno-ocl,2.0228262079999695,2.204945792000217,1127,731,453.0,30.00018750117188,9,823,61.1,6,up_1787061486.jpg,What is the license plate of the red car? Answer briefly with just the fact.,KA04AD9548,KA04AD9548,ka 04 ad 9548|KA-04-AD-9548,True
2026-08-18 19:28:10,,llama.cpp,phone-gpu,qwen3-2b-q4,320,serial,322,adreno-ocl,adreno-ocl,2.0507280829988304,2.0895019580002554,1125,779,413.1,25.18193951298129,2,823,69.6,6,up_1787061488.jpg,What brand is the watch? Answer briefly with just the fact.,Titan,titan,titan company,True
2026-08-18 19:28:48,,llama.cpp,phone-gpu,qwen3-2b-q4,320,serial,326,adreno-ocl,adreno-ocl,2.4285518750002666,2.4290027910010394,1120,737,442.2,29.709735880448022,2,823,54.6,6,up_1787061525.jpeg,What flavour is the Smirnoff bottle? Answer briefly with just the fact.,Cherry,jamun,smirnoff jamun,False
2026-08-18 19:28:50,,llama.cpp,phone-gpu,qwen3-2b-q4,320,serial,319,adreno-ocl,adreno-ocl,2.0492702910014486,2.0662119580010767,1097,722,442.0,24.616596509366616,2,823,61.9,6,up_1787061528.jpg,What sauce is drizzled over the food in the wrapper? Answer briefly with just the fact.,chocolate,chocolate,chocolate sauce|chocolate syrup|chocolate ganache,True
2026-08-18 19:28:52,,llama.cpp,phone-gpu,qwen3-2b-q4,320,serial,320,adreno-ocl,adreno-ocl,2.0139677499992104,2.1337230839999393,1096,776,412.5,25.022102857524143,4,823,67.6,6,up_1787061530.jpg,What brand name is printed at the top of the waffle packet? Answer briefly with just the fact.,XO Waffles,xo waffles,xo,True
2026-08-18 19:28:55,,llama.cpp,phone-gpu,qwen3-2b-q4,320,serial,323,adreno-ocl,adreno-ocl,2.0615991250015213,2.2710965420010325,1105,806,400.8,27.659711785803196,7,823,68.0,6,up_1787061532.jpg,What fruits are in the jar? Answer briefly with just the fact.,Mango and pomegranate,mango and pomegranate,"pomegranate and mango|mango, pomegranate",True
2026-08-18 19:29:32,,llama.cpp,phone-gpu,qwen3-2b-q4,320,serial,323,adreno-ocl,adreno-ocl,2.0322032080002828,2.0661144579989923,1128,732,441.5,20.515345478417856,2,823,56.5,6,up_1787061570.jpg,What brand is the excavator? Answer briefly with just the fact.,Jack,jcb,,False
2026-08-18 19:29:35,,llama.cpp,phone-gpu,qwen3-2b-q4,320,serial,327,adreno-ocl,adreno-ocl,2.3017697499999485,2.3506457089988544,1115,731,447.0,21.397239756071468,2,823,61.1,6,up_1787061572.jpeg,What utensil is resting in the bowl of soup? Answer briefly with just the fact.,fork,spoon,a spoon|black spoon,False
2026-08-18 19:29:37,,llama.cpp,phone-gpu,qwen3-2b-q4,320,serial,330,adreno-ocl,adreno-ocl,2.3887857499994425,2.4103339169996616,1096,782,422.2,26.936026936026938,2,835,68.2,6,up_1787061575.jpeg,What meat dish is in the top-right compartment of the meal tray? Answer briefly with just the fact.,curry,fried chicken,chicken fry|fried chicken pieces|chicken 65,False
2026-08-18 19:29:40,,llama.cpp,phone-gpu,qwen3-2b-q4,320,serial,325,adreno-ocl,adreno-ocl,2.066390832998877,2.1051313749994733,1121,780,416.7,26.29295611705624,2,872,67.2,6,up_1787061577.jpg,What food is on the round wooden board? Answer briefly with just the fact.,pizza,pizza,a pizza|chicken pizza,True
2026-08-18 19:30:18,,llama.cpp,phone-gpu,qwen3-2b-q4,320,serial,328,adreno-ocl,adreno-ocl,2.358817750000526,2.474830875000407,1136,751,436.8,28.9469113645574,5,903,54.9,6,up_1787061615.jpeg,Which team is ranked number 1 in the overall ranking? Answer briefly with just the fact.,ORANGUTAN,orangutan,team orangutan,True
2026-08-18 19:30:20,,llama.cpp,phone-gpu,qwen3-2b-q4,320,serial,326,adreno-ocl,adreno-ocl,2.1103162500003236,2.214445166000587,1103,744,438.1,28.896166441918705,4,942,60.7,6,up_1787061618.jpg,What type of vehicles fill the parking shed? Answer briefly with just the fact.,Bicycles,bicycles,cycles|bikes|bicycle,True
2026-08-18 19:30:23,,llama.cpp,phone-gpu,qwen3-2b-q4,320,serial,315,adreno-ocl,adreno-ocl,2.027324958000463,2.21866004200092,1106,736,428.2,26.656288485016496,6,976,67.2,6,up_1787061620.jpg,What two foods are in the white bowl? Answer briefly with just the fact.,hard boiled egg and almonds,boiled eggs and almonds,eggs and almonds|almonds and boiled eggs,False
2026-08-18 19:30:25,,llama.cpp,phone-gpu,qwen3-2b-q4,320,serial,327,adreno-ocl,adreno-ocl,2.105404500000077,2.3234840410004836,1135,782,418.4,26.536695827546858,7,1010,67.1,6,up_1787061623.jpg,What does the white signboard on the building say? Answer briefly with just the fact.,P.C. LINGA,pg gents,pg for gents|gents pg,False
2026-08-18 19:31:02,,llama.cpp,phone-gpu,qwen3-2b-q4,320,serial,325,adreno-ocl,adreno-ocl,2.001204707999932,2.096013165999466,1096,772,420.8,21.663778162911612,3,1046,56.1,6,up_1787061660.jpg,What number is stamped on the key? Answer briefly with just the fact.,52,52,fifty two|fifty-two,True
2026-08-18 19:31:04,,llama.cpp,phone-gpu,qwen3-2b-q4,320,serial,326,adreno-ocl,adreno-ocl,2.0453237919991807,2.1710214169997926,1131,735,443.8,27.972810428263728,5,1070,61.5,6,up_1787061662.jpg,What bakery brand name is written on the box? Answer briefly with just the fact.,Theobromes,theobroma,,False
2026-08-18 19:31:07,,llama.cpp,phone-gpu,qwen3-2b-q4,320,serial,327,adreno-ocl,adreno-ocl,2.0181405000002997,2.1333632089990715,1131,754,433.5,26.441036488630356,4,1102,67.6,6,up_1787061665.jpg,What is painted on the compound wall behind the bikes? Answer briefly with just the fact.,NO PARKING,no parking,no-parking,True
2026-08-18 19:31:09,,llama.cpp,phone-gpu,qwen3-2b-q4,320,serial,325,adreno-ocl,adreno-ocl,2.0815867080000316,2.2893841250006517,1103,792,410.3,27.322902056503757,7,1146,66.9,6,up_1787061667.jpg,How much money was paid in this transaction? Answer briefly with just the fact.,"25,000","₹25,000","25000|rs 25000|25,000|twenty five thousand rupees",True
2026-08-18 19:32:17,,llama.cpp,phone-gpu,qwen3-2b-q4,320,serial,329,adreno-ocl,adreno-ocl,1.9831584999992629,2.0207307079999737,1124,718,458.4,25.873890656938084,2,1164,58.1,6,up_1787061735.jpg,What sport are the players painted on the flyover pillars playing? Answer briefly with just the fact.,Basketball,basketball,playing basketball,True
2026-08-18 19:32:19,,llama.cpp,phone-gpu,qwen3-2b-q4,320,serial,328,adreno-ocl,adreno-ocl,2.0005940419996477,2.0488854169998376,1100,779,420.8,23.692752387044802,2,1164,63.0,6,up_1787061737.jpg,What sport is the academy on the blue building banner for? Answer briefly with just the fact.,Cricket,badminton,badminton academy,False
2026-08-18 19:32:21,,llama.cpp,phone-gpu,qwen3-2b-q4,320,serial,341,adreno-ocl,adreno-ocl,2.116229708000901,2.2321926670010726,1187,790,431.7,26.340743862606683,4,1164,69.0,6,up_1787061739.jpg,What does the button to the right of Add Friend say? Answer briefly with just the fact.,Invite to Team,invite to team,x invite to team,True
2026-08-18 19:32:24,,llama.cpp,phone-gpu,qwen3-2b-q4,320,serial,324,adreno-ocl,adreno-ocl,2.4388540419986384,2.535905124999772,1136,779,416.1,26.255218224622144,4,1164,73.3,6,up_1787061742.jpeg,What snack is in the orange packet? Answer briefly with just the fact.,Carra Day,masala chana dal,chana dal,False
2026-08-18 19:33:04,,llama.cpp,phone-gpu,qwen3-2b-q4,320,serial,328,adreno-ocl,adreno-ocl,2.5762789999989764,2.705840916998568,1105,768,427.3,23.02873986735446,4,1164,60.5,6,up_1787061780.jpg,What colour is the striped straw in the green drink? Answer briefly with just the fact.,Blue and white,blue and white,white and blue|blue-white,True
2026-08-18 19:33:10,,llama.cpp,phone-gpu,qwen3-2b-q4,320,serial,324,adreno-ocl,adreno-ocl,3.1082306670014077,3.1549169170011737,1129,728,445.1,19.70987070324819,2,1164,63.6,6,up_1787061784.jpg,What type of building is shown? Answer briefly with just the fact.,Temple,temple,hindu temple|south indian temple|gopuram,True
2026-08-18 19:33:15,,llama.cpp,phone-gpu,qwen3-2b-q4,320,serial,332,adreno-ocl,adreno-ocl,3.0401729170007457,3.273461667000447,1134,735,451.9,26.348609671696323,7,1164,67.1,6,up_1787061790.jpg,What does the blue sign at the base of the tower say in English? Answer briefly with just the fact.,Raja Gopuram,raja gopuram,rajagopuram,True
2026-08-18 19:33:19,,llama.cpp,phone-gpu,qwen3-2b-q4,320,serial,344,adreno-ocl,adreno-ocl,2.351477292000709,2.7083088750005118,1167,895,384.5,23.60513332966142,10,1164,70.7,6,up_1787061795.jpg,What is the BTCUSD price shown at the top right of the screen? Answer briefly with just the fact.,"$64,161.5",$64161.5,"64161.5|64,161.5|$64,161.5",True
2026-08-18 19:34:27,,llama.cpp,phone-gpu,qwen3-2b-q4,320,serial,341,adreno-ocl,adreno-ocl,2.493736082999021,2.556742667000435,1167,839,406.6,29.51376079096879,3,1164,57.6,6,up_1787061864.jpg,How many players are remaining according to the top-left counter? Answer briefly with just the fact.,83,63,63 players|remaining 63,False
2026-08-18 19:34:31,,llama.cpp,phone-gpu,qwen3-2b-q4,320,serial,338,adreno-ocl,adreno-ocl,2.428171833000306,2.9836102500012203,1178,775,435.9,27.54000616207638,17,1164,70.2,6,up_1787061867.jpg,What warning is shown in the orange banner? Answer briefly with just the fact.,Restricting the Playzone in 50s! Shifting Hanger,restricting the playzone in 50s,restricting the playzone in 50s!|restricting playzone in 50 seconds,True
2026-08-18 19:47:41,,MNN,mnn-cli-opencl,qwen3-2b-mnn4,,serial,1758,,,140.1,149.9,122350,17720,99.2,7.28,15,,,,p01_supplements.jpg,"[backfill] tablets Q — VISION-ENABLED build, hw1148x1540",120,,,True
2026-08-18 20:47:26,,LiteRT,litert-cli-cpu,gemma-3n-E2B-int4,,serial,19,,,,13.0,,,,7.58,4,,,,,[backfill] text-only CLI (capital of France),Paris,,,True
2026-08-18 20:47:26,,LiteRT,litert-cli-gpu,gemma-3n-E2B-int4,,serial,,,,,,,,,,,,,,,[backfill] GPU attempt,FAILED: accelerator libs not distributed,,,
2026-08-18 20:47:26,,LiteRT,litert-cli-npu,gemma-3n-E2B-int4,,serial,,,,,,,,,,,,,,,[backfill] NPU attempt w/ APK QNN libs,"FAILED: model bundle requires [cpu,gpu] — no public Qualcomm-compiled bundle",,,
2026-08-18 20:57:39,,LiteRT,litert-cli-cpu,gemma-3n-E2B-int4,,serial,81,,,3.63,8.8,,3496,23.17,7.29,38,,,,,"[backfill] 81-token text prompt, WARM (engine-reported)",(summary text),,,
2026-08-18 21:14:28,mac,llama.cpp,mac-metal,qwen3-2b-q4,576,serial,560,,,1.27,2.48,632,444,1261.3,97.9,119,,,,p01_supplements.jpg,Name all the visible supplements present in the image.,"Based on the image provided, here are the visible supplements and their names:

- **Organic Sorghum Powder** (in a green bag)
- **Creatine Monohydrate** (in a white container)
- **Vitamin D3+K2** (in an orange bottle)
- **Magnesium Glycinate** (in a blue bottle)
- **Multi-Vitamin 3** (in a black container)
- **Omega 3** (in a container with a yellow lid)
- **Slow Original Zinc Complex** (in a beig",,,
2026-08-18 21:20:46,mac,llama.cpp,mac-cpu,qwen3-2b-q4,576,serial,560,,,5.54,7.36,3923,1417,395.1,75.8,139,,,,p01_supplements.jpg,Name all the visible supplements present in the image.,"Based on the image provided, here are the visible supplements and nutritional products:

- **Creatine Monohydrate** (in a white container)
- **Vitamin D3+K2** (in a dark orange bottle)
- **Magnesium Glycinate** (in a blue and white bottle)
- **Multi-Vitamin 3** (in a black bottle)
- **Omega-3** (in a yellow container)
- **Slow** (in a beige container with a red cap)
- **Organic Amla Powder** (in a",,,
2026-08-18 21:21:42,mac,MNN,mac-mnn-metal,qwen3-2b-mnn4,618,serial,,,,0,,,,,,,,,,p01_supplements.jpg,Name all the visible supplements present in the image.,,,,
2026-08-18 21:23:16,mac,MNN,mac-mnn-metal,qwen3-2b-mnn4,608,serial,608,,,3.8,,3240,560,1082.7,84.94,180,,,,p01_supplements.jpg,Name all the visible supplements present in the image.,"[MetalAttention] flash-attn-prefill kernel active (seq=608, head_dim=128, group=2, mask=0, outC4=0, quant_k=0, quant_v=0). Based on the image, the visible supplements are: - **TATA VITAMIN D3 & B12** (in a black bottle with a yellow cap) - **MAGNESIUM** (in a black bottle with a white cap) - **VITAMIN C** (in a white bottle with a white cap) - **VITAMIN D3 & B12** (in a white bottle with a white c",,,
2026-08-18 21:35:23,phone,llama.cpp,phone-gpu,qwen3-2b-q4,576,serial,560,adreno-ocl,adreno-ocl,4.92,9.84,2540,1389,403.3,26.5,132,,,,p01_supplements.jpg,Name all the visible supplements present in the image.,"Based on the image provided, here are the visible supplements and their names:

- **Organic Sorghum Powder** (in a green bag)
- **Creatine Monohydrate** (in a white container)
- **Vitamin D3+K2** (in a dark orange bottle)
- **Magnesium Glycinate** (in a white bottle with a blue label)
- **Multi-Vitamin 3** (in a black container with a yellow lid)
- **Omega 3** (in a container with a yellow lid)
- ",,,
2026-08-18 21:41:45,phone,llama.cpp,phone-cpu,qwen3-2b-q4,576,serial,560,cpu,cpu,36.55,285.22,20749,14382,38.9,0.4,96,,,,p01_supplements.jpg,Name all the visible supplements present in the image.,"Based on the image provided, here are the visible supplements and nutritional products:

- **Organic Sorghum Powder** (in a green bag)
- **Creatine Monohydrate** (in a white container)
- **Vitamin D3+K2** (in an orange bottle)
- **Magnesium Glycinate** (in a blue bottle)
- **Multi-Vitamin 3** (in a black container)
- **Omega 3**",,,
2026-08-18 21:45:33,phone,llama.cpp,phone-gpu,qwen3-2b-q4,320,serial,320,adreno-ocl,adreno-ocl,2.97,8.42,1108,848,377.4,28.4,156,,,,p01_supplements.jpg,Name all the visible supplements present in the image.,"Based on the image provided, here are the visible supplements and their names:

- **Creatine Monohydrate** - in a white plastic bottle with a white cap.
- **Vitamin D3 2500 IU** - in a white plastic bottle with an orange cap.
- **Magnesium 500 mg** - in a blue plastic bottle with a white cap.
- **Multi-Vitamin** - in a black plastic bottle with a white cap.
- **Omega-3** - in a small, yellow plast",,,
2026-08-18 21:58:47,mac,llama.cpp,mac-metal,lfm2-450-q8,576,serial,2104,,,1.22,1.93,191,834,2523.5,252.9,180,,,,p01_supplements.jpg,Name all the visible supplements present in the image.,"The visible supplements in the image include:

1. Vitamin D3
2. Magnesium
3. Vitamin B12
4. Omega-3
5. Omega-6
6. Zinc
7. Creatine
8. Vitamin C
9. Vitamin E
10. Vitamin K
11. Calcium
12. Vitamin A
13. Vitamin D3
14. Vitamin B12
15. Vitamin C
16. Vitamin E
17. Vitamin K
18. Calcium
19. Vitamin D3
20. Vitamin B12
21. Vitamin C
22. Vitamin E
23. Vitamin K
24. Calcium
25. Vitamin D3
26. Vitamin B12
27",,,
2026-08-18 21:58:52,mac,llama.cpp,mac-metal,smol500-q8,576,serial,484,,,0.98,1.84,75,602,804.5,206.8,180,,,,p01_supplements.jpg,Name all the visible supplements present in the image.,"The visible supplements in the image include:
- Vitamin D3
- Magnesium
- Magnesium
- Vitamin C
- Vitamin B12
- Zinc
- Omega 3
- Krill oil
- Fish oil
- Niacin
- Fish oil
- Fish oil
- Fish oil
- Fish oil
- Fish oil
- Fish oil
- Fish oil
- Fish oil
- Fish oil
- Fish oil
- Fish oil
- Fish oil
- Fish oil
- Fish oil
- Fish oil
- Fish oil
- Fish oil
- Fish oil
- Fish oil
- Fish oil
- Fish oil
- Fish oil
",,,
2026-08-18 22:01:13,phone,llama.cpp,phone-gpu,lfm2-450-q8,576,serial,2104,cpu (op gap),adreno-ocl (1065 t/s),8.34,10.63,1604,5673,370.9,52.1,120,,,,p01_supplements.jpg,Name all the visible supplements present in the image.,"The visible supplements in the image include:

1. Microneed Creatine Monohydrate
2. Vitamin D3
3. Magnesium Glycinate
4. Multi-Vitamin
5. Omega-3
6. Slow Amla Powder
7. Organic Amla Powder
8. Organic Amla Powder (again)
9. Organic Amla Powder (again)
10. Organic Amla Powder (again)

These supplements are displayed alongside various other items on the kitchen counter, including protein powder, vita",,,
2026-08-18 22:02:24,phone,llama.cpp,phone-gpu,smol500-q8,576,serial,484,adreno-ocl,adreno-ocl (818 t/s),6.84,11.03,527,4794,101.0,42.5,180,,,,p01_supplements.jpg,Name all the visible supplements present in the image.,"The visible supplements in the image include:
- Vitamin D3
- Magnesium
- Magnesium
- Vitamin C
- Vitamin B12
- Zinc
- Omega 3
- Krill oil
- Fish oil
- Niacin
- Fish oil
- Fish oil
- Fish oil
- Fish oil
- Fish oil
- Fish oil
- Fish oil
- Fish oil
- Fish oil
- Fish oil
- Fish oil
- Fish oil
- Fish oil
- Fish oil
- Fish oil
- Fish oil
- Fish oil
- Fish oil
- Fish oil
- Fish oil
- Fish oil
- Fish oil
",,,
2026-08-18 22:04:16,mac,llama.cpp,mac-metal,lfm2-450-q8,,serial,255,,,0.14,,,,,257.0,74,,,,p01_1024.jpg,Name all the visible supplements present in the image.,"The visible supplements in the image are:

1. Creatine
2. Vitamin D3
3. Omega-3
4. Slimline
5. Slimline 3
6. Slimline 2
7. Slimline 1

These supplements are displayed among other items on what appears to be a kitchen countertop.",,,
2026-08-18 22:04:17,mac,llama.cpp,mac-metal,lfm2-450-q8,,serial,1798,,,0.88,,,,,250.7,91,,,,p01_1344.jpg,Name all the visible supplements present in the image.,"The visible supplements in the image include:

1. Microcene Monohydrate
2. Vitamin D3-K
3. Magnesium Glycinate
4. Multi-Vitamin
5. Omega-3
6. Slow Zinc Complex

These supplements are displayed among various other items on the black countertop, such as a bag of cornmeal, a bag of instant oatmeal, and a box of organic powder.",,,
2026-08-18 22:06:53,phone,llama.cpp,phone-gpu,lfm2-450-q8,,serial,255,cpu (op gap),adreno-ocl (1065 t/s),1.12,,618,,,69.3,74,,,,p01_1024.jpg,Name all the visible supplements present in the image.,"The visible supplements in the image are:

1. Creatine
2. Vitamin D3
3. Omega-3
4. Slimline
5. Slimline 3
6. Slimline 2
7. Slimline 1

These supplements are displayed among other items on what appears to be a kitchen countertop.",,,
2026-08-18 22:07:01,phone,llama.cpp,phone-gpu,lfm2-450-q8,,serial,1798,cpu (op gap),adreno-ocl (1065 t/s),5.96,,496,,,53.0,93,,,,p01_1344.jpg,Name all the visible supplements present in the image.,"The visible supplements in the image include:

1. Microcene Monohydrate
2. Vitamin D3-K
3. Magnesium Glycine
4. Multi-Vitamin
5. Omega-3
6. Slow Zinc Complex

These supplements are displayed among various other items on the black countertop, such as a bag of cornmeal, a bag of instant oatmeal, and a bag of instant oat milk.",,,
2026-08-18 22:07:29,mac,llama.cpp,mac-metal,smol500-q8,,serial,3356,,,5.11,,,,,184.6,180,,,,p01_supplements.jpg,Name all the visible supplements present in the image.,"The image shows a variety of supplements, each with a distinct color and label. The supplements are arranged in a somewhat haphazard manner, with some placed in front of others. Here is a detailed description of each item:

1. **Organic Amino Acids**: This supplement is prominently displayed in the center of the image. It is a black bottle with a yellow label. The label features the brand name ""Or",,,
2026-08-18 22:19:32,phone,llama.cpp,phone-gpu,qwen3-2b-q4,1024,serial,1035,adreno-ocl,adreno-ocl,14.965126375002,15.106857875001879,10800,3542,292.2,20.882494205107857,4,606,94.6,6,up_1787071756.jpeg,What does the black tag on the shoe say? Answer briefly with just the fact.,Court Conditioned,court conditioned,court-conditioned,True
2026-08-18 22:19:44,phone,llama.cpp,phone-gpu,qwen3-2b-q4,1024,serial,1034,adreno-ocl,adreno-ocl,11.233337208999728,11.234003584002494,7452,2887,358.1,20.246398671836246,3,606,88.8,6,up_1787071772.jpeg,What company name is on the office wall? Answer briefly with just the fact.,Arrowhead,arrowhead,,True
2026-08-18 22:19:48,phone,llama.cpp,phone-gpu,qwen3-2b-q4,1024,serial,367,adreno-ocl,adreno-ocl,2.523200999999972,2.800973082998098,1435,962,381.6,28.893696478941912,9,606,85.3,6,up_1787071784.jpg,What is the license plate of the red car? Answer briefly with just the fact.,KA04AD9548,KA04AD9548,ka 04 ad 9548|KA-04-AD-9548,True
2026-08-18 22:19:59,phone,llama.cpp,phone-gpu,qwen3-2b-q4,1024,serial,989,adreno-ocl,adreno-ocl,10.901657583999622,10.934374083997682,7550,3188,310.2,22.282632915905342,2,644,94.6,6,up_1787071788.jpg,What brand is the watch? Answer briefly with just the fact.,Titan,titan,titan company,True
2026-08-18 22:21:15,phone,llama.cpp,phone-gpu,qwen3-2b-q4,1024,serial,1035,adreno-ocl,adreno-ocl,10.098375334000593,10.098955292000028,6793,2577,401.6,20.751193193608632,2,644,80.6,6,up_1787071865.jpeg,What flavour is the Smirnoff bottle? Answer briefly with just the fact.,Tropical,jamun,smirnoff jamun,False
2026-08-18 22:21:27,phone,llama.cpp,phone-gpu,qwen3-2b-q4,1024,serial,1054,adreno-ocl,adreno-ocl,9.942355167000642,9.987119875000644,7133,2636,399.8,22.820109080121405,2,644,79.9,6,up_1787071875.jpg,What sauce is drizzled over the food in the wrapper? Answer briefly with just the fact.,Chocolate,chocolate,chocolate sauce|chocolate syrup|chocolate ganache,True
2026-08-18 22:21:40,phone,llama.cpp,phone-gpu,qwen3-2b-q4,1024,serial,1055,adreno-ocl,adreno-ocl,10.412333583000873,10.47759379100171,7241,2786,378.7,20.557097337855893,4,686,86.8,6,up_1787071887.jpg,What brand name is printed at the top of the waffle packet? Answer briefly with just the fact.,XO Waffles,xo waffles,xo,True
2026-08-18 22:21:49,phone,llama.cpp,phone-gpu,qwen3-2b-q4,1024,serial,990,adreno-ocl,adreno-ocl,9.292152666999755,9.534895249998954,6557,2557,387.2,25.084975354011714,7,730,77.9,6,up_1787071900.jpg,What fruits are in the jar? Answer briefly with just the fact.,Mango and pomegranate,mango and pomegranate,"pomegranate and mango|mango, pomegranate",True
2026-08-18 22:22:36,phone,llama.cpp,phone-gpu,qwen3-2b-q4,1024,serial,1032,adreno-ocl,adreno-ocl,9.531132708998484,9.627731917000347,6806,2519,409.8,21.063052246901098,3,730,76.9,6,up_1787071944.jpg,What brand is the excavator? Answer briefly with just the fact.,LVR,jcb,,False
2026-08-18 22:22:48,phone,llama.cpp,phone-gpu,qwen3-2b-q4,1024,serial,1036,adreno-ocl,adreno-ocl,10.715373666000232,10.767824624999776,7151,2767,374.5,19.377967251235347,2,730,87.6,6,up_1787071956.jpeg,What utensil is resting in the bowl of soup? Answer briefly with just the fact.,spoon,spoon,a spoon|black spoon,True
2026-08-18 22:22:59,phone,llama.cpp,phone-gpu,qwen3-2b-q4,1024,serial,1039,adreno-ocl,adreno-ocl,10.454474916998151,10.504154541999014,7143,2732,380.3,16.12487100103199,2,730,83.7,6,up_1787071968.jpeg,What meat dish is in the top-right compartment of the meal tray? Answer briefly with just the fact.,Chicken,fried chicken,chicken fry|fried chicken pieces|chicken 65,False
2026-08-18 22:23:12,phone,llama.cpp,phone-gpu,qwen3-2b-q4,1024,serial,992,adreno-ocl,adreno-ocl,11.120787291998568,11.188575249998394,7523,3341,296.9,13.814444383046913,2,730,79.9,6,up_1787071979.jpg,What food is on the round wooden board? Answer briefly with just the fact.,pizza,pizza,a pizza|chicken pizza,True
2026-08-18 22:24:01,phone,llama.cpp,phone-gpu,qwen3-2b-q4,1024,serial,1037,adreno-ocl,adreno-ocl,13.297152040999208,13.474845707998611,10028,2778,373.3,22.856881635638448,5,730,66.9,6,up_1787072028.jpeg,Which team is ranked number 1 in the overall ranking? Answer briefly with just the fact.,ORANGUTAN,orangutan,team orangutan,True
2026-08-18 22:24:11,phone,llama.cpp,phone-gpu,qwen3-2b-q4,1024,serial,998,adreno-ocl,adreno-ocl,9.44297262499822,9.57401737499822,6608,2517,396.5,22.407624567719576,4,730,76.8,6,up_1787072041.jpg,What type of vehicles fill the parking shed? Answer briefly with just the fact.,Bicycles,bicycles,cycles|bikes|bicycle,True
2026-08-18 22:24:22,phone,llama.cpp,phone-gpu,qwen3-2b-q4,1024,serial,1050,adreno-ocl,adreno-ocl,10.384697292000055,10.548962333999953,7219,2862,366.8,23.96288628172686,6,730,89.9,6,up_1787072051.jpg,What two foods are in the white bowl? Answer briefly with just the fact.,hard boiled eggs and almonds,boiled eggs and almonds,eggs and almonds|almonds and boiled eggs,True
2026-08-18 22:24:36,phone,llama.cpp,phone-gpu,qwen3-2b-q4,1024,serial,994,adreno-ocl,adreno-ocl,12.431348165999225,12.654046249997918,8809,3404,292.0,13.558218992353165,4,730,86.4,6,up_1787072062.jpg,What does the white signboard on the building say? Answer briefly with just the fact.,PG CENTRES,pg gents,pg for gents|gents pg,False
2026-08-18 22:25:25,phone,llama.cpp,phone-gpu,qwen3-2b-q4,1024,serial,997,adreno-ocl,adreno-ocl,13.732509833000222,13.843315582998912,9824,3571,279.2,13.114152137278944,3,730,61.2,6,up_1787072110.jpg,What number is stamped on the key? Answer briefly with just the fact.,52,52,fifty two|fifty-two,True
2026-08-18 22:25:38,phone,llama.cpp,phone-gpu,qwen3-2b-q4,1024,serial,993,adreno-ocl,adreno-ocl,13.202173208999739,13.397663249998004,9610,3344,296.9,14.477646513782718,4,730,74.4,6,up_1787072125.jpg,What bakery brand name is written on the box? Answer briefly with just the fact.,Theobroma,theobroma,,True
2026-08-18 22:25:52,phone,llama.cpp,phone-gpu,qwen3-2b-q4,1024,serial,994,adreno-ocl,adreno-ocl,13.25846383300086,13.478085874998214,9474,3541,280.7,13.658963011528165,4,730,70.9,6,up_1787072139.jpg,What is painted on the compound wall behind the bikes? Answer briefly with just the fact.,NO PARKING,no parking,no-parking,True
2026-08-18 22:26:06,phone,llama.cpp,phone-gpu,qwen3-2b-q4,1024,serial,992,adreno-ocl,adreno-ocl,13.172414290998859,13.634448124998016,9524,3425,289.6,13.617855732436368,7,730,68.6,6,up_1787072152.jpg,How much money was paid in this transaction? Answer briefly with just the fact.,"25,000","₹25,000","25000|rs 25000|25,000|twenty five thousand rupees",True
2026-08-18 22:27:27,phone,llama.cpp,phone-gpu,qwen3-2b-q4,1024,serial,996,adreno-ocl,adreno-ocl,13.243888166998659,13.289748207997036,9444,3499,284.7,13.654859764590219,2,730,62.4,6,up_1787072233.jpg,What sport are the players painted on the flyover pillars playing? Answer briefly with just the fact.,Basketball,basketball,playing basketball,True
2026-08-18 22:27:41,phone,llama.cpp,phone-gpu,qwen3-2b-q4,1024,serial,995,adreno-ocl,adreno-ocl,13.24970533299711,13.470060665997153,9534,3473,286.5,13.624411311894566,4,730,69.8,6,up_1787072247.jpg,What sport is the academy on the blue building banner for? Answer briefly with just the fact.,Badminton,badminton,badminton academy,True
2026-08-18 22:27:54,phone,llama.cpp,phone-gpu,qwen3-2b-q4,1024,serial,1016,adreno-ocl,adreno-ocl,13.445060458998341,13.460683375000372,9787,3298,308.1,17.703397281938404,4,730,72.1,6,up_1787072261.jpg,What does the button to the right of Add Friend say? Answer briefly with just the fact.,Invite to Team,invite to team,x invite to team,True
2026-08-18 22:28:09,phone,llama.cpp,phone-gpu,qwen3-2b-q4,1024,serial,1033,adreno-ocl,adreno-ocl,14.299000042003172,14.533249167001486,10143,3566,289.7,13.244448368725443,4,730,74.4,6,up_1787072274.jpeg,What snack is in the orange packet? Answer briefly with just the fact.,Chana Dal,masala chana dal,chana dal,True
2026-08-18 22:30:04,phone,llama.cpp,phone-gpu,qwen3-2b-q4,1024,serial,1000,adreno-ocl,adreno-ocl,16.07881708399873,16.247180750000553,10033,5275,189.6,17.52397864411136,4,730,96.1,6,up_1787072388.jpg,What colour is the striped straw in the green drink? Answer briefly with just the fact.,Blue and white,blue and white,white and blue|blue-white,True
2026-08-18 22:30:20,phone,llama.cpp,phone-gpu,qwen3-2b-q4,1024,serial,996,adreno-ocl,adreno-ocl,14.242370125000889,14.30826020799941,9571,3382,294.5,14.231836618515619,2,730,79.1,6,up_1787072404.jpg,What type of building is shown? Answer briefly with just the fact.,Temple,temple,hindu temple|south indian temple|gopuram,True
2026-08-18 22:30:35,phone,llama.cpp,phone-gpu,qwen3-2b-q4,1024,serial,1004,adreno-ocl,adreno-ocl,14.582264749999013,15.019644957999844,9541,3486,288.0,13.931651318630799,7,730,73.6,6,up_1787072420.jpg,What does the blue sign at the base of the tower say in English? Answer briefly with just the fact.,Raja Gopuram,raja gopuram,rajagopuram,True
2026-08-18 22:30:50,phone,llama.cpp,phone-gpu,qwen3-2b-q4,1024,serial,1019,adreno-ocl,adreno-ocl,13.603008542002499,14.135346500002925,9839,3454,295.0,17.287977364274973,10,730,75.2,6,up_1787072435.jpg,What is the BTCUSD price shown at the top right of the screen? Answer briefly with just the fact.,"$64,161.5",$64161.5,"64161.5|64,161.5|$64,161.5",True
2026-08-18 22:32:10,phone,llama.cpp,phone-gpu,qwen3-2b-q4,1024,serial,1016,adreno-ocl,adreno-ocl,14.232561332999467,14.356614791999164,9892,3511,289.4,13.63493816555542,3,730,67.1,6,up_1787072515.jpg,How many players are remaining according to the top-left counter? Answer briefly with just the fact.,63,63,63 players|remaining 63,True
2026-08-18 22:32:25,phone,llama.cpp,phone-gpu,qwen3-2b-q4,1024,serial,1013,adreno-ocl,adreno-ocl,13.85626591700202,14.745798957999796,9766,3498,289.6,13.878512130976144,13,730,70.2,6,up_1787072530.jpg,What warning is shown in the orange banner? Answer briefly with just the fact.,Restricting the Playzone in 50s!,restricting the playzone in 50s,restricting the playzone in 50s!|restricting playzone in 50 seconds,True
2026-08-18 22:34:01,phone,llama.cpp,phone-gpu,smol500-q8,320,serial,226,adreno-ocl,adreno-ocl (818 t/s),7.218833707996964,7.3103115419980895,1254,586,385.4,35.369433735365895,5,211,55.3,6,up_1787072633.jpeg,What does the black tag on the shoe say? Answer briefly with just the fact.,Can't see.,court conditioned,court-conditioned,False
2026-08-18 22:34:04,phone,llama.cpp,phone-gpu,smol500-q8,320,serial,225,adreno-ocl,adreno-ocl (818 t/s),2.536160125000606,2.729897041001095,1275,552,407.4,30.064036397526728,4,214,59.7,6,up_1787072641.jpeg,What company name is on the office wall? Answer briefly with just the fact.,Arrowhead.,arrowhead,,True
2026-08-18 22:34:07,phone,llama.cpp,phone-gpu,smol500-q8,320,serial,160,adreno-ocl,adreno-ocl (818 t/s),1.4113944999990053,1.594529458998295,829,398,402.4,45.49475546568937,10,231,59.2,6,up_1787072644.jpg,What is the license plate of the red car? Answer briefly with just the fact.,KA04AD9548.,KA04AD9548,ka 04 ad 9548|KA-04-AD-9548,True
2026-08-18 22:34:09,phone,llama.cpp,phone-gpu,smol500-q8,320,serial,223,adreno-ocl,adreno-ocl (818 t/s),2.0364574999985052,2.12765749999744,1295,496,450.0,36.092287980365796,5,231,62.6,6,up_1787072647.jpg,What brand is the watch? Answer briefly with just the fact.,Tissot.,titan,titan company,False
2026-08-18 22:35:27,phone,llama.cpp,phone-gpu,smol500-q8,320,serial,226,adreno-ocl,adreno-ocl (818 t/s),6.60837249999895,6.759087499998714,1251,585,386.1,35.45772375596576,6,231,53.1,6,up_1787072719.jpeg,What flavour is the Smirnoff bottle? Answer briefly with just the fact.,VANILLA.,jamun,smirnoff jamun,False
2026-08-18 22:35:32,phone,llama.cpp,phone-gpu,smol500-q8,320,serial,362,adreno-ocl,adreno-ocl (818 t/s),3.472580042001937,3.53075337500195,2051,962,376.2,34.843812609975785,3,266,57.0,6,up_1787072727.jpg,What sauce is drizzled over the food in the wrapper? Answer briefly with just the fact.,Chocolate.,chocolate,chocolate sauce|chocolate syrup|chocolate ganache,True
2026-08-18 22:35:37,phone,llama.cpp,phone-gpu,smol500-q8,320,serial,364,adreno-ocl,adreno-ocl (818 t/s),3.4490950830004294,3.5762508750012785,2081,959,379.6,40.2388578602585,6,266,56.1,6,up_1787072732.jpg,What brand name is printed at the top of the waffle packet? Answer briefly with just the fact.,No Waffles.,xo waffles,xo,False
2026-08-18 22:35:39,phone,llama.cpp,phone-gpu,smol500-q8,320,serial,224,adreno-ocl,adreno-ocl (818 t/s),2.0642594170021766,2.1331686250014172,1249,560,399.8,34.783415267600404,4,266,56.1,6,up_1787072737.jpg,What fruits are in the jar? Answer briefly with just the fact.,Pineapple.,mango and pomegranate,"pomegranate and mango|mango, pomegranate",False
2026-08-18 22:35:44,phone,llama.cpp,phone-gpu,smol500-q8,320,serial,224,adreno-ocl,adreno-ocl (818 t/s),2.205133624996961,2.262694291999651,1252,556,402.6,34.76265795282707,3,273,57.6,6,up_1787072742.jpg,What brand is the excavator? Answer briefly with just the fact.,SK.,jcb,,False
2026-08-18 22:35:47,phone,llama.cpp,phone-gpu,smol500-q8,320,serial,227,adreno-ocl,adreno-ocl (818 t/s),2.498615124997741,2.586218500000541,1244,573,396.2,44.78731623204308,5,277,60.5,6,up_1787072744.jpeg,What utensil is resting in the bowl of soup? Answer briefly with just the fact.,Chopsticks.,spoon,a spoon|black spoon,False
2026-08-18 22:35:50,phone,llama.cpp,phone-gpu,smol500-q8,320,serial,231,adreno-ocl,adreno-ocl (818 t/s),2.7039516669974546,2.772568083997612,1237,596,387.8,31.422331851246682,3,328,60.5,6,up_1787072747.jpeg,What meat dish is in the top-right compartment of the meal tray? Answer briefly with just the fact.,Lemon.,fried chicken,chicken fry|fried chicken pieces|chicken 65,False
2026-08-18 22:35:53,phone,llama.cpp,phone-gpu,smol500-q8,320,serial,226,adreno-ocl,adreno-ocl (818 t/s),2.0669217910035513,2.1569185410007776,1292,547,413.2,29.523490857558997,4,338,59.9,6,up_1787072750.jpg,What food is on the round wooden board? Answer briefly with just the fact.,Pizza.,pizza,a pizza|chicken pizza,True
2026-08-18 22:36:29,phone,llama.cpp,phone-gpu,smol500-q8,320,serial,228,adreno-ocl,adreno-ocl (818 t/s),2.4521729579973908,2.526259874997777,1229,593,384.7,41.19860474058612,4,338,53.0,6,up_1787072787.jpeg,Which team is ranked number 1 in the overall ranking? Answer briefly with just the fact.,Cleveland Indians.,orangutan,team orangutan,False
2026-08-18 22:36:32,phone,llama.cpp,phone-gpu,smol500-q8,320,serial,226,adreno-ocl,adreno-ocl (818 t/s),2.0790114169976732,2.1765309999973397,1245,563,401.6,34.15038120363018,5,352,55.3,6,up_1787072789.jpg,What type of vehicles fill the parking shed? Answer briefly with just the fact.,Bicycles.,bicycles,cycles|bikes|bicycle,True
2026-08-18 22:36:36,phone,llama.cpp,phone-gpu,smol500-q8,320,serial,358,adreno-ocl,adreno-ocl (818 t/s),3.0616497919982066,3.191521875000035,1862,787,455.0,38.557635954224374,6,352,60.1,6,up_1787072792.jpg,What two foods are in the white bowl? Answer briefly with just the fact.,Almonds and egg.,boiled eggs and almonds,eggs and almonds|almonds and boiled eggs,False
2026-08-18 22:36:38,phone,llama.cpp,phone-gpu,smol500-q8,320,serial,228,adreno-ocl,adreno-ocl (818 t/s),1.4483772499988845,1.5036661249978351,865,361,631.3,50.825921219822106,4,352,61.9,6,up_1787072797.jpg,What does the white signboard on the building say? Answer briefly with just the fact.,Pc.,pg gents,pg for gents|gents pg,False
2026-08-18 22:37:14,phone,llama.cpp,phone-gpu,smol500-q8,320,serial,225,adreno-ocl,adreno-ocl (818 t/s),1.460442083000089,1.526749791999464,830,394,571.0,62.29268216716242,5,352,56.1,6,up_1787072833.jpg,What number is stamped on the key? Answer briefly with just the fact.,52.,52,fifty two|fifty-two,True
2026-08-18 22:37:17,phone,llama.cpp,phone-gpu,smol500-q8,320,serial,227,adreno-ocl,adreno-ocl (818 t/s),1.4747970839998743,1.5975825420027832,816,426,533.1,49.15011263567479,7,353,59.2,6,up_1787072834.jpg,What bakery brand name is written on the box? Answer briefly with just the fact.,Dunkin Donuts.,theobroma,,False
2026-08-18 22:37:18,phone,llama.cpp,phone-gpu,smol500-q8,320,serial,227,adreno-ocl,adreno-ocl (818 t/s),1.4920362909979303,1.5570126659986272,815,419,542.1,45.74565416285453,4,362,60.7,6,up_1787072837.jpg,What is painted on the compound wall behind the bikes? Answer briefly with just the fact.,No parking.,no parking,no-parking,True
2026-08-18 22:37:20,phone,llama.cpp,phone-gpu,smol500-q8,320,serial,226,adreno-ocl,adreno-ocl (818 t/s),1.4769015419988136,1.6307918749989767,828,420,537.8,53.12120266402832,9,371,63.0,6,up_1787072839.jpg,How much money was paid in this transaction? Answer briefly with just the fact.,"25,000.","₹25,000","25000|rs 25000|25,000|twenty five thousand rupees",True
2026-08-18 22:37:56,phone,llama.cpp,phone-gpu,smol500-q8,320,serial,230,adreno-ocl,adreno-ocl (818 t/s),1.5025391660019523,1.5656984580018616,824,417,550.9,39.90900746298439,4,380,54.2,6,up_1787072874.jpg,What sport are the players painted on the flyover pillars playing? Answer briefly with just the fact.,Basketball.,basketball,playing basketball,True
2026-08-18 22:37:58,phone,llama.cpp,phone-gpu,smol500-q8,320,serial,229,adreno-ocl,adreno-ocl (818 t/s),1.4531976250000298,1.515796917003172,860,375,610.2,49.12878291628455,4,389,57.3,6,up_1787072876.jpg,What sport is the academy on the blue building banner for? Answer briefly with just the fact.,Cricket.,badminton,badminton academy,False
2026-08-18 22:38:00,phone,llama.cpp,phone-gpu,smol500-q8,320,serial,294,adreno-ocl,adreno-ocl (818 t/s),1.9693155410022882,1.9901426659998833,1117,516,569.8,59.97810799058343,5,399,64.2,6,up_1787072878.jpg,What does the button to the right of Add Friend say? Answer briefly with just the fact.,Play and Theme.,invite to team,x invite to team,False
2026-08-18 22:38:02,phone,llama.cpp,phone-gpu,smol500-q8,320,serial,224,adreno-ocl,adreno-ocl (818 t/s),2.175560708001285,2.229097625000577,849,390,574.6,41.347373063564696,4,410,68.6,6,up_1787072880.jpeg,What snack is in the orange packet? Answer briefly with just the fact.,Noodles.,masala chana dal,chana dal,False
2026-08-18 22:38:42,phone,llama.cpp,phone-gpu,smol500-q8,320,serial,228,adreno-ocl,adreno-ocl (818 t/s),4.413318041999446,4.487986332998844,838,383,594.6,38.45968943800779,5,458,53.8,6,up_1787072918.jpg,What colour is the striped straw in the green drink? Answer briefly with just the fact.,Blue and white.,blue and white,white and blue|blue-white,True
2026-08-18 22:38:47,phone,llama.cpp,phone-gpu,smol500-q8,320,serial,224,adreno-ocl,adreno-ocl (818 t/s),3.2488127080032427,3.2893591669999296,840,399,560.7,46.241705394094936,3,517,58.9,6,up_1787072923.jpg,What type of building is shown? Answer briefly with just the fact.,Temple.,temple,hindu temple|south indian temple|gopuram,True
2026-08-18 22:38:53,phone,llama.cpp,phone-gpu,smol500-q8,320,serial,232,adreno-ocl,adreno-ocl (818 t/s),2.6104393340028764,2.66719566699976,829,423,548.8,59.12961210974457,4,528,58.3,6,up_1787072928.jpg,What does the blue sign at the base of the tower say in English? Answer briefly with just the fact.,Hotel Al.,raja gopuram,rajagopuram,False
2026-08-18 22:38:55,phone,llama.cpp,phone-gpu,smol500-q8,320,serial,300,adreno-ocl,adreno-ocl (818 t/s),2.116341665998334,2.1996855409997806,1108,533,563.1,53.07198330001593,10,528,58.0,6,up_1787072933.jpg,What is the BTCUSD price shown at the top right of the screen? Answer briefly with just the fact.,64847.0.,$64161.5,"64161.5|64,161.5|$64,161.5",False
2026-08-18 22:39:31,phone,llama.cpp,phone-gpu,smol500-q8,320,serial,295,adreno-ocl,adreno-ocl (818 t/s),2.257545249998657,2.3484775840006478,1115,540,546.2,43.746445601294894,5,528,54.6,6,up_1787072969.jpg,How many players are remaining according to the top-left counter? Answer briefly with just the fact.,63.,63,63 players|remaining 63,True
2026-08-18 22:39:37,phone,llama.cpp,phone-gpu,smol500-q8,320,serial,291,adreno-ocl,adreno-ocl (818 t/s),2.6086813750007423,2.772991791000095,1147,486,599.2,57.20942811375314,12,528,58.5,6,up_1787072971.jpg,What warning is shown in the orange banner? Answer briefly with just the fact.,Restricting the play queue in 50 minutes.,restricting the playzone in 50s,restricting the playzone in 50s!|restricting playzone in 50 seconds,False
2026-08-18 22:39:50,phone,llama.cpp,phone-gpu,smol500-q8,576,serial,623,adreno-ocl,adreno-ocl (818 t/s),4.585135458000877,4.643364125000517,2505,1205,517.1,47.834683334396324,4,233,64.3,6,up_1787072985.jpeg,What does the black tag on the shoe say? Answer briefly with just the fact.,Podium.,court conditioned,court-conditioned,False
2026-08-18 22:39:55,phone,llama.cpp,phone-gpu,smol500-q8,576,serial,622,adreno-ocl,adreno-ocl (818 t/s),4.900057375001779,4.962833333000162,2529,1163,535.0,49.63271788763153,4,269,67.6,6,up_1787072990.jpeg,What company name is on the office wall? Answer briefly with just the fact.,Arrowhead.,arrowhead,,True
2026-08-18 22:39:57,phone,llama.cpp,phone-gpu,smol500-q8,576,serial,160,adreno-ocl,adreno-ocl (818 t/s),0.9957700839986501,1.1282905420011957,552,293,545.7,68.88897393700486,10,269,66.9,6,up_1787072995.jpg,What is the license plate of the red car? Answer briefly with just the fact.,KA04AD9548.,KA04AD9548,ka 04 ad 9548|KA-04-AD-9548,True
2026-08-18 22:40:02,phone,llama.cpp,phone-gpu,smol500-q8,576,serial,488,adreno-ocl,adreno-ocl (818 t/s),3.448999874999572,3.4495082089997595,1929,942,518.0,48.70564741981833,5,279,68.6,6,up_1787072997.jpg,What brand is the watch? Answer briefly with just the fact.,TITAN.,titan,titan company,True
2026-08-18 22:40:42,phone,llama.cpp,phone-gpu,smol500-q8,576,serial,623,adreno-ocl,adreno-ocl (818 t/s),4.711578999998892,4.771917583999311,2522,1183,526.6,56.469259546834195,5,343,61.9,6,up_1787073037.jpeg,What flavour is the Smirnoff bottle? Answer briefly with just the fact.,Vodka.,jamun,smirnoff jamun,False
2026-08-18 22:40:46,phone,llama.cpp,phone-gpu,smol500-q8,576,serial,693,adreno-ocl,adreno-ocl (818 t/s),4.309850875000848,4.3498249590011255,2779,1348,514.2,46.65920119447556,3,346,68.4,6,up_1787073042.jpg,What sauce is drizzled over the food in the wrapper? Answer briefly with just the fact.,Chocolate.,chocolate,chocolate sauce|chocolate syrup|chocolate ganache,True
2026-08-18 22:40:51,phone,llama.cpp,phone-gpu,smol500-q8,576,serial,695,adreno-ocl,adreno-ocl (818 t/s),4.300771750000422,4.412239541001327,2827,1290,538.6,56.46846236376983,7,374,71.1,6,up_1787073046.jpg,What brand name is printed at the top of the waffle packet? Answer briefly with just the fact.,XO Waffles.,xo waffles,xo,True
2026-08-18 22:40:56,phone,llama.cpp,phone-gpu,smol500-q8,576,serial,489,adreno-ocl,adreno-ocl (818 t/s),3.3453016669991484,3.411817708001763,1933,929,526.3,69.28726500069287,4,391,74.0,6,up_1787073051.jpg,What fruits are in the jar? Answer briefly with just the fact.,Pineapple.,mango and pomegranate,"pomegranate and mango|mango, pomegranate",False
2026-08-18 22:41:36,phone,llama.cpp,phone-gpu,smol500-q8,576,serial,489,adreno-ocl,adreno-ocl (818 t/s),4.730187167002441,4.830983209001715,2968,1263,387.1,40.82132506021146,5,403,56.1,6,up_1787073091.jpg,What brand is the excavator? Answer briefly with just the fact.,Teka.,jcb,,False
2026-08-18 22:41:44,phone,llama.cpp,phone-gpu,smol500-q8,576,serial,624,adreno-ocl,adreno-ocl (818 t/s),6.374599749997287,6.459817083999951,3812,1602,389.5,43.69769931613101,5,464,60.8,6,up_1787073096.jpeg,What utensil is resting in the bowl of soup? Answer briefly with just the fact.,Chopsticks.,spoon,a spoon|black spoon,False
2026-08-18 22:41:51,phone,llama.cpp,phone-gpu,smol500-q8,576,serial,628,adreno-ocl,adreno-ocl (818 t/s),6.5076882089997525,6.564340000000811,3776,1630,385.3,37.88309277569421,3,491,62.3,6,up_1787073104.jpeg,What meat dish is in the top-right compartment of the meal tray? Answer briefly with just the fact.,Lemon.,fried chicken,chicken fry|fried chicken pieces|chicken 65,False
2026-08-18 22:41:56,phone,llama.cpp,phone-gpu,smol500-q8,576,serial,491,adreno-ocl,adreno-ocl (818 t/s),4.695519832999707,4.776412374998472,2970,1224,401.3,35.41410898101804,4,491,61.6,6,up_1787073111.jpg,What food is on the round wooden board? Answer briefly with just the fact.,Pizza.,pizza,a pizza|chicken pizza,True
2026-08-18 22:42:38,phone,llama.cpp,phone-gpu,smol500-q8,576,serial,625,adreno-ocl,adreno-ocl (818 t/s),6.559144791001017,6.683838958000706,3740,1699,367.8,36.940990461836265,6,529,56.5,6,up_1787073150.jpeg,Which team is ranked number 1 in the overall ranking? Answer briefly with just the fact.,BRAVES.,orangutan,team orangutan,False
2026-08-18 22:42:44,phone,llama.cpp,phone-gpu,smol500-q8,576,serial,491,adreno-ocl,adreno-ocl (818 t/s),4.744048124997789,4.839114374997735,2907,1296,378.7,40.98906616660006,5,529,58.5,6,up_1787073159.jpg,What type of vehicles fill the parking shed? Answer briefly with just the fact.,Bicycles.,bicycles,cycles|bikes|bicycle,True
2026-08-18 22:42:48,phone,llama.cpp,phone-gpu,smol500-q8,576,serial,689,adreno-ocl,adreno-ocl (818 t/s),4.392275999998674,4.478077666997706,2872,1345,512.3,49.846100165738285,5,553,65.1,6,up_1787073164.jpg,What two foods are in the white bowl? Answer briefly with just the fact.,Egg and almonds.,boiled eggs and almonds,eggs and almonds|almonds and boiled eggs,False
2026-08-18 22:42:53,phone,llama.cpp,phone-gpu,smol500-q8,576,serial,493,adreno-ocl,adreno-ocl (818 t/s),3.3497042909984884,3.403833082997153,1982,892,552.8,47.911842210332985,4,570,69.4,6,up_1787073168.jpg,What does the white signboard on the building say? Answer briefly with just the fact.,No sign.,pg gents,pg for gents|gents pg,False
2026-08-18 22:43:33,phone,llama.cpp,phone-gpu,smol500-q8,576,serial,490,adreno-ocl,adreno-ocl (818 t/s),3.3296247079997556,3.4090559579999535,1921,944,519.3,48.97159647404505,5,582,60.5,6,up_1787073208.jpg,What number is stamped on the key? Answer briefly with just the fact.,52.,52,fifty two|fifty-two,True
2026-08-18 22:43:37,phone,llama.cpp,phone-gpu,smol500-q8,576,serial,492,adreno-ocl,adreno-ocl (818 t/s),3.3585550829993736,3.422963458000595,1933,954,515.8,46.719511625371815,4,599,64.0,6,up_1787073213.jpg,What bakery brand name is written on the box? Answer briefly with just the fact.,KFC.,theobroma,,False
2026-08-18 22:43:42,phone,llama.cpp,phone-gpu,smol500-q8,576,serial,492,adreno-ocl,adreno-ocl (818 t/s),3.307528290999471,3.4118215829985274,1959,890,552.6,54.366145114114545,6,619,69.4,6,up_1787073217.jpg,What is painted on the compound wall behind the bikes? Answer briefly with just the fact.,T587.,no parking,no-parking,False
2026-08-18 22:43:47,phone,llama.cpp,phone-gpu,smol500-q8,576,serial,491,adreno-ocl,adreno-ocl (818 t/s),3.4192032079990895,3.537586916998407,1928,944,520.2,55.00247511138001,9,638,67.8,6,up_1787073222.jpg,How much money was paid in this transaction? Answer briefly with just the fact.,"25,000.","₹25,000","25000|rs 25000|25,000|twenty five thousand rupees",True
2026-08-18 22:44:27,phone,llama.cpp,phone-gpu,smol500-q8,576,serial,495,adreno-ocl,adreno-ocl (818 t/s),3.3307900839972717,3.379865291997703,1932,919,538.4,49.5785820525533,4,658,68.8,6,up_1787073262.jpg,What sport are the players painted on the flyover pillars playing? Answer briefly with just the fact.,Basketball.,basketball,playing basketball,True
2026-08-18 22:44:31,phone,llama.cpp,phone-gpu,smol500-q8,576,serial,494,adreno-ocl,adreno-ocl (818 t/s),3.4529569999976957,3.525176166000165,2049,897,550.8,58.845452227300356,4,677,70.2,6,up_1787073267.jpg,What sport is the academy on the blue building banner for? Answer briefly with just the fact.,Basketball.,badminton,badminton academy,False
2026-08-18 22:44:33,phone,llama.cpp,phone-gpu,smol500-q8,576,serial,294,adreno-ocl,adreno-ocl (818 t/s),1.9097894170008658,1.9825513340001635,1133,528,556.8,53.21200995064586,5,677,66.9,6,up_1787073271.jpg,What does the button to the right of Add Friend say? Answer briefly with just the fact.,Play and Theme.,invite to team,x invite to team,False
2026-08-18 22:44:38,phone,llama.cpp,phone-gpu,smol500-q8,576,serial,621,adreno-ocl,adreno-ocl (818 t/s),4.816050165998604,4.880472541000927,2597,1127,550.8,49.6007142502852,5,750,70.5,6,up_1787073273.jpeg,What snack is in the orange packet? Answer briefly with just the fact.,Crackers.,masala chana dal,chana dal,False
2026-08-18 22:45:17,phone,llama.cpp,phone-gpu,smol500-q8,576,serial,493,adreno-ocl,adreno-ocl (818 t/s),4.234677374999592,4.304917249999562,1988,973,506.6,57.85781442106024,5,796,62.0,6,up_1787073312.jpg,What colour is the striped straw in the green drink? Answer briefly with just the fact.,Blue and white.,blue and white,white and blue|blue-white,True
2026-08-18 22:45:22,phone,llama.cpp,phone-gpu,smol500-q8,576,serial,489,adreno-ocl,adreno-ocl (818 t/s),4.564484124999581,4.628490875002171,1958,978,499.8,48.15022871358639,4,829,65.3,6,up_1787073317.jpg,What type of building is shown? Answer briefly with just the fact.,TEMPLE.,temple,hindu temple|south indian temple|gopuram,True
2026-08-18 22:45:27,phone,llama.cpp,phone-gpu,smol500-q8,576,serial,497,adreno-ocl,adreno-ocl (818 t/s),4.801997124999616,4.871278709000762,1987,952,522.0,53.3657797274076,6,850,66.9,6,up_1787073322.jpg,What does the blue sign at the base of the tower say in English? Answer briefly with just the fact.,Raja Goram.,raja gopuram,rajagopuram,False
2026-08-18 22:45:32,phone,llama.cpp,phone-gpu,smol500-q8,576,serial,631,adreno-ocl,adreno-ocl (818 t/s),4.782506291001482,4.971775624999282,2544,1242,508.0,54.51730379222365,11,850,70.5,6,up_1787073327.jpg,What is the BTCUSD price shown at the top right of the screen? Answer briefly with just the fact.,"64,847.0.",$64161.5,"64161.5|64,161.5|$64,161.5",False
2026-08-18 22:46:47,phone,llama.cpp,phone-gpu,smol500-q8,576,serial,626,adreno-ocl,adreno-ocl (818 t/s),6.769395166997128,6.8408764579980925,3916,1661,376.9,33.328519213891326,4,850,57.0,6,up_1787073399.jpg,How many players are remaining according to the top-left counter? Answer briefly with just the fact.,0.,63,63 players|remaining 63,False
2026-08-18 22:46:56,phone,llama.cpp,phone-gpu,smol500-q8,576,serial,622,adreno-ocl,adreno-ocl (818 t/s),6.809935749999568,7.055982249999943,3843,1676,371.2,44.45917435271484,12,867,62.8,6,up_1787073407.jpg,What warning is shown in the orange banner? Answer briefly with just the fact.,Restricting the playzone in 50s.,restricting the playzone in 50s,restricting the playzone in 50s!|restricting playzone in 50 seconds,True
2026-08-18 22:47:31,phone,llama.cpp,phone-gpu,smol500-q8,0,serial,2273,adreno-ocl,adreno-ocl (818 t/s),25.417151667003054,25.519315334000567,15207,7141,318.3,28.735356941025472,4,372,61.9,6,up_1787073425.jpeg,What does the black tag on the shoe say? Answer briefly with just the fact.,Overdrive.,court conditioned,court-conditioned,False
2026-08-18 22:47:57,phone,llama.cpp,phone-gpu,smol500-q8,0,serial,2272,adreno-ocl,adreno-ocl (818 t/s),25.566821208001784,25.70472412500021,15313,7003,324.4,27.70185417743961,4,540,63.0,6,up_1787073451.jpeg,What company name is on the office wall? Answer briefly with just the fact.,Arrowhead.,arrowhead,,True
2026-08-18 22:47:59,phone,llama.cpp,phone-gpu,smol500-q8,0,serial,160,adreno-ocl,adreno-ocl (818 t/s),1.5096742089990585,1.7583365840000624,862,392,408.4,36.2702861725579,10,540,62.6,6,up_1787073477.jpg,What is the license plate of the red car? Answer briefly with just the fact.,KA04AD9548.,KA04AD9548,ka 04 ad 9548|KA-04-AD-9548,True
2026-08-18 22:48:04,phone,llama.cpp,phone-gpu,smol500-q8,0,serial,488,adreno-ocl,adreno-ocl (818 t/s),4.792707666998467,4.894538000000466,2976,1254,389.2,37.775049579752576,5,540,62.4,6,up_1787073479.jpg,What brand is the watch? Answer briefly with just the fact.,TITAN.,titan,titan company,True
2026-08-18 22:49:04,phone,llama.cpp,phone-gpu,smol500-q8,0,serial,2273,adreno-ocl,adreno-ocl (818 t/s),25.337994999998045,25.488591166998958,15080,7098,320.2,24.56248081056187,5,677,60.7,6,up_1787073518.jpeg,What flavour is the Smirnoff bottle? Answer briefly with just the fact.,Vodka.,jamun,smirnoff jamun,False
2026-08-18 22:49:12,phone,llama.cpp,phone-gpu,smol500-q8,0,serial,693,adreno-ocl,adreno-ocl (818 t/s),6.48929324999699,6.551266624999698,4370,1871,370.3,32.90880968835357,3,677,61.9,6,up_1787073544.jpg,What sauce is drizzled over the food in the wrapper? Answer briefly with just the fact.,Chocolate.,chocolate,chocolate sauce|chocolate syrup|chocolate ganache,True
2026-08-18 22:49:20,phone,llama.cpp,phone-gpu,smol500-q8,0,serial,695,adreno-ocl,adreno-ocl (818 t/s),6.436922583001433,6.592924791002588,4330,1902,365.3,36.81749567394425,7,677,62.8,6,up_1787073552.jpg,What brand name is printed at the top of the waffle packet? Answer briefly with just the fact.,XO Waffles.,xo waffles,xo,True
2026-08-18 22:49:25,phone,llama.cpp,phone-gpu,smol500-q8,0,serial,489,adreno-ocl,adreno-ocl (818 t/s),4.839546667000832,4.944873459000519,3002,1302,375.6,29.009892373299294,4,677,62.4,6,up_1787073560.jpg,What fruits are in the jar? Answer briefly with just the fact.,Pineapple.,mango and pomegranate,"pomegranate and mango|mango, pomegranate",False
2026-08-18 22:50:04,phone,llama.cpp,phone-gpu,smol500-q8,0,serial,489,adreno-ocl,adreno-ocl (818 t/s),4.927915500000381,5.029580667000118,3016,1279,382.2,32.04537625277393,5,677,57.6,6,up_1787073599.jpg,What brand is the excavator? Answer briefly with just the fact.,Teka.,jcb,,False
2026-08-18 22:50:32,phone,llama.cpp,phone-gpu,smol500-q8,0,serial,2274,adreno-ocl,adreno-ocl (818 t/s),25.491990707996592,25.653064499998436,15378,6984,325.6,25.18019577602216,5,859,62.0,6,up_1787073604.jpeg,What utensil is resting in the bowl of soup? Answer briefly with just the fact.,Chopsticks.,spoon,a spoon|black spoon,False
2026-08-18 22:50:59,phone,llama.cpp,phone-gpu,smol500-q8,0,serial,2278,adreno-ocl,adreno-ocl (818 t/s),25.325232125000184,25.418787750000774,15157,7031,324.0,20.82053737806973,3,959,66.1,6,up_1787073632.jpeg,What meat dish is in the top-right compartment of the meal tray? Answer briefly with just the fact.,Lemon.,fried chicken,chicken fry|fried chicken pieces|chicken 65,False
2026-08-18 22:51:05,phone,llama.cpp,phone-gpu,smol500-q8,0,serial,491,adreno-ocl,adreno-ocl (818 t/s),4.9196142079999845,5.000124582998978,3007,1298,378.2,33.25610526665854,4,959,61.5,6,up_1787073660.jpg,What food is on the round wooden board? Answer briefly with just the fact.,Pizza.,pizza,a pizza|chicken pizza,True
2026-08-18 22:52:36,phone,llama.cpp,phone-gpu,smol500-q8,0,serial,2275,adreno-ocl,adreno-ocl (818 t/s),25.41199179099931,25.637306707998505,15361,6984,325.8,28.57469425077152,6,959,62.0,6,up_1787073731.jpeg,Which team is ranked number 1 in the overall ranking? Answer briefly with just the fact.,BRAVES.,orangutan,team orangutan,False
2026-08-18 22:52:42,phone,llama.cpp,phone-gpu,smol500-q8,0,serial,491,adreno-ocl,adreno-ocl (818 t/s),4.963233875001606,5.079162875001202,2926,1271,386.4,34.20031122283213,5,959,61.9,6,up_1787073756.jpg,What type of vehicles fill the parking shed? Answer briefly with just the fact.,Bicycles.,bicycles,cycles|bikes|bicycle,True
2026-08-18 22:52:50,phone,llama.cpp,phone-gpu,smol500-q8,0,serial,689,adreno-ocl,adreno-ocl (818 t/s),6.2836573329987,6.40018229099951,4260,1807,381.2,33.25324842670568,5,959,63.4,6,up_1787073762.jpg,What two foods are in the white bowl? Answer briefly with just the fact.,Egg and almonds.,boiled eggs and almonds,eggs and almonds|almonds and boiled eggs,False
2026-08-18 22:52:56,phone,llama.cpp,phone-gpu,smol500-q8,0,serial,493,adreno-ocl,adreno-ocl (818 t/s),5.638462208000419,5.693445916000201,3804,1304,378.1,42.736260292316025,4,959,93.8,6,up_1787073770.jpg,What does the white signboard on the building say? Answer briefly with just the fact.,No sign.,pg gents,pg for gents|gents pg,False
2026-08-18 22:55:06,phone,llama.cpp,phone-gpu,lfm2-450-q8,0,serial,280,cpu (op gap),adreno-ocl (1065 t/s),0.5847279580011673,0.6197277079991181,325,207,1350.5,105.43333099037042,4,274,55.7,6,up_1787073905.jpeg,What does the black tag on the shoe say? Answer briefly with just the fact.,Adidas.,court conditioned,court-conditioned,False
2026-08-18 22:55:08,phone,llama.cpp,phone-gpu,lfm2-450-q8,0,serial,279,cpu (op gap),adreno-ocl (1065 t/s),0.7396156659997359,0.7895742910004628,368,271,1028.3,75.66156581610457,5,274,59.6,6,up_1787073906.jpeg,What company name is on the office wall? Answer briefly with just the fact.,Arrowhead.,arrowhead,,True
2026-08-18 22:55:09,phone,llama.cpp,phone-gpu,lfm2-450-q8,0,serial,266,cpu (op gap),adreno-ocl (1065 t/s),0.609426250000979,0.664021333999699,297,200,1328.4,85.90917681826772,6,274,58.4,6,up_1787073908.jpg,What is the license plate of the red car? Answer briefly with just the fact.,KA04AD9588,KA04AD9548,ka 04 ad 9548|KA-04-AD-9548,False
2026-08-18 22:55:11,phone,llama.cpp,phone-gpu,lfm2-450-q8,0,serial,276,cpu (op gap),adreno-ocl (1065 t/s),0.7506225409997569,0.8181129160002456,353,300,920.2,61.186404380946556,5,274,63.0,6,up_1787073909.jpg,What brand is the watch? Answer briefly with just the fact.,Hermes.,titan,titan company,False
2026-08-18 22:55:45,phone,llama.cpp,phone-gpu,lfm2-450-q8,0,serial,280,cpu (op gap),adreno-ocl (1065 t/s),0.6473869159999595,0.6998064159997739,355,204,1374.1,46.082241440223655,4,274,60.3,6,up_1787073944.jpeg,What flavour is the Smirnoff bottle? Answer briefly with just the fact.,Lemon.,jamun,smirnoff jamun,False
2026-08-18 22:55:47,phone,llama.cpp,phone-gpu,lfm2-450-q8,0,serial,287,cpu (op gap),adreno-ocl (1065 t/s),0.6324439999989409,0.6661559999993187,328,214,1343.8,86.71522719389526,4,274,58.4,6,up_1787073945.jpg,What sauce is drizzled over the food in the wrapper? Answer briefly with just the fact.,Chocolate.,chocolate,chocolate sauce|chocolate syrup|chocolate ganache,True
2026-08-18 22:55:49,phone,llama.cpp,phone-gpu,lfm2-450-q8,0,serial,289,cpu (op gap),adreno-ocl (1065 t/s),0.6309528750025493,0.689481290999538,319,207,1393.2,107.67160161507402,7,274,55.8,6,up_1787073947.jpg,What brand name is printed at the top of the waffle packet? Answer briefly with just the fact.,Koo waffles.,xo waffles,xo,False
2026-08-18 22:55:50,phone,llama.cpp,phone-gpu,lfm2-450-q8,0,serial,277,cpu (op gap),adreno-ocl (1065 t/s),0.5845452499997918,0.7045112079977116,307,203,1367.4,102.73972602739727,13,274,61.1,6,up_1787073949.jpg,What fruits are in the jar? Answer briefly with just the fact.,"Mango, pineapple, and pomegranate.",mango and pomegranate,"pomegranate and mango|mango, pomegranate",False
2026-08-18 22:56:26,phone,llama.cpp,phone-gpu,lfm2-450-q8,0,serial,277,cpu (op gap),adreno-ocl (1065 t/s),0.651853958999709,0.6942438749974826,321,211,1313.5,77.2399588053553,4,274,50.0,6,up_1787073984.jpg,What brand is the excavator? Answer briefly with just the fact.,KTM.,jcb,,False
2026-08-18 22:56:28,phone,llama.cpp,phone-gpu,lfm2-450-q8,0,serial,281,cpu (op gap),adreno-ocl (1065 t/s),0.660020125000301,0.7190658750005241,328,214,1311.9,91.23921096330358,6,274,53.8,6,up_1787073986.jpeg,What utensil is resting in the bowl of soup? Answer briefly with just the fact.,Chopsticks.,spoon,a spoon|black spoon,False
2026-08-18 22:56:30,phone,llama.cpp,phone-gpu,lfm2-450-q8,0,serial,284,cpu (op gap),adreno-ocl (1065 t/s),0.6279102500011504,0.6463622080009372,309,220,1291.0,87.71545107670717,3,274,73.4,6,up_1787073988.jpeg,What meat dish is in the top-right compartment of the meal tray? Answer briefly with just the fact.,Lemon,fried chicken,chicken fry|fried chicken pieces|chicken 65,False
2026-08-18 22:56:32,phone,llama.cpp,phone-gpu,lfm2-450-q8,0,serial,279,cpu (op gap),adreno-ocl (1065 t/s),0.7040244170020742,0.7483287079994625,358,218,1276.9,69.92355025172478,4,274,76.5,6,up_1787073990.jpg,What food is on the round wooden board? Answer briefly with just the fact.,Pizza.,pizza,a pizza|chicken pizza,True
2026-08-18 22:57:08,phone,llama.cpp,phone-gpu,lfm2-450-q8,0,serial,282,cpu (op gap),adreno-ocl (1065 t/s),0.5986382080009207,0.6741333749996556,314,222,1269.4,91.45281949042487,6,274,53.4,6,up_1787074026.jpeg,Which team is ranked number 1 in the overall ranking? Answer briefly with just the fact.,Dallas Mavericks,orangutan,team orangutan,False
2026-08-18 22:57:09,phone,llama.cpp,phone-gpu,lfm2-450-q8,0,serial,261,cpu (op gap),adreno-ocl (1065 t/s),0.6435403750001569,0.6802591660016333,286,206,1266.0,95.06908353403473,4,274,55.7,6,up_1787074028.jpg,What type of vehicles fill the parking shed? Answer briefly with just the fact.,Bicycles,bicycles,cycles|bikes|bicycle,True
2026-08-18 22:57:12,phone,llama.cpp,phone-gpu,lfm2-450-q8,0,serial,283,cpu (op gap),adreno-ocl (1065 t/s),0.6025536249981087,0.668576291998761,323,216,1310.1,105.22360015031943,8,274,54.6,6,up_1787074030.jpg,What two foods are in the white bowl? Answer briefly with just the fact.,Eggs and almonds.,boiled eggs and almonds,eggs and almonds|almonds and boiled eggs,True
2026-08-18 22:57:14,phone,llama.cpp,phone-gpu,lfm2-450-q8,0,serial,281,cpu (op gap),adreno-ocl (1065 t/s),0.6101876249995257,0.6335575000011886,329,200,1402.2,90.29753036254458,3,274,57.6,6,up_1787074032.jpg,What does the white signboard on the building say? Answer briefly with just the fact.,PG.,pg gents,pg for gents|gents pg,False
2026-08-18 22:57:18,phone,llama.cpp,phone-gpu,lfm2-450-q8,0,serial,261,cpu (op gap),adreno-ocl (1065 t/s),0.596046041999216,0.6160439999985101,308,202,1289.7,101.33252267315196,3,274,55.7,6,up_1787074036.jpg,What number is stamped on the key? Answer briefly with just the fact.,52.,52,fifty two|fifty-two,True
2026-08-18 22:57:20,phone,llama.cpp,phone-gpu,lfm2-450-q8,0,serial,281,cpu (op gap),adreno-ocl (1065 t/s),0.6014976250007749,0.6638058330026979,321,211,1334.5,109.1059855543675,6,274,54.6,6,up_1787074038.jpg,What bakery brand name is written on the box? Answer briefly with just the fact.,Thomson's.,theobroma,,False
2026-08-18 22:57:22,phone,llama.cpp,phone-gpu,lfm2-450-q8,0,serial,260,cpu (op gap),adreno-ocl (1065 t/s),0.5683919170005538,0.609971999998379,285,199,1306.6,92.25943352707814,5,274,56.5,6,up_1787074040.jpg,What is painted on the compound wall behind the bikes? Answer briefly with just the fact.,Graffiti.,no parking,no-parking,False
2026-08-18 22:57:24,phone,llama.cpp,phone-gpu,lfm2-450-q8,0,serial,279,cpu (op gap),adreno-ocl (1065 t/s),0.6625690840010066,0.707762541998818,328,217,1283.3,104.4841097083152,7,274,57.0,6,up_1787074042.jpg,How much money was paid in this transaction? Answer briefly with just the fact.,"₹25,000.","₹25,000","25000|rs 25000|25,000|twenty five thousand rupees",True
2026-08-18 22:57:28,phone,llama.cpp,phone-gpu,lfm2-450-q8,0,serial,283,cpu (op gap),adreno-ocl (1065 t/s),0.6378069590027735,0.678369917000964,313,215,1314.2,83.49800996409584,4,274,55.0,6,up_1787074046.jpg,What sport are the players painted on the flyover pillars playing? Answer briefly with just the fact.,Soccer.,basketball,playing basketball,False
2026-08-18 22:57:30,phone,llama.cpp,phone-gpu,lfm2-450-q8,0,serial,282,cpu (op gap),adreno-ocl (1065 t/s),0.5897472500000731,0.6179080830006569,326,205,1374.9,89.59770629871876,3,274,58.0,6,up_1787074049.jpg,What sport is the academy on the blue building banner for? Answer briefly with just the fact.,Football.,badminton,badminton academy,False
2026-08-18 22:57:32,phone,llama.cpp,phone-gpu,lfm2-450-q8,0,serial,260,cpu (op gap),adreno-ocl (1065 t/s),0.5979077080010029,0.6379317920000176,298,206,1262.9,108.8020890001088,5,274,57.0,6,up_1787074050.jpg,What does the button to the right of Add Friend say? Answer briefly with just the fact.,Invite team.,invite to team,x invite to team,False
2026-08-18 22:57:34,phone,llama.cpp,phone-gpu,lfm2-450-q8,0,serial,278,cpu (op gap),adreno-ocl (1065 t/s),0.6280818749983155,0.663124083999719,343,205,1354.3,93.39393562044705,4,274,60.7,6,up_1787074053.jpeg,What snack is in the orange packet? Answer briefly with just the fact.,Chips.,masala chana dal,chana dal,False
2026-08-18 22:57:38,phone,llama.cpp,phone-gpu,lfm2-450-q8,0,serial,264,cpu (op gap),adreno-ocl (1065 t/s),0.6142047920002369,0.6616854169988073,302,202,1306.8,95.0660709192889,5,274,55.7,6,up_1787074057.jpg,What colour is the striped straw in the green drink? Answer briefly with just the fact.,Blue and white.,blue and white,white and blue|blue-white,True
2026-08-18 22:57:41,phone,llama.cpp,phone-gpu,lfm2-450-q8,0,serial,259,cpu (op gap),adreno-ocl (1065 t/s),0.6509845000000496,0.668220541003393,288,211,1227.7,106.85473099321473,3,277,54.6,6,up_1787074058.jpg,What type of building is shown? Answer briefly with just the fact.,Temple,temple,hindu temple|south indian temple|gopuram,True
2026-08-18 22:57:43,phone,llama.cpp,phone-gpu,lfm2-450-q8,0,serial,267,cpu (op gap),adreno-ocl (1065 t/s),0.6041544170002453,0.6529640420012583,288,210,1273.8,77.41535920726672,4,284,57.3,6,up_1787074061.jpg,What does the blue sign at the base of the tower say in English? Answer briefly with just the fact.,Bharatha,raja gopuram,rajagopuram,False
2026-08-18 22:57:45,phone,llama.cpp,phone-gpu,lfm2-450-q8,0,serial,265,cpu (op gap),adreno-ocl (1065 t/s),0.6048660419983207,0.6561572089995025,299,210,1261.6,97.45828785279899,6,287,57.0,6,up_1787074063.jpg,What is the BTCUSD price shown at the top right of the screen? Answer briefly with just the fact.,64.161.5,$64161.5,"64161.5|64,161.5|$64,161.5",False
2026-08-18 22:58:21,phone,llama.cpp,phone-gpu,lfm2-450-q8,0,serial,260,cpu (op gap),adreno-ocl (1065 t/s),0.6210749170022609,0.6348372499996913,280,204,1276.6,73.54022650389763,2,291,51.2,6,up_1787074099.jpg,How many players are remaining according to the top-left counter? Answer briefly with just the fact.,0,63,63 players|remaining 63,False
2026-08-18 22:58:24,phone,llama.cpp,phone-gpu,lfm2-450-q8,0,serial,257,cpu (op gap),adreno-ocl (1065 t/s),0.6134994590029237,0.7409094590002496,301,212,1209.7,94.83617051543457,13,291,50.8,6,up_1787074101.jpg,What warning is shown in the orange banner? Answer briefly with just the fact.,Restarting the playrooms in Shining Flare.,restricting the playzone in 50s,restricting the playzone in 50s!|restricting playzone in 50 seconds,False
2026-08-18 22:58:34,phone,llama.cpp,phone-gpu,lfm2-450-q8,0,serial,795,cpu (op gap),adreno-ocl (1065 t/s),1.5654935829988972,1.584602625000116,911,510,1558.5,81.38903960933261,4,275,56.1,6,up_1787074112.jpeg,What does the black tag on the shoe say? Answer briefly with just the fact.,Clearance.,court conditioned,court-conditioned,False
2026-08-18 22:58:36,phone,llama.cpp,phone-gpu,lfm2-450-q8,0,serial,794,cpu (op gap),adreno-ocl (1065 t/s),1.603057500000432,1.6449963330014725,943,499,1589.6,98.38888205632763,5,275,58.8,6,up_1787074114.jpeg,What company name is on the office wall? Answer briefly with just the fact.,Arrowhead.,arrowhead,,True
2026-08-18 22:58:38,phone,llama.cpp,phone-gpu,lfm2-450-q8,0,serial,266,cpu (op gap),adreno-ocl (1065 t/s),0.5471704170013254,0.5967421250024927,297,198,1341.1,100.62791820962808,6,275,59.9,6,up_1787074116.jpg,What is the license plate of the red car? Answer briefly with just the fact.,KA04AD9588,KA04AD9548,ka 04 ad 9548|KA-04-AD-9548,False
2026-08-18 22:58:40,phone,llama.cpp,phone-gpu,lfm2-450-q8,0,serial,791,cpu (op gap),adreno-ocl (1065 t/s),1.565515709000465,1.5954201669992472,933,491,1610.3,94.14127467285907,4,275,58.0,6,up_1787074118.jpg,What brand is the watch? Answer briefly with just the fact.,Titan.,titan,titan company,True
2026-08-18 22:59:16,phone,llama.cpp,phone-gpu,lfm2-450-q8,0,serial,795,cpu (op gap),adreno-ocl (1065 t/s),1.5586231670022244,1.593676125001366,914,483,1645.8,86.64760419374404,4,275,57.3,6,up_1787074154.jpeg,What flavour is the Smirnoff bottle? Answer briefly with just the fact.,Lemon.,jamun,smirnoff jamun,False
2026-08-18 22:59:21,phone,llama.cpp,phone-gpu,lfm2-450-q8,0,serial,2601,cpu (op gap),adreno-ocl (1065 t/s),4.945411833003163,4.964003875000344,3070,1640,1586.0,84.7816871555744,4,293,65.1,6,up_1787074156.jpg,What sauce is drizzled over the food in the wrapper? Answer briefly with just the fact.,Chocolate.,chocolate,chocolate sauce|chocolate syrup|chocolate ganache,True
2026-08-18 22:59:26,phone,llama.cpp,phone-gpu,lfm2-450-q8,0,serial,2603,cpu (op gap),adreno-ocl (1065 t/s),4.946387542000593,4.990246834000573,3048,1632,1595.5,74.91338140275306,5,349,69.8,6,up_1787074161.jpg,What brand name is printed at the top of the waffle packet? Answer briefly with just the fact.,Waffles.,xo waffles,xo,False
2026-08-18 22:59:28,phone,llama.cpp,phone-gpu,lfm2-450-q8,0,serial,792,cpu (op gap),adreno-ocl (1065 t/s),1.5284467079982278,1.6397549579996848,907,469,1688.4,102.29988747012378,12,349,69.2,6,up_1787074166.jpg,What fruits are in the jar? Answer briefly with just the fact.,"Mango, pomegranate, and yogurt.",mango and pomegranate,"pomegranate and mango|mango, pomegranate",True
2026-08-18 23:00:36,phone,llama.cpp,phone-gpu,lfm2-450-q8,0,serial,792,cpu (op gap),adreno-ocl (1065 t/s),1.5310170409975399,1.5789449579970096,917,483,1638.2,84.4630263102327,5,359,55.7,6,up_1787074234.jpg,What brand is the excavator? Answer briefly with just the fact.,KUKA.,jcb,,False
2026-08-18 23:00:37,phone,llama.cpp,phone-gpu,lfm2-450-q8,0,serial,796,cpu (op gap),adreno-ocl (1065 t/s),1.5606757500027015,1.624604584001645,917,482,1649.9,77.12716727340039,6,359,60.7,6,up_1787074236.jpeg,What utensil is resting in the bowl of soup? Answer briefly with just the fact.,Chopsticks.,spoon,a spoon|black spoon,False
2026-08-18 23:00:39,phone,llama.cpp,phone-gpu,lfm2-450-q8,0,serial,799,cpu (op gap),adreno-ocl (1065 t/s),1.5646275830004015,1.5946399579988793,907,502,1590.3,85.01473588755385,4,359,63.0,6,up_1787074238.jpeg,What meat dish is in the top-right compartment of the meal tray? Answer briefly with just the fact.,Chicken.,fried chicken,chicken fry|fried chicken pieces|chicken 65,False
2026-08-18 23:00:41,phone,llama.cpp,phone-gpu,lfm2-450-q8,0,serial,794,cpu (op gap),adreno-ocl (1065 t/s),1.5898628329996427,1.628586415998143,915,493,1610.5,82.89353706722665,4,372,63.4,6,up_1787074239.jpg,What food is on the round wooden board? Answer briefly with just the fact.,Pizza.,pizza,a pizza|chicken pizza,True
2026-08-18 23:01:17,phone,llama.cpp,phone-gpu,lfm2-450-q8,0,serial,797,cpu (op gap),adreno-ocl (1065 t/s),1.5498858749997453,1.5863164999973378,930,493,1616.4,85.2175889103511,4,378,54.2,6,up_1787074275.jpeg,Which team is ranked number 1 in the overall ranking? Answer briefly with just the fact.,Team 1,orangutan,team orangutan,False
2026-08-18 23:01:22,phone,llama.cpp,phone-gpu,lfm2-450-q8,0,serial,1804,cpu (op gap),adreno-ocl (1065 t/s),3.508210624997446,3.5506575420004083,2084,1083,1666.5,70.94043368251792,4,418,64.7,6,up_1787074277.jpg,What type of vehicles fill the parking shed? Answer briefly with just the fact.,Bicycles,bicycles,cycles|bikes|bicycle,True
2026-08-18 23:01:27,phone,llama.cpp,phone-gpu,lfm2-450-q8,0,serial,2597,cpu (op gap),adreno-ocl (1065 t/s),4.935122458002297,5.026012417001766,3045,1680,1546.0,81.90199840876117,8,457,69.4,6,up_1787074282.jpg,What two foods are in the white bowl? Answer briefly with just the fact.,Eggs and almonds.,boiled eggs and almonds,eggs and almonds|almonds and boiled eggs,True
2026-08-18 23:01:29,phone,llama.cpp,phone-gpu,lfm2-450-q8,0,serial,796,cpu (op gap),adreno-ocl (1065 t/s),1.574274874998082,1.6014007500016305,919,498,1599.3,72.84912945290304,3,457,69.2,6,up_1787074287.jpg,What does the white signboard on the building say? Answer briefly with just the fact.,PG.,pg gents,pg for gents|gents pg,False
2026-08-18 23:02:08,phone,llama.cpp,phone-gpu,lfm2-450-q8,0,serial,1804,cpu (op gap),adreno-ocl (1065 t/s),3.403505166999821,3.4355220420002297,2106,1129,1597.4,72.92084442337843,3,479,65.1,6,up_1787074323.jpg,What number is stamped on the key? Answer briefly with just the fact.,52.,52,fifty two|fifty-two,True
2026-08-18 23:02:10,phone,llama.cpp,phone-gpu,lfm2-450-q8,0,serial,796,cpu (op gap),adreno-ocl (1065 t/s),1.5492999579983007,1.6176106659986544,909,498,1597.5,74.03349275212105,6,481,63.8,6,up_1787074328.jpg,What bakery brand name is written on the box? Answer briefly with just the fact.,Thomsonrose.,theobroma,,False
2026-08-18 23:02:11,phone,llama.cpp,phone-gpu,lfm2-450-q8,0,serial,775,cpu (op gap),adreno-ocl (1065 t/s),1.4563668750015495,1.4952645000012126,864,476,1627.7,77.0257779603574,4,491,66.9,6,up_1787074330.jpg,What is painted on the compound wall behind the bikes? Answer briefly with just the fact.,No parking.,no parking,no-parking,True
2026-08-18 23:02:14,phone,llama.cpp,phone-gpu,lfm2-450-q8,0,serial,794,cpu (op gap),adreno-ocl (1065 t/s),1.5587204580006073,1.6113508749986067,928,486,1632.2,79.77185250184472,5,491,66.3,6,up_1787074331.jpg,How much money was paid in this transaction? Answer briefly with just the fact.,"25,000.","₹25,000","25000|rs 25000|25,000|twenty five thousand rupees",True
2026-08-18 23:02:49,phone,llama.cpp,phone-gpu,lfm2-450-q8,0,serial,798,cpu (op gap),adreno-ocl (1065 t/s),1.5759790830015845,1.6036284159999923,928,501,1593.0,81.89002170085575,3,498,55.7,6,up_1787074367.jpg,What sport are the players painted on the flyover pillars playing? Answer briefly with just the fact.,Boxing,basketball,playing basketball,False
2026-08-18 23:02:51,phone,llama.cpp,phone-gpu,lfm2-450-q8,0,serial,797,cpu (op gap),adreno-ocl (1065 t/s),1.611271083002066,1.6504585000002407,915,487,1637.5,80.39446886054239,4,513,61.1,6,up_1787074369.jpg,What sport is the academy on the blue building banner for? Answer briefly with just the fact.,Racing.,badminton,badminton academy,False
2026-08-18 23:02:53,phone,llama.cpp,phone-gpu,lfm2-450-q8,0,serial,775,cpu (op gap),adreno-ocl (1065 t/s),1.5088452499985578,1.5726075839993428,894,489,1584.0,81.24400825439125,6,518,63.2,6,up_1787074371.jpg,What does the button to the right of Add Friend say? Answer briefly with just the fact.,Invite to team.,invite to team,x invite to team,True
2026-08-18 23:02:55,phone,llama.cpp,phone-gpu,lfm2-450-q8,0,serial,793,cpu (op gap),adreno-ocl (1065 t/s),1.5988826659995539,1.6450513329982641,912,501,1583.0,71.8958947444101,4,527,65.3,6,up_1787074373.jpeg,What snack is in the orange packet? Answer briefly with just the fact.,Popcorn.,masala chana dal,chana dal,False
2026-08-18 23:03:34,phone,llama.cpp,phone-gpu,lfm2-450-q8,0,serial,1807,cpu (op gap),adreno-ocl (1065 t/s),3.441205584000272,3.497648249998747,2141,1141,1584.1,71.42984696155288,5,567,64.7,6,up_1787074410.jpg,What colour is the striped straw in the green drink? Answer briefly with just the fact.,Blue and white.,blue and white,white and blue|blue-white,True
2026-08-18 23:03:39,phone,llama.cpp,phone-gpu,lfm2-450-q8,0,serial,1802,cpu (op gap),adreno-ocl (1065 t/s),3.420718500001385,3.4680037910002284,2114,1108,1626.5,65.19896550974724,4,592,68.6,6,up_1787074414.jpg,What type of building is shown? Answer briefly with just the fact.,Temple.,temple,hindu temple|south indian temple|gopuram,True
2026-08-18 23:03:43,phone,llama.cpp,phone-gpu,lfm2-450-q8,0,serial,1810,cpu (op gap),adreno-ocl (1065 t/s),3.478294874999847,3.5528470419994846,2118,1137,1591.9,75.24360115875146,7,614,70.9,6,up_1787074419.jpg,What does the blue sign at the base of the tower say in English? Answer briefly with just the fact.,Raja Gopuram,raja gopuram,rajagopuram,True
2026-08-18 23:03:45,phone,llama.cpp,phone-gpu,lfm2-450-q8,0,serial,780,cpu (op gap),adreno-ocl (1065 t/s),1.5268474999975297,1.5946741249972547,909,498,1567.4,84.73738472184954,7,614,67.8,6,up_1787074423.jpg,What is the BTCUSD price shown at the top right of the screen? Answer briefly with just the fact.,$641161.5.,$64161.5,"64161.5|64,161.5|$64,161.5",False
2026-08-18 23:04:21,phone,llama.cpp,phone-gpu,lfm2-450-q8,0,serial,775,cpu (op gap),adreno-ocl (1065 t/s),1.5049372499997844,1.518589625000459,888,493,1572.7,83.65400702693658,2,622,57.6,6,up_1787074460.jpg,How many players are remaining according to the top-left counter? Answer briefly with just the fact.,63,63,63 players|remaining 63,True
2026-08-18 23:04:24,phone,llama.cpp,phone-gpu,lfm2-450-q8,0,serial,772,cpu (op gap),adreno-ocl (1065 t/s),1.537119291999261,1.6695143340002687,902,504,1532.6,83.17328776445325,12,625,60.1,6,up_1787074461.jpg,What warning is shown in the orange banner? Answer briefly with just the fact.,Restricting the play area in 50s.,restricting the playzone in 50s,restricting the playzone in 50s!|restricting playzone in 50 seconds,False
2026-08-18 23:05:09,phone,llama.cpp,phone-gpu,lfm2-450-q8,0,serial,2337,cpu (op gap),adreno-ocl (1065 t/s),5.036372083999595,5.0980931669982965,2711,1478,1581.1,72.60318727992158,5,274,64.9,6,up_1787074504.jpeg,What does the black tag on the shoe say? Answer briefly with just the fact.,Coachmobile,court conditioned,court-conditioned,False
2026-08-18 23:05:15,phone,llama.cpp,phone-gpu,lfm2-450-q8,0,serial,2336,cpu (op gap),adreno-ocl (1065 t/s),5.023129834000429,5.0727877500030445,2749,1468,1591.6,73.35949822103217,5,296,70.2,6,up_1787074509.jpeg,What company name is on the office wall? Answer briefly with just the fact.,Arrowhead.,arrowhead,,True
2026-08-18 23:05:17,phone,llama.cpp,phone-gpu,lfm2-450-q8,0,serial,266,cpu (op gap),adreno-ocl (1065 t/s),0.614321375000145,0.6773594580008648,296,220,1211.1,84.31418839162255,6,296,69.4,6,up_1787074515.jpg,What is the license plate of the red car? Answer briefly with just the fact.,KA04AD9588,KA04AD9548,ka 04 ad 9548|KA-04-AD-9548,False
2026-08-18 23:05:21,phone,llama.cpp,phone-gpu,lfm2-450-q8,0,serial,2312,cpu (op gap),adreno-ocl (1065 t/s),4.361538583998481,4.409400125001412,2718,1488,1554.1,66.0036962069876,4,321,73.6,6,up_1787074517.jpg,What brand is the watch? Answer briefly with just the fact.,Titan.,titan,titan company,True
2026-08-18 23:06:01,phone,llama.cpp,phone-gpu,lfm2-450-q8,0,serial,2337,cpu (op gap),adreno-ocl (1065 t/s),5.5484852909976325,5.570149749997654,2708,1475,1584.6,83.87619873067351,4,380,64.3,6,up_1787074555.jpeg,What flavour is the Smirnoff bottle? Answer briefly with just the fact.,Lemon.,jamun,smirnoff jamun,False
2026-08-18 23:06:06,phone,llama.cpp,phone-gpu,lfm2-450-q8,0,serial,2601,cpu (op gap),adreno-ocl (1065 t/s),4.939359874999354,4.977806708000571,3027,1714,1517.6,84.30518476886328,4,386,71.7,6,up_1787074561.jpg,What sauce is drizzled over the food in the wrapper? Answer briefly with just the fact.,Chocolate.,chocolate,chocolate sauce|chocolate syrup|chocolate ganache,True
2026-08-18 23:06:11,phone,llama.cpp,phone-gpu,lfm2-450-q8,0,serial,2603,cpu (op gap),adreno-ocl (1065 t/s),5.036946291002096,5.121587416000693,3077,1756,1482.7,70.92617767007506,7,420,75.2,6,up_1787074566.jpg,What brand name is printed at the top of the waffle packet? Answer briefly with just the fact.,XO Waffles.,xo waffles,xo,True
2026-08-18 23:06:16,phone,llama.cpp,phone-gpu,lfm2-450-q8,0,serial,2313,cpu (op gap),adreno-ocl (1065 t/s),4.535979959000542,4.672189124998113,2784,1574,1469.0,80.54772452678212,12,448,77.1,6,up_1787074572.jpg,What fruits are in the jar? Answer briefly with just the fact.,"Pomegranate, mango, and yogurt.",mango and pomegranate,"pomegranate and mango|mango, pomegranate",False
2026-08-18 23:06:59,phone,llama.cpp,phone-gpu,lfm2-450-q8,0,serial,2334,cpu (op gap),adreno-ocl (1065 t/s),6.3752348750022065,6.460568124999554,3953,2170,1075.7,37.34920259452461,4,473,58.9,6,up_1787074611.jpg,What brand is the excavator? Answer briefly with just the fact.,Vickers.,jcb,,False
2026-08-18 23:07:07,phone,llama.cpp,phone-gpu,lfm2-450-q8,0,serial,2338,cpu (op gap),adreno-ocl (1065 t/s),7.263931208999566,7.321273624998867,3951,2190,1067.7,53.116147308781876,4,528,60.3,6,up_1787074619.jpeg,What utensil is resting in the bowl of soup? Answer briefly with just the fact.,Tongs.,spoon,a spoon|black spoon,False
2026-08-18 23:07:15,phone,llama.cpp,phone-gpu,lfm2-450-q8,0,serial,2341,cpu (op gap),adreno-ocl (1065 t/s),6.835992292002629,6.889809792002779,3923,2177,1075.1,55.74136008918617,4,558,61.6,6,up_1787074627.jpeg,What meat dish is in the top-right compartment of the meal tray? Answer briefly with just the fact.,Chicken.,fried chicken,chicken fry|fried chicken pieces|chicken 65,False
2026-08-18 23:07:23,phone,llama.cpp,phone-gpu,lfm2-450-q8,0,serial,2315,cpu (op gap),adreno-ocl (1065 t/s),6.343572208999831,6.446561583998118,3890,2194,1055.3,50.21845025862502,3,558,61.1,6,up_1787074636.jpg,What food is on the round wooden board? Answer briefly with just the fact.,Pizza,pizza,a pizza|chicken pizza,True
2026-08-18 23:08:06,phone,llama.cpp,phone-gpu,lfm2-450-q8,0,serial,2339,cpu (op gap),adreno-ocl (1065 t/s),7.054649916997732,7.141499749999639,3969,2194,1065.9,42.09049456331111,4,609,58.1,6,up_1787074678.jpeg,Which team is ranked number 1 in the overall ranking? Answer briefly with just the fact.,Team 1,orangutan,team orangutan,False
2026-08-18 23:08:10,phone,llama.cpp,phone-gpu,lfm2-450-q8,0,serial,1804,cpu (op gap),adreno-ocl (1065 t/s),4.428300666997529,4.4694412919998285,2768,1378,1309.5,76.93294012052829,4,609,63.0,6,up_1787074686.jpg,What type of vehicles fill the parking shed? Answer briefly with just the fact.,Bicycles,bicycles,cycles|bikes|bicycle,True
2026-08-18 23:08:16,phone,llama.cpp,phone-gpu,lfm2-450-q8,0,serial,2597,cpu (op gap),adreno-ocl (1065 t/s),4.766372499998397,4.845963832998677,2967,1638,1585.3,74.1486150097982,8,638,72.5,6,up_1787074691.jpg,What two foods are in the white bowl? Answer briefly with just the fact.,Eggs and almonds.,boiled eggs and almonds,eggs and almonds|almonds and boiled eggs,True
2026-08-18 23:08:20,phone,llama.cpp,phone-gpu,lfm2-450-q8,0,serial,2317,cpu (op gap),adreno-ocl (1065 t/s),4.440879458001291,4.462710874999175,2724,1536,1508.9,52.53756435851634,2,667,76.4,6,up_1787074696.jpg,What does the white signboard on the building say? Answer briefly with just the fact.,G,pg gents,pg for gents|gents pg,False
2026-08-18 23:08:59,phone,llama.cpp,phone-gpu,lfm2-450-q8,0,serial,1804,cpu (op gap),adreno-ocl (1065 t/s),3.513534958001401,3.5308146249990386,2133,1142,1580.0,76.68711656441718,3,685,68.2,6,up_1787074734.jpg,What number is stamped on the key? Answer briefly with just the fact.,52.,52,fifty two|fifty-two,True
2026-08-18 23:09:04,phone,llama.cpp,phone-gpu,lfm2-450-q8,0,serial,2317,cpu (op gap),adreno-ocl (1065 t/s),4.722234458997264,4.993535041998257,2828,1650,1404.4,54.830974382968776,16,710,71.3,6,up_1787074739.jpg,What bakery brand name is written on the box? Answer briefly with just the fact.,"The bakery brand name written on the box is ""Theobroma.""",theobroma,,True
2026-08-18 23:09:12,phone,llama.cpp,phone-gpu,lfm2-450-q8,0,serial,2317,cpu (op gap),adreno-ocl (1065 t/s),6.334872125000402,6.42053895799836,3920,2176,1064.6,36.13891800079505,4,740,64.9,6,up_1787074744.jpg,What is painted on the compound wall behind the bikes? Answer briefly with just the fact.,No parking.,no parking,no-parking,True
2026-08-18 23:09:20,phone,llama.cpp,phone-gpu,lfm2-450-q8,0,serial,2315,cpu (op gap),adreno-ocl (1065 t/s),6.243276916000468,6.324841041001491,3877,2140,1082.0,50.78720162519045,5,768,62.8,6,up_1787074752.jpg,How much money was paid in this transaction? Answer briefly with just the fact.,"25,000.","₹25,000","25000|rs 25000|25,000|twenty five thousand rupees",True
2026-08-18 23:10:01,phone,llama.cpp,phone-gpu,lfm2-450-q8,0,serial,2319,cpu (op gap),adreno-ocl (1065 t/s),6.431839374999981,6.461742542000138,4006,2155,1076.3,38.44010071306386,3,795,81.9,6,up_1787074794.jpg,What sport are the players painted on the flyover pillars playing? Answer briefly with just the fact.,Basketball,basketball,playing basketball,True
2026-08-18 23:10:08,phone,llama.cpp,phone-gpu,lfm2-450-q8,0,serial,2318,cpu (op gap),adreno-ocl (1065 t/s),6.8032052080016,6.863451375000295,4373,2236,1036.9,51.56233886769103,4,823,74.9,6,up_1787074801.jpg,What sport is the academy on the blue building banner for? Answer briefly with just the fact.,Badminton.,badminton,badminton academy,True
2026-08-18 23:10:15,phone,llama.cpp,phone-gpu,lfm2-450-q8,0,serial,2317,cpu (op gap),adreno-ocl (1065 t/s),6.16366150000249,6.258202958000766,3910,2089,1109.4,55.894024928735114,6,850,73.0,6,up_1787074808.jpg,What does the button to the right of Add Friend say? Answer briefly with just the fact.,Invite to team.,invite to team,x invite to team,True
2026-08-18 23:10:22,phone,llama.cpp,phone-gpu,lfm2-450-q8,0,serial,2335,cpu (op gap),adreno-ocl (1065 t/s),6.678432832999533,6.744979250001052,3951,2105,1109.5,45.27686804811422,4,907,68.6,6,up_1787074815.jpeg,What snack is in the orange packet? Answer briefly with just the fact.,Chips.,masala chana dal,chana dal,False
2026-08-18 23:11:04,phone,llama.cpp,phone-gpu,lfm2-450-q8,0,serial,1807,cpu (op gap),adreno-ocl (1065 t/s),5.471499083996605,5.55354287499722,3044,1631,1107.9,49.55462778280207,5,954,56.9,6,up_1787074856.jpg,What colour is the striped straw in the green drink? Answer briefly with just the fact.,Blue and white.,blue and white,white and blue|blue-white,True
2026-08-18 23:11:13,phone,llama.cpp,phone-gpu,lfm2-450-q8,0,serial,1802,cpu (op gap),adreno-ocl (1065 t/s),5.9753797500015935,6.019678583001223,3056,1678,1074.0,51.57962604771116,3,990,57.6,6,up_1787074864.jpg,What type of building is shown? Answer briefly with just the fact.,Temple,temple,hindu temple|south indian temple|gopuram,True
2026-08-18 23:11:21,phone,llama.cpp,phone-gpu,lfm2-450-q8,0,serial,1810,cpu (op gap),adreno-ocl (1065 t/s),5.927073499999096,6.065397207999922,3042,1632,1109.0,45.05079477110442,7,1013,57.3,6,up_1787074873.jpg,What does the blue sign at the base of the tower say in English? Answer briefly with just the fact.,Raja Gopuram,raja gopuram,rajagopuram,True
2026-08-18 23:11:29,phone,llama.cpp,phone-gpu,lfm2-450-q8,0,serial,2322,cpu (op gap),adreno-ocl (1065 t/s),6.428380041998025,6.52822337500038,3949,2104,1103.7,44.497181845149804,7,1013,62.8,6,up_1787074882.jpg,What is the BTCUSD price shown at the top right of the screen? Answer briefly with just the fact.,"64,847.0.",$64161.5,"64161.5|64,161.5|$64,161.5",False
2026-08-18 23:11:40,phone,llama.cpp,phone-gpu,lfm2-450-q8,0,serial,2317,cpu (op gap),adreno-ocl (1065 t/s),6.600275708999106,6.636157416996866,3929,2124,1091.1,35.922120842014515,2,1013,59.3,6,up_1787074891.jpg,How many players are remaining according to the top-left counter? Answer briefly with just the fact.,63,63,63 players|remaining 63,True
2026-08-18 23:11:47,phone,llama.cpp,phone-gpu,lfm2-450-q8,0,serial,2314,cpu (op gap),adreno-ocl (1065 t/s),6.5223858749996,6.743615707997378,3871,2088,1108.1,49.5230034350956,12,1032,61.9,6,up_1787074900.jpg,What warning is shown in the orange banner? Answer briefly with just the fact.,Restricting the Playzone in 50s!,restricting the playzone in 50s,restricting the playzone in 50s!|restricting playzone in 50 seconds,True
2026-08-18 23:13:24,phone,llama.cpp,phone-gpu,lfm2-q4,0,serial,280,cpu (op gap),adreno-ocl,6.332029707999027,6.40638754199972,5774,453,618.7,54.65227490094275,5,466,65.3,6,up_1787074997.jpeg,What does the black tag on the shoe say? Answer briefly with just the fact.,Court Conditioned,court conditioned,court-conditioned,True
2026-08-18 23:13:29,mac,llama.cpp,mac,qwen3-2b-q4,64,serial,74,metal,metal,0.38,1.931,71,163.12,453.6537518391368,102.50723675303493,160,2646,,,p01_supplements.jpg,Name all the visible supplements present in the image.,"Based on the image provided, the visible supplements are:

- **Bran Flakes** (a brand of bran, not a supplement)
- **Bran Flakes** (a brand of bran, not a supplement)
- **Bran Flakes** (a brand of bran, not a supplement)
- **Bran Flakes** (a brand of bran, not a supplement)
- **Bran Flakes** (a brand of bran, not a supplement)
- **Bran Flakes** (a brand of bran, not a supplement)
- **Bran Flakes**",,,
2026-08-18 23:13:31,phone,llama.cpp,phone-gpu,lfm2-q4,0,serial,279,cpu (op gap),adreno-ocl,6.410523583999748,6.419960416998947,5777,476,585.9,49.502499876243746,4,484,67.4,6,up_1787075005.jpeg,What company name is on the office wall? Answer briefly with just the fact.,Arrowhead,arrowhead,,True
2026-08-18 23:13:34,mac,llama.cpp,mac,qwen3-2b-q4,96,serial,108,metal,metal,0.424,1.989,105,216.724,498.3296727635149,101.62419755232688,160,2662,,,p01_supplements.jpg,Name all the visible supplements present in the image.,"Based on the image provided, the visible supplements are:

- **Organic Moringa Powder** (green bag, 200g)
- **Moringa Extract** (white bottle with blue label)
- **Moringa Extract** (orange bottle with blue label)
- **Moringa Extract** (white bottle with blue label)
- **Moringa Extract** (white bottle with blue label)
- **Moringa Extract** (white bottle with blue label)
- **Moringa Extract** (white",,,
2026-08-18 23:13:39,mac,llama.cpp,mac,qwen3-2b-q4,128,serial,137,metal,metal,0.47,2.052,125,262.789,521.3308015175674,100.50289372482688,160,2675,,,p01_supplements.jpg,Name all the visible supplements present in the image.,"Based on the image provided, the visible supplements are:

- **Organic Moringa Powder** (green bag, 200g)
- **Organic Vitamin C** (white bottle)
- **Organic Vitamin B12** (orange bottle)
- **Organic Vitamin D3** (blue bottle)
- **Organic Vitamin E** (yellow bottle)
- **Organic Vitamin K** (yellow bottle)
- **Organic Vitamin B2** (yellow bottle)
- **Organic Vitamin B5** (yellow bottle)
- **Organic ",,,
2026-08-18 23:13:39,phone,llama.cpp,phone-gpu,lfm2-q4,0,serial,266,cpu (op gap),adreno-ocl,6.466243082999426,6.55789441700108,5891,483,551.1,54.10494194539729,6,487,74.4,6,up_1787075011.jpg,What is the license plate of the red car? Answer briefly with just the fact.,KA04AD9548,KA04AD9548,ka 04 ad 9548|KA-04-AD-9548,True
2026-08-18 23:13:44,mac,llama.cpp,mac,qwen3-2b-q4,160,serial,160,metal,metal,0.516,2.14,148,305.283,524.1038642833043,97.91255362097867,160,2674,,,p01_supplements.jpg,Name all the visible supplements present in the image.,"Based on the image provided, here are the visible supplements and their names:

- **Organic Moringa Powder** (green bag, on the left)
- **Vitamin D3 2000 IU** (white bottle with blue label)
- **Vitamin B12 5000 IU** (orange bottle with blue label)
- **Vitamin B5 1000 mg** (blue bottle with white label)
- **Vitamin B6 50 mg** (blue bottle with white label)
- **Vitamin B1 100 mg** (blue bottle with ",,,
2026-08-18 23:13:46,phone,llama.cpp,phone-gpu,lfm2-q4,0,serial,276,cpu (op gap),adreno-ocl,6.512173125000118,6.586713166001573,5902,493,560.4,51.047103714952975,5,492,72.1,6,up_1787075019.jpg,What brand is the watch? Answer briefly with just the fact.,Fossil.,titan,titan company,False
2026-08-18 23:13:49,mac,llama.cpp,mac,qwen3-2b-q4,192,serial,212,metal,metal,0.6,2.171,201,384.078,551.971214180453,101.21927851662193,160,2691,,,p01_supplements.jpg,Name all the visible supplements present in the image.,"Based on the image provided, here are the visible supplements and their names:

- **Organic Moringa Powder** (in a large green bag)
- **Vitamin C** (in a white tub with a blue label)
- **Vitamin D3** (in a white tub with a blue label)
- **Vitamin B12** (in a white tub with a blue label)
- **Vitamin B2** (in a white tub with a blue label)
- **Vitamin B5** (in a white tub with a blue label)
- **Vita",,,
2026-08-18 23:13:55,mac,llama.cpp,mac,qwen3-2b-q4,256,serial,254,metal,metal,0.684,2.266,251,479.324,529.9129607530605,100.52672208913495,160,2705,,,p01_supplements.jpg,Name all the visible supplements present in the image.,"Based on the image provided, here are the visible supplements and their names:

- **Creatine Monohydrate** (in a white plastic bottle with a blue and red label)
- **Vitamin B12** (in a yellow bottle with a blue label)
- **Vitamin D3** (in a yellow bottle with a blue label)
- **Vitamin C** (in a yellow bottle with a blue label)
- **Omega-3** (in a yellow bottle with a blue label)
- **Multivitamin**",,,
2026-08-18 23:14:00,mac,llama.cpp,mac,qwen3-2b-q4,320,serial,320,metal,metal,0.829,2.417,329,602.022,531.5420366697562,100.10091935454425,160,2725,,,p01_supplements.jpg,Name all the visible supplements present in the image.,"Based on the image provided, here are the visible supplements and their names:

- **Creatine Monohydrate** - in a white plastic bottle with a white cap.
- **Vitamin D3 2500 IU** - in a white plastic bottle with an orange cap.
- **Magnesium 500 mg** - in a white plastic bottle with a blue cap.
- **Multi-Vitamin** - in a black plastic bottle with a yellow cap.
- **Omega-3** - in a small, yellow plas",,,
2026-08-18 23:14:05,mac,llama.cpp,mac,qwen3-2b-q4,448,serial,452,metal,metal,1.058,1.494,477,844.61,535.1582387137258,98.7101113587791,44,2746,,,p01_supplements.jpg,Name all the visible supplements present in the image.,"Based on the image provided, the visible supplements are:

- Creatine Monohydrate
- Vitamin D3
- Magnesium
- Multi-Vitamin
- Omega-3
- Slow Ring Complex",,,
2026-08-18 23:14:10,mac,llama.cpp,mac,qwen3-2b-q4,576,serial,560,metal,metal,1.283,2.481,626,1075.117,520.8735421354141,98.54973212011375,119,2769,,,p01_supplements.jpg,Name all the visible supplements present in the image.,"Based on the image provided, here are the visible supplements and their names:

- **Organic Sorghum Powder** (in a green bag)
- **Creatine Monohydrate** (in a white container)
- **Vitamin D3+K2** (in an orange bottle)
- **Magnesium Glycinate** (in a blue bottle)
- **Multi-Vitamin 3** (in a black container)
- **Omega 3** (in a container with a yellow lid)
- **Slow Original Zinc Complex** (in a beig",,,
2026-08-18 23:14:16,mac,llama.cpp,mac,qwen3-2b-q4,768,serial,788,metal,metal,1.813,3.057,978,1592.458,494.8325167759526,96.49637736516642,121,2790,,,p01_supplements.jpg,Name all the visible supplements present in the image.,"Based on the image provided, here are the visible supplements and their names:

- **Organic Sorghum Powder** (green bag, 200g)
- **Microbes CREATINE MONOHYDRATE** (white tub)
- **Vitamin D3 1000 IU** (orange bottle)
- **Magnesium 500mg** (white bottle)
- **Multi Vitamin 1000mg** (black bottle)
- **Omega 3** (yellow container)
- **Organic Amla Powder** (white box)",,,
2026-08-18 23:14:23,mac,llama.cpp,mac,qwen3-2b-q4,1024,serial,992,metal,metal,2.36,3.619,1358,2149.498,461.50310444578224,94.5607692002066,120,2807,,,p01_supplements.jpg,Name all the visible supplements present in the image.,"Based on the image provided, here are the visible supplements and their names:

- **Micronised Creatine Monohydrate** (in a white tub)
- **Vitamin D3 + K2** (in an orange bottle)
- **Magnesium Glycinate** (in a white bottle)
- **Multi Vitamin for Men** (in a black bottle)
- **Omega 3** (in a yellow container)
- **Organic Amla Powder** (in a white box)
- **Organic Moringa Powder** (in a green bag)",,,
2026-08-18 23:14:29,phone,llama.cpp,phone-gpu,lfm2-q4,0,serial,280,cpu (op gap),adreno-ocl,7.444519000000582,7.488556750002317,6876,466,600.4,46.85889225578707,4,496,62.8,6,up_1787075061.jpeg,What flavour is the Smirnoff bottle? Answer briefly with just the fact.,Jamun,jamun,smirnoff jamun,True
2026-08-18 23:14:36,phone,llama.cpp,phone-gpu,lfm2-q4,0,serial,287,cpu (op gap),adreno-ocl,6.601713208998262,6.665864667000278,6016,481,596.3,51.84839529216571,5,500,69.4,6,up_1787075069.jpg,What sauce is drizzled over the food in the wrapper? Answer briefly with just the fact.,Chocolate sauce.,chocolate,chocolate sauce|chocolate syrup|chocolate ganache,True
2026-08-18 23:14:43,phone,llama.cpp,phone-gpu,lfm2-q4,0,serial,289,cpu (op gap),adreno-ocl,6.547520916999929,6.64552916699904,5942,488,592.6,50.479555779909134,6,505,74.2,6,up_1787075076.jpg,What brand name is printed at the top of the waffle packet? Answer briefly with just the fact.,XO Waffles,xo waffles,xo,True
2026-08-18 23:14:45,mac,llama.cpp,mac,qwen3-2b-q4,,serial,4035,metal,metal,16.663,18.878,12805,16417.725,245.77095791286553,71.7866662813965,160,3264,,,p01_supplements.jpg,Name all the visible supplements present in the image.,"Based on the image provided, here are the visible supplements and their details:

- **Micronised Creatine Monohydrate** (in a white jar)
- **Vitamin D3 + K2 (Lichen)** (in an orange bottle)
- **Magnesium Glycinate** (in a yellow bottle)
- **Multi Vitamin for Men** (in a black container)
- **Omega 3** (in a yellow container)
- **Slow Liposomal Zinc Complex** (in a red and beige container)
- **Organ",,,
2026-08-18 23:14:50,mac,llama.cpp,mac,q4_0,128,serial,148,metal,metal,0.702,1.631,253,504.137,293.5709935989622,62.42862416999529,59,3110,,,p01_supplements.jpg,Name all the visible supplements present in the image.,"The visible supplements in the image are:

1. Organic Chlorella Powder
2. Vitamin C Powder
3. Vitamin D3 Powder
4. Hydrasol Powder
5. Hydrasol Powder (again, likely a typo or multiple instances of the same product)",,,
2026-08-18 23:14:51,phone,llama.cpp,phone-gpu,lfm2-q4,0,serial,277,cpu (op gap),adreno-ocl,6.331011875001423,6.48783341699891,5786,483,573.0,51.34524543027316,9,509,75.6,6,up_1787075083.jpg,What fruits are in the jar? Answer briefly with just the fact.,Mango and pomegranate.,mango and pomegranate,"pomegranate and mango|mango, pomegranate",True
2026-08-18 23:14:55,mac,llama.cpp,mac,q4_0,256,serial,265,metal,metal,1.111,1.883,476,901.582,293.92778471619886,60.87381117979921,48,3148,,,p01_supplements.jpg,Name all the visible supplements present in the image.,"The visible supplements in the image are:

1. Organic Borings Powder
2. Colatin
3. Vitamin D
4. Vitamin C
5. Omega-3
6. Hydrasalt
7. Slow Release",,,
2026-08-18 23:15:00,mac,llama.cpp,mac,q4_0,320,serial,331,metal,metal,1.328,1.943,619,1130.616,292.7607605057774,61.760800419973435,39,3159,,,p01_supplements.jpg,Name all the visible supplements present in the image.,"The visible supplements in the image are:

1. Vitamin B12
2. Magnesium
3. Multi-vitamin
4. Omega 3
5. Amla powder",,,
2026-08-18 23:15:05,mac,llama.cpp,mac,q4_0,448,serial,463,metal,metal,1.762,2.507,870,1560.188,296.75910851769146,61.71365401178999,47,3167,,,p01_supplements.jpg,Name all the visible supplements present in the image.,"The visible supplements in the image are:

1. Creatine Monohydrate
2. Vitamin D3
3. Magnesium
4. Multivitamin
5. Omega-3
6. Slow Protein Powder",,,
2026-08-18 23:15:12,mac,llama.cpp,mac,q4_0,576,serial,571,metal,metal,2.137,3.194,1088,1927.204,296.2841505102729,61.5134776029428,66,3184,,,p01_supplements.jpg,Name all the visible supplements present in the image.,"Here are the visible supplements in the image:

1. Organic Amla Powder
2. Organic Amaranth Powder
3. Vitamin D3 + K2
4. Magnesium
5. Multi Vitamin
6. Omega 3
7. Hydrasalt
8. Slow Organic Amla Powder",,,
2026-08-18 23:15:19,mac,llama.cpp,mac,q4_0,1024,serial,1003,metal,metal,3.79,4.604,2109,3584.04,279.85178736844455,61.440534778414715,51,3360,,,p01_supplements.jpg,Name all the visible supplements present in the image.,"Here are the visible supplements in the image:

1. Organic Amla Powder
2. Magnesium Citrate
3. Vitamin D3 + K2
4. Multivitamin
5. Omega 3
6. Slow Zinc Complex",,,
2026-08-18 23:15:36,phone,llama.cpp,phone-gpu,lfm2-q4,0,serial,277,cpu (op gap),adreno-ocl,9.606861124997522,9.679401874996984,8811,691,401.0,27.526218723333976,3,514,58.4,6,up_1787075125.jpg,What brand is the excavator? Answer briefly with just the fact.,JCB,jcb,,True
2026-08-18 23:15:45,mac,llama.cpp,mac,q4_0,,serial,4046,metal,metal,21.246,22.892,14680,21014.542,192.53334191152013,54.683588604426205,91,5502,,,p01_supplements.jpg,Name all the visible supplements present in the image.,"The visible supplements in the image are:

1. **Micronised Creatine Monohydrate**
2. **Carbamide Forte Vitamin D3 + K2**
3. **Tata Magnesium Glycinate**
4. **Optimum Nutrition Multi Vitamin for Men**
5. **Omega 3 Fish Oil**
6. **Hydrasalt Hydration Electrolytes**
7. **Slow Liposomal Zinc Complex**",,,
2026-08-18 23:15:47,phone,llama.cpp,phone-gpu,lfm2-q4,0,serial,281,cpu (op gap),adreno-ocl,9.710025083997607,9.782117374998052,8907,700,401.2,27.467622539931057,3,518,58.1,6,up_1787075136.jpeg,What utensil is resting in the bowl of soup? Answer briefly with just the fact.,Spoon,spoon,a spoon|black spoon,True
2026-08-18 23:15:50,mac,llama.cpp,mac,smol500-q8,64,serial,153,metal,metal,0.442,1.192,161,213.43,716.8626716019304,211.9149514661449,160,1078,,,p01_supplements.jpg,Name all the visible supplements present in the image.,"The visible supplements in the image include organic spring powder, vitamin D, vitamin K, vitamin A, vitamin C, vitamin E, vitamin B, vitamin B6, vitamin B12, vitamin B5, vitamin B1, vitamin B2, vitamin B3, vitamin B9, vitamin B12, vitamin B6, vitamin B12, vitamin B5, vitamin B12, vitamin B2, vitamin B3, vitamin B9, vitamin B12, vitamin B6, vitamin B12, vitamin B5, vitamin B12, vitamin B2, vitamin",,,
2026-08-18 23:15:54,mac,llama.cpp,mac,smol500-q8,128,serial,153,metal,metal,0.429,1.191,159,210.895,725.4795040185874,208.59818086643023,160,1080,,,p01_supplements.jpg,Name all the visible supplements present in the image.,"The visible supplements in the image include organic spring powder, vitamin D, vitamin K, vitamin A, vitamin C, vitamin E, vitamin B, vitamin B6, vitamin B12, vitamin B5, vitamin B1, vitamin B2, vitamin B3, vitamin B9, vitamin B12, vitamin B6, vitamin B12, vitamin B5, vitamin B12, vitamin B2, vitamin B3, vitamin B9, vitamin B12, vitamin B6, vitamin B12, vitamin B5, vitamin B12, vitamin B2, vitamin",,,
2026-08-18 23:15:57,phone,llama.cpp,phone-gpu,lfm2-q4,0,serial,284,cpu (op gap),adreno-ocl,10.018497290999221,10.094054458000755,9148,796,356.9,28.645497643907817,3,521,59.9,6,up_1787075147.jpeg,What meat dish is in the top-right compartment of the meal tray? Answer briefly with just the fact.,Chicken,fried chicken,chicken fry|fried chicken pieces|chicken 65,False
2026-08-18 23:15:58,mac,llama.cpp,mac,smol500-q8,256,serial,219,metal,metal,0.537,1.262,234,304.663,718.8270318351753,219.21600635312802,160,1086,,,p01_supplements.jpg,Name all the visible supplements present in the image.,"The visible supplements in the image include:

1. Organic Organic Powder
2. Organic Organic Powder
3. Organic Organic Powder
4. Organic Organic Powder
5. Organic Organic Powder
6. Organic Organic Powder
7. Organic Organic Powder
8. Organic Organic Powder
9. Organic Organic Powder
10. Organic Organic Powder
11. Organic Organic Powder
12. Organic Organic Powder
13. Organic Organic Powder
14. Organic",,,
2026-08-18 23:16:03,mac,llama.cpp,mac,smol500-q8,448,serial,484,metal,metal,1.009,1.787,539,685.962,705.578443120756,204.51581203067477,160,1112,,,p01_supplements.jpg,Name all the visible supplements present in the image.,"The visible supplements in the image include:
- Vitamin D3
- Magnesium
- Magnesium
- Vitamin C
- Vitamin B12
- Zinc
- Omega 3
- Krill oil
- Fish oil
- Niacin
- Fish oil
- Fish oil
- Fish oil
- Fish oil
- Fish oil
- Fish oil
- Fish oil
- Fish oil
- Fish oil
- Fish oil
- Fish oil
- Fish oil
- Fish oil
- Fish oil
- Fish oil
- Fish oil
- Fish oil
- Fish oil
- Fish oil
- Fish oil
- Fish oil
- Fish oil
",,,
2026-08-18 23:16:07,phone,llama.cpp,phone-gpu,lfm2-q4,0,serial,279,cpu (op gap),adreno-ocl,9.848388540998712,9.923295124997821,9050,703,396.9,28.01669795197938,3,526,59.6,6,up_1787075157.jpg,What food is on the round wooden board? Answer briefly with just the fact.,Pizza,pizza,a pizza|chicken pizza,True
2026-08-18 23:16:08,mac,llama.cpp,mac,smol500-q8,576,serial,484,metal,metal,1.019,1.766,536,686.629,704.89303539466,212.86964345004122,160,1113,,,p01_supplements.jpg,Name all the visible supplements present in the image.,"The visible supplements in the image include:
- Vitamin D3
- Magnesium
- Magnesium
- Vitamin C
- Vitamin B12
- Zinc
- Omega 3
- Krill oil
- Fish oil
- Niacin
- Fish oil
- Fish oil
- Fish oil
- Fish oil
- Fish oil
- Fish oil
- Fish oil
- Fish oil
- Fish oil
- Fish oil
- Fish oil
- Fish oil
- Fish oil
- Fish oil
- Fish oil
- Fish oil
- Fish oil
- Fish oil
- Fish oil
- Fish oil
- Fish oil
- Fish oil
",,,
2026-08-18 23:16:14,mac,llama.cpp,mac,smol500-q8,1024,serial,881,metal,metal,1.715,2.506,975,1245.003,707.6288169586741,201.01086975759858,160,1163,,,p01_supplements.jpg,Name all the visible supplements present in the image.,"The visible supplements in the image include:
- Organic Amla Powder
- Vitamin D3
- Magnesium
- Magnesium Chloride
- Vitamin C
- Vitamin E
- Vitamin B6
- Vitamin B12
- Vitamin A
- Vitamin K2
- Vitamin E
- Vitamin D3
- Vitamin C
- Vitamin B12
- Vitamin B6
- Vitamin B12
- Vitamin B9
- Vitamin B12
- Vitamin B6
- Vitamin B12
- Vitamin B12
- Vitamin B12
- Vitamin B12
- Vitamin B12
- Vitamin B12
- Vitami",,,
2026-08-18 23:16:23,mac,llama.cpp,mac,smol500-q8,,serial,3356,metal,metal,5.178,6.031,3728,4927.597,681.0621891360028,186.35702489800175,160,1435,,,p01_supplements.jpg,Name all the visible supplements present in the image.,"The image shows a variety of supplements, each with a distinct color and label. The supplements are arranged in a somewhat haphazard manner, with some placed in front of others. Here is a detailed description of each item:

1. **Organic Amino Acids**: This supplement is prominently displayed in the center of the image. It is a black bottle with a yellow label. The label features the brand name ""Or",,,
2026-08-18 23:16:30,mac,llama.cpp,mac,lfm2-q4,64,serial,1618,metal,metal,3.193,3.967,2070,2977.184,543.4665778131281,157.62070257490214,123,1572,,,p01_supplements.jpg,Name all the visible supplements present in the image.,"The visible supplements in the image are:

1. Organic Moringa Powder
2. Creatine Monohydrate
3. Magnesium Glycinate
4. Vitamin D3+K2+ (Vitamin K2 and Vitamin B12 combined)
5. Omega-3 (likely from fish oil)
6. Amla Powder
7. Capiva Ayurvedic Food

These supplements cover a range of nutritional needs, from bone health and energy to vitamins and minerals. The Moringa powder is a popular superfood kno",,,
2026-08-18 23:16:37,mac,llama.cpp,mac,lfm2-q4,128,serial,1681,metal,metal,3.33,3.973,2140,3118.181,539.0963513663895,155.4557184386028,101,1583,,,p01_supplements.jpg,Name all the visible supplements present in the image.,"The visible supplements in the image are:

1. Organic Moringa Powder
2. Creatine Monohydrate
3. Magnesium Glycinate
4. Vitamin D3-K2-Chem
5. Omega-3
6. Amla Powder
7. Zinc Complex

These supplements are arranged on a black shelf, representing a variety of nutritional products. The Moringa powder is in a green bag, while the others are in containers of different colors and designs.",,,
2026-08-18 23:16:44,mac,llama.cpp,mac,lfm2-q4,256,serial,1798,metal,metal,3.516,4.271,2300,3302.897,544.3705934517485,155.15636313484814,118,1579,,,p01_supplements.jpg,Name all the visible supplements present in the image.,"The visible supplements in the image are:

1. Organic Moringa Powder
2. Creatine Monohydrate
3. Magnesium Glycinate
4. Multivitamin for Men
5. Omega-3
6. Zinc Complex
7. Amla Powder

These supplements cover a range of nutritional needs, including vitamins, minerals, and specific nutrients like creatine and omega-3 fatty acids. The Moringa powder is a popular superfood known for its nutritional ben",,,
2026-08-18 23:16:49,phone,llama.cpp,phone-gpu,lfm2-q4,0,serial,282,cpu (op gap),adreno-ocl,7.386280082999292,7.457574916999874,6823,452,623.7,52.805280528052805,5,530,64.9,6,up_1787075201.jpeg,Which team is ranked number 1 in the overall ranking? Answer briefly with just the fact.,DRANGTAL,orangutan,team orangutan,False
2026-08-18 23:16:52,mac,llama.cpp,mac,lfm2-q4,448,serial,1996,metal,metal,3.934,4.432,2611,3713.401,537.5126467623616,156.75524677898113,79,1590,,,p01_supplements.jpg,Name all the visible supplements present in the image.,"The visible supplements in the image are:

1. Creatine Monohydrate
2. Vitamin D3
3. Magnesium Glycinate
4. Multi-Vitamin for Men
5. Omega-3
6. Amla Powder
7. Zinc Complex

These supplements are arranged on a black shelf, creating a diverse selection of health and wellness products.",,,
2026-08-18 23:16:56,phone,llama.cpp,phone-gpu,lfm2-q4,0,serial,261,cpu (op gap),adreno-ocl,6.134814583001571,6.192898207998951,5556,459,568.3,51.6413337235123,4,533,69.4,6,up_1787075209.jpg,What type of vehicles fill the parking shed? Answer briefly with just the fact.,Bicycles,bicycles,cycles|bikes|bicycle,True
2026-08-18 23:16:59,mac,llama.cpp,mac,lfm2-q4,576,serial,2104,metal,metal,4.223,4.803,2843,4005.454,525.2837755720076,155.20051043723433,91,1594,,,p01_supplements.jpg,Name all the visible supplements present in the image.,"The visible supplements in the image are:

1. Organic Moringa Powder
2. Vitamin D3+K2
3. Magnesium Glycinate
4. Multi-Vitamin for Men
5. Omega-3
6. Zinc Complex
7. Slow Zinc Complex

These supplements appear to be arranged on a kitchen countertop, suggesting someone is preparing to take these health supplements as part of their daily routine.",,,
2026-08-18 23:17:04,phone,llama.cpp,phone-gpu,lfm2-q4,0,serial,283,cpu (op gap),adreno-ocl,6.665165624999645,6.792354582998087,6116,486,581.8,54.77736912121449,8,537,71.9,6,up_1787075216.jpg,What two foods are in the white bowl? Answer briefly with just the fact.,Eggs and almonds.,boiled eggs and almonds,eggs and almonds|almonds and boiled eggs,True
2026-08-18 23:17:09,mac,llama.cpp,mac,lfm2-q4,1024,serial,2536,metal,metal,5.441,6.102,3819,5218.546,485.9591158150182,155.6756626039853,104,1628,,,p01_supplements.jpg,Name all the visible supplements present in the image.,"The visible supplements in the image are:

1. Organic Moringa Powder
2. Vitamin D3+K+C
3. Magnesium Glycinate
4. Multi-Vitamin for Men
5. Omega-3
6. Zinc Complex
7. Slow Zinc Complex

These supplements are arranged on a black surface, likely in a kitchen setting. The Organic Moringa Powder is in a green bag, while the other supplements are in various containers including bottles and boxes.",,,
2026-08-18 23:17:12,phone,llama.cpp,phone-gpu,lfm2-q4,0,serial,281,cpu (op gap),adreno-ocl,6.3682336659985594,6.390245665999828,5765,492,571.0,43.79434177104318,2,542,71.7,6,up_1787075224.jpg,What does the white signboard on the building say? Answer briefly with just the fact.,PG,pg gents,pg for gents|gents pg,False
2026-08-18 23:17:16,mac,llama.cpp,mac,lfm2-q4,,serial,1798,metal,metal,3.505,4.246,2294,3295.684,545.5620138338505,157.81444528222485,118,1579,,,p01_supplements.jpg,Name all the visible supplements present in the image.,"The visible supplements in the image are:

1. Organic Moringa Powder
2. Creatine Monohydrate
3. Magnesium Glycinate
4. Multivitamin for Men
5. Omega-3
6. Zinc Complex
7. Amla Powder

These supplements cover a range of nutritional needs, including vitamins, minerals, and specific nutrients like creatine and omega-3 fatty acids. The Moringa powder is a popular superfood known for its nutritional ben",,,
2026-08-18 23:17:20,mac,llama.cpp,mac,lfm2-450-q8,64,serial,1618,metal,metal,0.987,1.237,468,769.498,2102.669532604373,247.8829992243661,63,825,,,p01_supplements.jpg,Name all the visible supplements present in the image.,"The visible supplements in the image are:

1. Microneed Creatine Monohydrate
2. Vitamin D3-K
3. Magnesium Glycinate
4. Multi-Vitamin
5. Omega-3
6. Slow Zinc Complex
7. Organic Amla Powder",,,
2026-08-18 23:17:25,mac,llama.cpp,mac,lfm2-450-q8,128,serial,1681,metal,metal,1.021,1.307,485,796.899,2109.426665110635,248.39852920082146,72,835,,,p01_supplements.jpg,Name all the visible supplements present in the image.,"The visible supplements in the image are:

1. Microneed Creatine Monohydrate
2. Vitamin D3-K
3. Magnesium Glycinate
4. Multi-Vitamin
5. Omega-3
6. Slow Zinc Complex

These supplements are displayed on a black countertop, likely in a kitchen setting.",,,
2026-08-18 23:17:29,mac,llama.cpp,mac,lfm2-450-q8,256,serial,1798,metal,metal,1.073,1.469,521,852.936,2108.012793456953,252.14448887790658,101,832,,,p01_supplements.jpg,Name all the visible supplements present in the image.,"The visible supplements in the image include:

1. Microneed Creatine Monohydrate
2. Vitamin D3
3. Magnesium Glycinate
4. Multi-Vitamin
5. Omega-3
6. Slow Zinc Complex

These supplements are displayed on a black countertop, likely in a kitchen setting. The variety of supplements suggests a focus on health and wellness, with a mix of creatine, vitamins, omega-3 fatty acids, and zinc.",,,
2026-08-18 23:17:34,mac,llama.cpp,mac,lfm2-450-q8,448,serial,1996,metal,metal,1.172,1.522,589,951.106,2098.609408415045,250.7644039928532,89,844,,,p01_supplements.jpg,Name all the visible supplements present in the image.,"The visible supplements in the image include:

1. Microneed Creatine Monohydrate
2. Vitamin D3
3. Magnesium Glycinate
4. Multi-Vitamin
5. Omega-3
6. Slow Zinc Complex

These supplements are displayed among various other items on the kitchen counter, such as a bag of corn, a bag of instant noodles, and a bag of instant coffee.",,,
2026-08-18 23:17:39,mac,llama.cpp,mac,lfm2-450-q8,576,serial,2104,metal,metal,1.254,1.891,649,1033.745,2035.3181877542336,249.77143557310765,160,846,,,p01_supplements.jpg,Name all the visible supplements present in the image.,"The visible supplements in the image include:

1. Vitamin D3
2. Magnesium
3. Vitamin B12
4. Omega-3
5. Omega-6
6. Zinc
7. Creatine
8. Vitamin C
9. Vitamin E
10. Vitamin K
11. Calcium
12. Vitamin A
13. Vitamin D3
14. Vitamin B12
15. Vitamin C
16. Vitamin E
17. Vitamin K
18. Calcium
19. Vitamin D3
20. Vitamin B12
21. Vitamin C
22. Vitamin E
23. Vitamin K
24. Calcium
25. Vitamin D3
26. Vitamin B12
27",,,
2026-08-18 23:17:44,mac,llama.cpp,mac,lfm2-450-q8,1024,serial,2536,metal,metal,1.583,2.231,898,1363.143,1860.406428379121,245.24131591245964,160,873,,,p01_supplements.jpg,Name all the visible supplements present in the image.,"The visible supplements in the image include:

1. Microneed Creatine Monohydrate
2. Vitamin D3-K
3. Magnesium Glycinate
4. Multi-Vitamin
5. Omega-3
6. Organic Amla Powder
7. Organic Aroma Amla Powder
8. Organic Hydration Electrolytes
9. Organic Amla Powder
10. Organic Vitamin C
11. Organic Vitamin C
12. Vitamin D3
13. Vitamin D3-K
14. Vitamin D3
15. Vitamin D3
16. Vitamin D3
17. Vitamin D3
18. Vit",,,
2026-08-18 23:17:48,mac,llama.cpp,mac,lfm2-450-q8,,serial,1798,metal,metal,1.09,1.49,535,870.894,2064.5451685279727,250.22019377051805,101,833,,,p01_supplements.jpg,Name all the visible supplements present in the image.,"The visible supplements in the image include:

1. Microneed Creatine Monohydrate
2. Vitamin D3
3. Magnesium Glycinate
4. Multi-Vitamin
5. Omega-3
6. Slow Zinc Complex

These supplements are displayed on a black countertop, likely in a kitchen setting. The variety of supplements suggests a focus on health and wellness, with a mix of creatine, vitamins, omega-3 fatty acids, and zinc.",,,
2026-08-18 23:17:55,phone,llama.cpp,phone-gpu,lfm2-q4,0,serial,261,cpu (op gap),adreno-ocl,9.565769166998507,9.567819125000824,8744,678,384.9,29.359091042541323,2,544,71.7,6,up_1787075266.jpg,What number is stamped on the key? Answer briefly with just the fact.,52,52,fifty two|fifty-two,True
2026-08-18 23:18:05,phone,llama.cpp,phone-gpu,lfm2-q4,0,serial,281,cpu (op gap),adreno-ocl,9.947381083999062,10.039023416997225,9111,706,397.8,35.13802215100917,6,548,83.4,6,up_1787075275.jpg,What bakery brand name is written on the box? Answer briefly with just the fact.,Nescafé.,theobroma,,False
2026-08-18 23:18:15,phone,llama.cpp,phone-gpu,lfm2-q4,0,serial,260,cpu (op gap),adreno-ocl,9.699504749998596,9.800838749997638,8943,683,380.8,29.757181399777814,4,552,61.9,6,up_1787075286.jpg,What is painted on the compound wall behind the bikes? Answer briefly with just the fact.,No parking.,no parking,no-parking,True
2026-08-18 23:18:28,phone,llama.cpp,phone-gpu,lfm2-q4,0,serial,279,cpu (op gap),adreno-ocl,11.551735124998231,11.662191542000073,10616,844,330.6,35.937095707673286,6,556,75.7,6,up_1787075295.jpg,How much money was paid in this transaction? Answer briefly with just the fact.,"₹25,000","₹25,000","25000|rs 25000|25,000|twenty five thousand rupees",True
2026-08-18 23:19:13,phone,llama.cpp,phone-gpu,lfm2-q4,0,serial,283,cpu (op gap),adreno-ocl,11.954734499999176,12.026960458999383,11003,864,327.4,26.819358212757972,3,556,55.7,6,up_1787075341.jpg,What sport are the players painted on the flyover pillars playing? Answer briefly with just the fact.,Basketball,basketball,playing basketball,True
2026-08-18 23:19:26,phone,llama.cpp,phone-gpu,lfm2-q4,0,serial,282,cpu (op gap),adreno-ocl,11.927303750002466,11.960887750003167,11011,832,338.8,32.090366471985114,2,556,58.0,6,up_1787075353.jpg,What sport is the academy on the blue building banner for? Answer briefly with just the fact.,Football,badminton,badminton academy,False
2026-08-18 23:19:38,phone,llama.cpp,phone-gpu,lfm2-q4,0,serial,260,cpu (op gap),adreno-ocl,11.14381987500019,11.26574624999921,10283,784,331.5,32.88094631363491,5,556,58.4,6,up_1787075366.jpg,What does the button to the right of Add Friend say? Answer briefly with just the fact.,Invite to Team,invite to team,x invite to team,True
2026-08-18 23:19:51,phone,llama.cpp,phone-gpu,lfm2-q4,0,serial,278,cpu (op gap),adreno-ocl,11.899250999998912,12.027991833001579,10995,815,341.0,31.889026188862758,5,556,59.6,6,up_1787075378.jpeg,What snack is in the orange packet? Answer briefly with just the fact.,Mango puree,masala chana dal,chana dal,False
2026-08-18 23:20:37,phone,llama.cpp,phone-gpu,lfm2-q4,0,serial,264,cpu (op gap),adreno-ocl,11.453808416998072,11.527269666999928,10583,809,326.4,27.79051509719733,3,556,54.9,6,up_1787075425.jpg,What colour is the striped straw in the green drink? Answer briefly with just the fact.,Yellow,blue and white,white and blue|blue-white,False
2026-08-18 23:20:49,phone,llama.cpp,phone-gpu,lfm2-q4,0,serial,259,cpu (op gap),adreno-ocl,11.45254449999993,11.519934625001042,10593,790,327.7,28.652474141142086,3,556,57.6,6,up_1787075437.jpg,What type of building is shown? Answer briefly with just the fact.,Temple,temple,hindu temple|south indian temple|gopuram,True
2026-08-18 23:21:02,phone,llama.cpp,phone-gpu,lfm2-q4,0,serial,267,cpu (op gap),adreno-ocl,11.557458084000245,11.720439708999038,10668,796,335.4,30.144088744197262,6,556,58.0,6,up_1787075449.jpg,What does the blue sign at the base of the tower say in English? Answer briefly with just the fact.,Temple of the Sun,raja gopuram,rajagopuram,False
2026-08-18 23:21:14,phone,llama.cpp,phone-gpu,lfm2-q4,0,serial,265,cpu (op gap),adreno-ocl,11.256038999999873,11.415594707999844,10394,806,328.6,31.506581724922338,6,556,58.0,6,up_1787075462.jpg,What is the BTCUSD price shown at the top right of the screen? Answer briefly with just the fact.,$6411.50,$64161.5,"64161.5|64,161.5|$64,161.5",False
2026-08-18 23:21:58,phone,llama.cpp,phone-gpu,lfm2-q4,0,serial,260,cpu (op gap),adreno-ocl,8.886264708999079,8.906558541999402,8259,538,483.1,46.349942062572424,2,556,77.2,6,up_1787075507.jpg,How many players are remaining according to the top-left counter? Answer briefly with just the fact.,63,63,63 players|remaining 63,True
2026-08-18 23:22:10,phone,llama.cpp,phone-gpu,lfm2-q4,0,serial,257,cpu (op gap),adreno-ocl,11.577300124998146,11.993254582997906,10676,816,314.8,24.287112529478485,11,556,87.6,6,up_1787075518.jpg,What warning is shown in the orange banner? Answer briefly with just the fact.,Restricting the play zone in 50s,restricting the playzone in 50s,restricting the playzone in 50s!|restricting playzone in 50 seconds,False
2026-08-18 23:23:28,phone,llama.cpp,phone-gpu,lfm2-q4,0,serial,795,cpu (op gap),adreno-ocl,35.6851452919982,35.813583333998395,33439,2121,374.8,28.837350135896013,5,480,58.0,6,up_1787075571.jpeg,What does the black tag on the shoe say? Answer briefly with just the fact.,Concord Conditioned,court conditioned,court-conditioned,False
2026-08-18 23:24:05,phone,llama.cpp,phone-gpu,lfm2-q4,0,serial,794,cpu (op gap),adreno-ocl,35.62129866699979,35.726168291999784,33415,2081,381.6,29.247462782603613,4,509,56.9,6,up_1787075608.jpeg,What company name is on the office wall? Answer briefly with just the fact.,Arrowhead,arrowhead,,True
2026-08-18 23:24:17,phone,llama.cpp,phone-gpu,lfm2-q4,0,serial,266,cpu (op gap),adreno-ocl,11.786140208001598,11.948807666001812,10924,799,333.0,31.09162702484221,6,512,56.1,6,up_1787075645.jpg,What is the license plate of the red car? Answer briefly with just the fact.,KA04AD9548,KA04AD9548,ka 04 ad 9548|KA-04-AD-9548,True
2026-08-18 23:24:54,phone,llama.cpp,phone-gpu,lfm2-q4,0,serial,791,cpu (op gap),adreno-ocl,35.698291833999974,35.80675795899879,33476,2106,375.6,23.54640210975763,4,518,58.0,6,up_1787075657.jpg,What brand is the watch? Answer briefly with just the fact.,Titan.,titan,titan company,True
2026-08-18 23:26:04,phone,llama.cpp,phone-gpu,lfm2-q4,0,serial,795,cpu (op gap),adreno-ocl,35.665115167001204,35.76196566699946,33459,2089,380.6,31.600901679061245,4,534,55.7,6,up_1787075727.jpeg,What flavour is the Smirnoff bottle? Answer briefly with just the fact.,Jamun,jamun,smirnoff jamun,True
2026-08-18 23:27:31,phone,llama.cpp,phone-gpu,lfm2-q4,0,serial,2601,cpu (op gap),adreno-ocl,84.83722829199905,84.97307579199696,79172,5446,477.6,24.543189878388493,5,584,95.4,6,up_1787075764.jpg,What sauce is drizzled over the food in the wrapper? Answer briefly with just the fact.,Chocolate sauce.,chocolate,chocolate sauce|chocolate syrup|chocolate ganache,True
2026-08-18 23:29:08,phone,llama.cpp,phone-gpu,lfm2-q4,0,serial,2603,cpu (op gap),adreno-ocl,95.08701683300023,95.25185858300028,89116,5750,452.7,28.883035260409446,6,584,60.7,6,up_1787075851.jpg,What brand name is printed at the top of the waffle packet? Answer briefly with just the fact.,XO Waffles,xo waffles,xo,True
2026-08-18 23:29:37,phone,llama.cpp,phone-gpu,lfm2-q4,0,serial,792,cpu (op gap),adreno-ocl,28.208956415997818,28.457826457997726,26350,1714,462.0,32.35421393415108,9,584,61.9,6,up_1787075948.jpg,What fruits are in the jar? Answer briefly with just the fact.,Mango and pomegranate.,mango and pomegranate,"pomegranate and mango|mango, pomegranate",True
2026-08-18 23:30:34,phone,llama.cpp,phone-gpu,lfm2-q4,0,serial,792,cpu (op gap),adreno-ocl,21.32014729200091,21.359615291999944,19952,1186,667.6,52.07790855119258,3,584,72.1,6,up_1787076012.jpg,What brand is the excavator? Answer briefly with just the fact.,JCB,jcb,,True
2026-08-18 23:30:56,phone,llama.cpp,phone-gpu,lfm2-q4,0,serial,796,cpu (op gap),adreno-ocl,21.52084512500005,21.579399665999517,19911,1461,544.8,33.75242595561556,3,584,77.5,6,up_1787076034.jpeg,What utensil is resting in the bowl of soup? Answer briefly with just the fact.,Spoon,spoon,a spoon|black spoon,True
2026-08-18 23:31:25,phone,llama.cpp,phone-gpu,lfm2-q4,0,serial,799,cpu (op gap),adreno-ocl,28.64575391699691,28.696497834000184,26781,1718,465.1,30.15454202789295,3,584,66.0,6,up_1787076056.jpeg,What meat dish is in the top-right compartment of the meal tray? Answer briefly with just the fact.,Chicken,fried chicken,chicken fry|fried chicken pieces|chicken 65,False
2026-08-18 23:31:53,phone,llama.cpp,phone-gpu,lfm2-q4,0,serial,794,cpu (op gap),adreno-ocl,28.480905583001004,28.48106404200007,26505,1729,459.3,26.730463372582566,3,584,62.3,6,up_1787076085.jpg,What food is on the round wooden board? Answer briefly with just the fact.,Pizza,pizza,a pizza|chicken pizza,True
2026-08-18 23:32:56,phone,llama.cpp,phone-gpu,lfm2-q4,0,serial,797,cpu (op gap),adreno-ocl,28.553484541000216,28.58456670799933,26710,1693,470.6,34.976041411633034,4,584,92.7,6,up_1787076148.jpeg,Which team is ranked number 1 in the overall ranking? Answer briefly with just the fact.,Orange Team,orangutan,team orangutan,False
2026-08-18 23:34:15,phone,llama.cpp,phone-gpu,lfm2-q4,0,serial,1804,cpu (op gap),adreno-ocl,77.82551220799724,77.9514484579995,72567,4520,399.1,28.538609170882058,5,584,94.6,6,up_1787076177.jpg,What type of vehicles fill the parking shed? Answer briefly with just the fact.,Bicycles.,bicycles,cycles|bikes|bicycle,True
2026-08-18 23:36:16,phone,llama.cpp,phone-gpu,lfm2-q4,0,serial,2597,cpu (op gap),adreno-ocl,119.6269552920021,120.04481679200035,112329,7086,366.5,23.218502360160763,11,584,61.9,6,up_1787076256.jpg,What two foods are in the white bowl? Answer briefly with just the fact.,Two hard-boiled eggs and four almonds.,boiled eggs and almonds,eggs and almonds|almonds and boiled eggs,False
2026-08-18 23:36:53,phone,llama.cpp,phone-gpu,lfm2-q4,0,serial,796,cpu (op gap),adreno-ocl,36.045386290999886,36.18112900000051,33798,2107,377.8,29.417388618412346,5,584,59.9,6,up_1787076376.jpg,What does the white signboard on the building say? Answer briefly with just the fact.,PG GEOBOSS,pg gents,pg for gents|gents pg,False
2026-08-18 23:38:42,phone,llama.cpp,phone-gpu,lfm2-q4,0,serial,1804,cpu (op gap),adreno-ocl,75.27652633300022,75.32009304199892,70839,4281,421.3,24.12603440372506,2,584,71.5,6,up_1787076446.jpg,What number is stamped on the key? Answer briefly with just the fact.,52,52,fifty two|fifty-two,True
2026-08-18 23:39:11,phone,llama.cpp,phone-gpu,lfm2-q4,0,serial,796,cpu (op gap),adreno-ocl,28.128586915998312,28.224857499997597,26239,1722,462.3,26.573364630851678,4,584,60.7,6,up_1787076522.jpg,What bakery brand name is written on the box? Answer briefly with just the fact.,Thechroma,theobroma,,False
2026-08-18 23:39:41,phone,llama.cpp,phone-gpu,lfm2-q4,0,serial,775,cpu (op gap),adreno-ocl,28.157952790999843,28.268637041001057,26344,1701,455.7,26.71796515977343,4,584,60.7,6,up_1787076551.jpg,What is painted on the compound wall behind the bikes? Answer briefly with just the fact.,No Parking,no parking,no-parking,True
2026-08-18 23:40:10,phone,llama.cpp,phone-gpu,lfm2-q4,0,serial,794,cpu (op gap),adreno-ocl,28.42070437499933,28.536509082998236,26562,1709,464.7,32.4628949111166,6,584,61.1,6,up_1787076581.jpg,How much money was paid in this transaction? Answer briefly with just the fact.,"₹25,000","₹25,000","25000|rs 25000|25,000|twenty five thousand rupees",True
2026-08-18 23:41:13,phone,llama.cpp,phone-gpu,lfm2-q4,0,serial,798,cpu (op gap),adreno-ocl,28.260437582997838,28.331700874998205,26413,1707,467.4,28.21351991874506,3,584,58.4,6,up_1787076644.jpg,What sport are the players painted on the flyover pillars playing? Answer briefly with just the fact.,Basketball,basketball,playing basketball,True
2026-08-18 23:41:41,phone,llama.cpp,phone-gpu,lfm2-q4,0,serial,797,cpu (op gap),adreno-ocl,28.646283582998876,28.680321666000964,26776,1709,466.5,26.88244307642679,3,584,60.3,6,up_1787076673.jpg,What sport is the academy on the blue building banner for? Answer briefly with just the fact.,Badminton,badminton,badminton academy,True
2026-08-18 23:42:10,phone,llama.cpp,phone-gpu,lfm2-q4,0,serial,775,cpu (op gap),adreno-ocl,27.503400583002076,27.71214054200027,25687,1675,462.7,28.858918367739577,7,584,62.3,6,up_1787076701.jpg,What does the button to the right of Add Friend say? Answer briefly with just the fact.,"""Invite to Team""",invite to team,x invite to team,True
2026-08-18 23:42:40,phone,llama.cpp,phone-gpu,lfm2-q4,0,serial,793,cpu (op gap),adreno-ocl,28.530683165998198,28.622578124999563,26608,1730,458.4,26.964837851441718,4,584,61.1,6,up_1787076730.jpeg,What snack is in the orange packet? Answer briefly with just the fact.,Mama Pine,masala chana dal,chana dal,False
2026-08-18 23:48:56,phone,llama.cpp,phone-gpu,qwen3-2b-q8,576,serial,603,adreno-ocl,adreno-ocl,7.159672124998906,7.299744666997867,5152,1601,376.6,22.36269306458346,4,1021,75.2,6,up_1787077128.jpeg,What does the black tag on the shoe say? Answer briefly with just the fact.,Court Conditioned,court conditioned,court-conditioned,True
2026-08-18 23:49:01,phone,llama.cpp,phone-gpu,qwen3-2b-q8,576,serial,602,adreno-ocl,adreno-ocl,4.97395804199914,5.059035124999355,2770,1639,367.4,19.893371528606668,3,1021,71.1,6,up_1787077136.jpeg,What company name is on the office wall? Answer briefly with just the fact.,Arrowhead,arrowhead,,True
2026-08-18 23:49:06,phone,llama.cpp,phone-gpu,qwen3-2b-q8,576,serial,367,adreno-ocl,adreno-ocl,2.5619310840011167,2.8866415419979603,1396,1019,360.3,23.506734679485675,9,1021,78.3,6,up_1787077141.jpg,What is the license plate of the red car? Answer briefly with just the fact.,KA04AD9548,KA04AD9548,ka 04 ad 9548|KA-04-AD-9548,True
2026-08-18 23:49:11,phone,llama.cpp,phone-gpu,qwen3-2b-q8,576,serial,567,adreno-ocl,adreno-ocl,4.30763420799849,4.35184174999813,2538,1631,347.7,22.536734877850897,2,1021,85.7,6,up_1787077146.jpg,What brand is the watch? Answer briefly with just the fact.,Titan,titan,titan company,True
2026-08-18 23:49:53,phone,llama.cpp,phone-gpu,qwen3-2b-q8,576,serial,603,adreno-ocl,adreno-ocl,7.037260166001943,7.180470540999522,4095,2308,261.3,14.083118565775205,3,1021,59.2,6,up_1787077186.jpeg,What flavour is the Smirnoff bottle? Answer briefly with just the fact.,Lemon,jamun,smirnoff jamun,False
2026-08-18 23:50:01,phone,llama.cpp,phone-gpu,qwen3-2b-q8,576,serial,606,adreno-ocl,adreno-ocl,6.56418029100314,6.62782425000114,4123,2230,271.7,15.020427781783226,2,1021,65.5,6,up_1787077193.jpg,What sauce is drizzled over the food in the wrapper? Answer briefly with just the fact.,chocolate,chocolate,chocolate sauce|chocolate syrup|chocolate ganache,True
2026-08-18 23:50:08,phone,llama.cpp,phone-gpu,qwen3-2b-q8,576,serial,607,adreno-ocl,adreno-ocl,6.609910833001777,6.840061625000089,4103,2275,266.9,12.970785467531963,4,1021,61.1,6,up_1787077201.jpg,What brand name is printed at the top of the waffle packet? Answer briefly with just the fact.,XO Waffles,xo waffles,xo,True
2026-08-18 23:50:17,phone,llama.cpp,phone-gpu,qwen3-2b-q8,576,serial,568,adreno-ocl,adreno-ocl,6.3948335829991265,6.831750790999649,3958,2199,258.3,13.10315458446621,7,1021,62.4,6,up_1787077209.jpg,What fruits are in the jar? Answer briefly with just the fact.,mango and pomegranate,mango and pomegranate,"pomegranate and mango|mango, pomegranate",True
2026-08-18 23:51:00,phone,llama.cpp,phone-gpu,qwen3-2b-q8,576,serial,600,adreno-ocl,adreno-ocl,6.589214791998529,6.7092998340012855,4123,2247,267.1,16.594067620825555,3,1021,57.7,6,up_1787077253.jpg,What brand is the excavator? Answer briefly with just the fact.,JCB,jcb,,True
2026-08-18 23:51:06,phone,llama.cpp,phone-gpu,qwen3-2b-q8,576,serial,604,adreno-ocl,adreno-ocl,4.93819245800114,4.985537749998912,2766,1545,391.0,15.678650381775137,2,1021,65.7,6,up_1787077260.jpeg,What utensil is resting in the bowl of soup? Answer briefly with just the fact.,spoon,spoon,a spoon|black spoon,True
2026-08-18 23:51:11,phone,llama.cpp,phone-gpu,qwen3-2b-q8,576,serial,607,adreno-ocl,adreno-ocl,5.091791708000528,5.141412332999607,2781,1640,370.1,20.339672531272246,2,1021,72.2,6,up_1787077266.jpeg,What meat dish is in the top-right compartment of the meal tray? Answer briefly with just the fact.,Chicken,fried chicken,chicken fry|fried chicken pieces|chicken 65,False
2026-08-18 23:51:16,phone,llama.cpp,phone-gpu,qwen3-2b-q8,576,serial,570,adreno-ocl,adreno-ocl,4.375853833000292,4.425092666999262,2631,1610,354.0,20.514082917923155,2,1021,77.9,6,up_1787077271.jpg,What food is on the round wooden board? Answer briefly with just the fact.,pizza,pizza,a pizza|chicken pizza,True
2026-08-18 23:51:58,phone,llama.cpp,phone-gpu,qwen3-2b-q8,576,serial,605,adreno-ocl,adreno-ocl,7.031233041998348,7.272667749999528,4177,2268,266.7,14.313011242870331,5,1021,65.5,6,up_1787077310.jpeg,Which team is ranked number 1 in the overall ranking? Answer briefly with just the fact.,ORANGUTAN,orangutan,team orangutan,True
2026-08-18 23:52:05,phone,llama.cpp,phone-gpu,qwen3-2b-q8,576,serial,566,adreno-ocl,adreno-ocl,6.344649999999092,6.451202332998946,3901,2163,261.7,10.995052226498075,2,1021,66.3,6,up_1787077318.jpg,What type of vehicles fill the parking shed? Answer briefly with just the fact.,bicycles,bicycles,cycles|bikes|bicycle,True
2026-08-18 23:52:14,phone,llama.cpp,phone-gpu,qwen3-2b-q8,576,serial,602,adreno-ocl,adreno-ocl,6.664936624998518,7.07489916600025,4080,2316,259.9,12.359717209670242,6,1021,65.3,6,up_1787077325.jpg,What two foods are in the white bowl? Answer briefly with just the fact.,hard boiled egg and almonds,boiled eggs and almonds,eggs and almonds|almonds and boiled eggs,False
2026-08-18 23:52:22,phone,llama.cpp,phone-gpu,qwen3-2b-q8,576,serial,572,adreno-ocl,adreno-ocl,6.198513666997314,6.45420858399666,3805,2167,263.9,11.669292257424589,4,1021,67.4,6,up_1787077334.jpg,What does the white signboard on the building say? Answer briefly with just the fact.,PG GEMS,pg gents,pg for gents|gents pg,False
2026-08-18 23:53:04,phone,llama.cpp,phone-gpu,qwen3-2b-q8,576,serial,565,adreno-ocl,adreno-ocl,6.219418583001243,6.3993060829998285,3820,2202,256.6,11.085306979863539,3,1021,61.6,6,up_1787077377.jpg,What number is stamped on the key? Answer briefly with just the fact.,52,52,fifty two|fifty-two,True
2026-08-18 23:53:13,phone,llama.cpp,phone-gpu,qwen3-2b-q8,576,serial,571,adreno-ocl,adreno-ocl,6.139628042001277,6.368072250003024,3759,2203,259.2,13.112060035752219,4,1021,59.2,6,up_1787077384.jpg,What bakery brand name is written on the box? Answer briefly with just the fact.,Theobroma,theobroma,,True
2026-08-18 23:53:20,phone,llama.cpp,phone-gpu,qwen3-2b-q8,576,serial,572,adreno-ocl,adreno-ocl,6.200632791998942,6.419569333000254,3822,2199,260.2,13.751816385747617,4,1021,69.8,6,up_1787077393.jpg,What is painted on the compound wall behind the bikes? Answer briefly with just the fact.,NO PARKING,no parking,no-parking,True
2026-08-18 23:53:27,phone,llama.cpp,phone-gpu,qwen3-2b-q8,576,serial,570,adreno-ocl,adreno-ocl,6.125517291999131,6.489777082999353,3794,2148,265.4,16.572388191621002,7,1021,72.5,6,up_1787077400.jpg,How much money was paid in this transaction? Answer briefly with just the fact.,"25,000","₹25,000","25000|rs 25000|25,000|twenty five thousand rupees",True
2026-08-18 23:54:10,phone,llama.cpp,phone-gpu,qwen3-2b-q8,576,serial,574,adreno-ocl,adreno-ocl,6.3212408750005125,6.398805125001672,3772,2247,255.4,11.745636496041719,2,1021,62.3,6,up_1787077443.jpg,What sport are the players painted on the flyover pillars playing? Answer briefly with just the fact.,basketball,basketball,playing basketball,True
2026-08-18 23:54:19,phone,llama.cpp,phone-gpu,qwen3-2b-q8,576,serial,573,adreno-ocl,adreno-ocl,6.173768791999464,6.443479417001072,3777,2203,260.2,11.554326517564503,4,1021,61.2,6,up_1787077450.jpg,What sport is the academy on the blue building banner for? Answer briefly with just the fact.,Badminton,badminton,badminton academy,True
2026-08-18 23:54:27,phone,llama.cpp,phone-gpu,qwen3-2b-q8,576,serial,589,adreno-ocl,adreno-ocl,6.342131875000632,6.562844374999258,3943,2221,265.2,13.382760328145284,4,1021,62.8,6,up_1787077459.jpg,What does the button to the right of Add Friend say? Answer briefly with just the fact.,Invite to Team,invite to team,x invite to team,True
2026-08-18 23:54:35,phone,llama.cpp,phone-gpu,qwen3-2b-q8,576,serial,601,adreno-ocl,adreno-ocl,7.411229083001672,7.635467166001035,4182,2244,267.8,13.473275757534928,4,1021,67.1,6,up_1787077467.jpeg,What snack is in the orange packet? Answer briefly with just the fact.,Chana Dal,masala chana dal,chana dal,True
2026-08-18 23:55:49,phone,llama.cpp,phone-gpu,qwen3-2b-q8,576,serial,568,adreno-ocl,adreno-ocl,6.932821750000585,7.176348000000871,3758,2279,249.3,12.732365673542144,4,1021,59.3,6,up_1787077541.jpg,What colour is the striped straw in the green drink? Answer briefly with just the fact.,blue and white,blue and white,white and blue|blue-white,True
2026-08-18 23:55:57,phone,llama.cpp,phone-gpu,qwen3-2b-q8,576,serial,564,adreno-ocl,adreno-ocl,7.366786040998704,7.463393875001202,3804,2185,258.1,11.331701568307496,2,1021,62.8,6,up_1787077549.jpg,What type of building is shown? Answer briefly with just the fact.,temple,temple,hindu temple|south indian temple|gopuram,True
2026-08-18 23:56:05,phone,llama.cpp,phone-gpu,qwen3-2b-q8,576,serial,572,adreno-ocl,adreno-ocl,7.447776875000272,7.872765083000559,3860,2191,261.1,14.357776650426427,7,1021,67.8,6,up_1787077557.jpg,What does the blue sign at the base of the tower say in English? Answer briefly with just the fact.,Raja Gopuram,raja gopuram,rajagopuram,True
2026-08-18 23:56:13,phone,llama.cpp,phone-gpu,qwen3-2b-q8,576,serial,592,adreno-ocl,adreno-ocl,6.539689917000942,7.06069862500226,3983,2213,267.5,15.917877899264592,10,1021,69.4,6,up_1787077566.jpg,What is the BTCUSD price shown at the top right of the screen? Answer briefly with just the fact.,"$64,161.5",$64161.5,"64161.5|64,161.5|$64,161.5",True
2026-08-18 23:57:29,phone,llama.cpp,phone-gpu,qwen3-2b-q8,576,serial,589,adreno-ocl,adreno-ocl,6.875681916997564,7.013213166999776,3925,2371,248.5,12.4750499001996,3,1021,64.3,6,up_1787077640.jpg,How many players are remaining according to the top-left counter? Answer briefly with just the fact.,63,63,63 players|remaining 63,True
2026-08-18 23:57:35,phone,llama.cpp,phone-gpu,qwen3-2b-q8,576,serial,586,adreno-ocl,adreno-ocl,4.918840000002092,5.521588457999314,2663,1568,373.7,23.362926373406314,15,1021,70.3,6,up_1787077649.jpg,What warning is shown in the orange banner? Answer briefly with just the fact.,Restricting the Playzone in 500m Shooting Range,restricting the playzone in 50s,restricting the playzone in 50s!|restricting playzone in 50 seconds,False
2026-08-18 23:59:03,phone,llama.cpp,phone-gpu,qwen3-2b-q2,576,serial,603,adreno-ocl,cpu (ablation-confirmed: pp 31 t/s ngl99 ≈ 34 t/s ngl0; no OpenCL Q2_K kernels),34.48329812500015,40.69865970899991,5121,28855,20.9,0.4836034258466687,4,1317,73.3,6,up_1787077702.jpeg,What does the black tag on the shoe say? Answer briefly with just the fact.,Court Conditioned,court conditioned,court-conditioned,True
2026-08-18 23:59:41,phone,llama.cpp,phone-gpu,qwen3-2b-q2,576,serial,602,adreno-ocl,cpu (ablation-confirmed: pp 31 t/s ngl99 ≈ 34 t/s ngl0; no OpenCL Q2_K kernels),33.560595750001085,38.182727166000404,2690,30376,19.8,0.4330564081955059,3,1317,77.1,6,up_1787077743.jpeg,What company name is on the office wall? Answer briefly with just the fact.,Arrowhead,arrowhead,,True
2026-08-19 00:00:19,phone,llama.cpp,phone-gpu,qwen3-2b-q2,576,serial,367,adreno-ocl,cpu (ablation-confirmed: pp 31 t/s ngl99 ≈ 34 t/s ngl0; no OpenCL Q2_K kernels),22.220443416001217,37.24352754100255,1916,20155,18.2,0.5325304903660575,9,1317,84.9,6,up_1787077781.jpg,What is the license plate of the red car? Answer briefly with just the fact.,KA04AD9548,KA04AD9548,ka 04 ad 9548|KA-04-AD-9548,True
2026-08-19 00:01:03,phone,llama.cpp,phone-gpu,qwen3-2b-q2,576,serial,567,adreno-ocl,cpu (ablation-confirmed: pp 31 t/s ngl99 ≈ 34 t/s ngl0; no OpenCL Q2_K kernels),37.183296207997046,44.11739929199757,3661,33327,17.0,0.4327021267021059,4,1317,65.1,6,up_1787077819.jpg,What brand is the watch? Answer briefly with just the fact.,TITAN,titan,titan company,True
2026-08-19 00:02:26,phone,llama.cpp,phone-gpu,qwen3-2b-q2,576,serial,603,adreno-ocl,cpu (ablation-confirmed: pp 31 t/s ngl99 ≈ 34 t/s ngl0; no OpenCL Q2_K kernels),37.29455695800061,44.43576808299986,4000,32714,18.4,0.4225292006409487,4,1367,64.2,6,up_1787077899.jpeg,What flavour is the Smirnoff bottle? Answer briefly with just the fact.,Strawberry,jamun,smirnoff jamun,False
2026-08-19 00:03:11,phone,llama.cpp,phone-gpu,qwen3-2b-q2,576,serial,606,adreno-ocl,cpu (ablation-confirmed: pp 31 t/s ngl99 ≈ 34 t/s ngl0; no OpenCL Q2_K kernels),38.07316795799852,45.143464374999894,3972,33862,17.9,0.42125826473610556,4,1447,66.1,6,up_1787077946.jpg,What sauce is drizzled over the food in the wrapper? Answer briefly with just the fact.,chocolate sauce,chocolate,chocolate sauce|chocolate syrup|chocolate ganache,True
2026-08-19 00:04:01,phone,llama.cpp,phone-gpu,qwen3-2b-q2,576,serial,607,adreno-ocl,cpu (ablation-confirmed: pp 31 t/s ngl99 ≈ 34 t/s ngl0; no OpenCL Q2_K kernels),39.228697999998985,49.00751733400102,3976,35054,17.3,0.40948703661295255,5,1447,64.9,6,up_1787077991.jpg,What brand name is printed at the top of the waffle packet? Answer briefly with just the fact.,XO Waffles,xo waffles,xo,True
2026-08-19 00:04:52,phone,llama.cpp,phone-gpu,qwen3-2b-q2,576,serial,568,adreno-ocl,cpu (ablation-confirmed: pp 31 t/s ngl99 ≈ 34 t/s ngl0; no OpenCL Q2_K kernels),34.741004457999225,50.17456704199867,3650,30884,18.4,0.45363932472287005,8,1447,95.4,6,up_1787078041.jpg,What fruits are in the jar? Answer briefly with just the fact.,mango and pomegranate,mango and pomegranate,"pomegranate and mango|mango, pomegranate",True
2026-08-19 00:06:42,phone,llama.cpp,phone-gpu,qwen3-2b-q2,576,serial,600,adreno-ocl,cpu (ablation-confirmed: pp 31 t/s ngl99 ≈ 34 t/s ngl0; no OpenCL Q2_K kernels),39.0641085410025,43.73881604100097,4135,34672,17.3,0.4268822251150608,3,1447,64.2,6,up_1787078158.jpg,What brand is the excavator? Answer briefly with just the fact.,JCB,jcb,,True
2026-08-19 00:07:27,phone,llama.cpp,phone-gpu,qwen3-2b-q2,576,serial,604,adreno-ocl,cpu (ablation-confirmed: pp 31 t/s ngl99 ≈ 34 t/s ngl0; no OpenCL Q2_K kernels),39.18639791700116,44.13389316699977,3970,34243,17.6,0.4052301433683986,3,1447,65.5,6,up_1787078202.jpeg,What utensil is resting in the bowl of soup? Answer briefly with just the fact.,spoon,spoon,a spoon|black spoon,True
2026-08-19 00:08:10,phone,llama.cpp,phone-gpu,qwen3-2b-q2,576,serial,607,adreno-ocl,cpu (ablation-confirmed: pp 31 t/s ngl99 ≈ 34 t/s ngl0; no OpenCL Q2_K kernels),37.818832083001325,42.49390616600067,3972,33079,18.3,0.425695400041931,3,1447,65.9,6,up_1787078247.jpeg,What meat dish is in the top-right compartment of the meal tray? Answer briefly with just the fact.,Beef,fried chicken,chicken fry|fried chicken pieces|chicken 65,False
2026-08-19 00:08:49,phone,llama.cpp,phone-gpu,qwen3-2b-q2,576,serial,570,adreno-ocl,cpu (ablation-confirmed: pp 31 t/s ngl99 ≈ 34 t/s ngl0; no OpenCL Q2_K kernels),37.04191704199911,39.32966966700042,3659,33046,17.2,0.4151060409136816,2,1447,65.5,6,up_1787078290.jpg,What food is on the round wooden board? Answer briefly with just the fact.,pizza,pizza,a pizza|chicken pizza,True
2026-08-19 00:10:11,phone,llama.cpp,phone-gpu,qwen3-2b-q2,576,serial,605,adreno-ocl,cpu (ablation-confirmed: pp 31 t/s ngl99 ≈ 34 t/s ngl0; no OpenCL Q2_K kernels),37.837428167000326,46.50651937500152,3966,33312,18.2,0.46164950600040483,5,1447,66.1,6,up_1787078363.jpeg,Which team is ranked number 1 in the overall ranking? Answer briefly with just the fact.,ORANGUTAN,orangutan,team orangutan,True
2026-08-19 00:10:56,phone,llama.cpp,phone-gpu,qwen3-2b-q2,576,serial,566,adreno-ocl,cpu (ablation-confirmed: pp 31 t/s ngl99 ≈ 34 t/s ngl0; no OpenCL Q2_K kernels),37.45328995800082,42.2575641250005,3686,33512,16.9,0.4164428286462693,3,1447,64.9,6,up_1787078411.jpg,What type of vehicles fill the parking shed? Answer briefly with just the fact.,bikes,bicycles,cycles|bikes|bicycle,True
2026-08-19 00:11:56,phone,llama.cpp,phone-gpu,qwen3-2b-q2,576,serial,602,adreno-ocl,cpu (ablation-confirmed: pp 31 t/s ngl99 ≈ 34 t/s ngl0; no OpenCL Q2_K kernels),36.86497862499891,58.96624287499799,4014,32646,18.4,0.40725714125397183,10,1447,71.9,6,up_1787078456.jpg,What two foods are in the white bowl? Answer briefly with just the fact.,A hard-boiled egg and a nut.,boiled eggs and almonds,eggs and almonds|almonds and boiled eggs,False
2026-08-19 00:12:39,phone,llama.cpp,phone-gpu,qwen3-2b-q2,576,serial,572,adreno-ocl,cpu (ablation-confirmed: pp 31 t/s ngl99 ≈ 34 t/s ngl0; no OpenCL Q2_K kernels),35.71269612499964,42.684164375001274,3683,31805,18.0,0.42953647430448383,4,1447,64.9,6,up_1787078516.jpg,What does the white signboard on the building say? Answer briefly with just the fact.,PG GEMS,pg gents,pg for gents|gents pg,False
2026-08-19 00:13:55,phone,llama.cpp,phone-gpu,qwen3-2b-q2,576,serial,565,adreno-ocl,cpu (ablation-confirmed: pp 31 t/s ngl99 ≈ 34 t/s ngl0; no OpenCL Q2_K kernels),34.99223908399654,39.93211529199834,3697,31095,18.2,0.40486403653493064,3,1447,63.2,6,up_1787078594.jpg,What number is stamped on the key? Answer briefly with just the fact.,52,52,fifty two|fifty-two,True
2026-08-19 00:14:39,phone,llama.cpp,phone-gpu,qwen3-2b-q2,576,serial,571,adreno-ocl,cpu (ablation-confirmed: pp 31 t/s ngl99 ≈ 34 t/s ngl0; no OpenCL Q2_K kernels),36.84848691699881,43.735911667001346,3662,32996,17.3,0.4359832687060802,4,1447,65.7,6,up_1787078635.jpg,What bakery brand name is written on the box? Answer briefly with just the fact.,Theobroma,theobroma,,True
2026-08-19 00:15:25,phone,llama.cpp,phone-gpu,qwen3-2b-q2,576,serial,572,adreno-ocl,cpu (ablation-confirmed: pp 31 t/s ngl99 ≈ 34 t/s ngl0; no OpenCL Q2_K kernels),37.338494167001045,44.72757970800012,3634,33502,17.1,0.4061121503069802,4,1447,64.9,6,up_1787078679.jpg,What is painted on the compound wall behind the bikes? Answer briefly with just the fact.,NO PARKING,no parking,no-parking,True
2026-08-19 00:16:18,phone,llama.cpp,phone-gpu,qwen3-2b-q2,576,serial,570,adreno-ocl,cpu (ablation-confirmed: pp 31 t/s ngl99 ≈ 34 t/s ngl0; no OpenCL Q2_K kernels),34.87116837500071,52.14371262499844,3638,31060,18.4,0.40548336310450106,8,1447,65.9,6,up_1787078725.jpg,How much money was paid in this transaction? Answer briefly with just the fact.,"₹25,000","₹25,000","25000|rs 25000|25,000|twenty five thousand rupees",True
2026-08-19 00:17:35,phone,llama.cpp,phone-gpu,qwen3-2b-q2,576,serial,574,adreno-ocl,cpu (ablation-confirmed: pp 31 t/s ngl99 ≈ 34 t/s ngl0; no OpenCL Q2_K kernels),37.48654591599916,42.392517541000416,3643,33683,17.0,0.4069912964911246,3,1447,63.2,6,up_1787078813.jpg,What sport are the players painted on the flyover pillars playing? Answer briefly with just the fact.,basketball,basketball,playing basketball,True
2026-08-19 00:18:19,phone,llama.cpp,phone-gpu,qwen3-2b-q2,576,serial,573,adreno-ocl,cpu (ablation-confirmed: pp 31 t/s ngl99 ≈ 34 t/s ngl0; no OpenCL Q2_K kernels),36.96029570899918,43.88507183399997,3660,33064,17.3,0.43237391003941955,4,1447,64.9,6,up_1787078855.jpg,What sport is the academy on the blue building banner for? Answer briefly with just the fact.,badminton,badminton,badminton academy,True
2026-08-19 00:19:06,phone,llama.cpp,phone-gpu,qwen3-2b-q2,576,serial,589,adreno-ocl,cpu (ablation-confirmed: pp 31 t/s ngl99 ≈ 34 t/s ngl0; no OpenCL Q2_K kernels),38.109024166999006,45.54897387500023,3796,34128,17.3,0.4043527767713887,4,1447,64.7,6,up_1787078899.jpg,What does the button to the right of Add Friend say? Answer briefly with just the fact.,Invite to team,invite to team,x invite to team,True
2026-08-19 00:19:53,phone,llama.cpp,phone-gpu,qwen3-2b-q2,576,serial,601,adreno-ocl,cpu (ablation-confirmed: pp 31 t/s ngl99 ≈ 34 t/s ngl0; no OpenCL Q2_K kernels),38.61822579100044,45.86955045799914,4045,33918,17.7,0.4137573776388411,4,1447,65.1,6,up_1787078946.jpeg,What snack is in the orange packet? Answer briefly with just the fact.,chana dal,masala chana dal,chana dal,True
2026-08-19 00:20:37,phone,llama.cpp,phone-gpu,qwen3-2b-q2,576,serial,568,adreno-ocl,cpu (ablation-confirmed: pp 31 t/s ngl99 ≈ 34 t/s ngl0; no OpenCL Q2_K kernels),38.025025958002516,40.50664604100166,3754,33416,17.0,0.4034957255680312,2,1447,64.7,6,up_1787078996.jpg,What colour is the striped straw in the green drink? Answer briefly with just the fact.,blue,blue and white,white and blue|blue-white,False
2026-08-19 00:21:20,phone,llama.cpp,phone-gpu,qwen3-2b-q2,576,serial,564,adreno-ocl,cpu (ablation-confirmed: pp 31 t/s ngl99 ≈ 34 t/s ngl0; no OpenCL Q2_K kernels),37.95384233400182,42.73105033400134,3630,32981,17.1,0.41960160506005967,3,1447,64.7,6,up_1787079037.jpg,What type of building is shown? Answer briefly with just the fact.,temple,temple,hindu temple|south indian temple|gopuram,True
2026-08-19 00:27:32,phone,llama.cpp,phone-gpu,qwen3-2b-bf16,576,serial,570,adreno-ocl,adreno-ocl (133 t/s),10.477841958996578,10.70769195899993,5233,4272,133.4,13.481691862450791,4,1477,80.6,6,up_1787079441.jpg,How many tablets are in the Vitamin D3 K2 bottle? Answer briefly with just the fact.,120,120,120 tablets,True
2026-08-19 00:29:43,phone,llama.cpp,phone-gpu,qwen3-2b-mxfp4,576,serial,560,adreno-ocl,cpu-fallback (25 t/s),22.204298957996798,29.734448249997513,4979,15942,35.1,20.931226309208714,160,1039,85.3,6,up_1787079553.jpg,Name all the visible supplements present in the image.,"Based on the image provided, here are the visible supplements and their details:

- **Creatine Monohydrate**: A white container with a blue label, labeled ""Creatine Monohydrate"" and ""1200mg"".
- **Vitamin D3+K2**: A bottle with an orange label, labeled ""Vitamin D3+K2"".
- **Magnesium**: A bottle with a blue label, labeled ""Magnesium"".
- **Multi-Vitamin**: A black container with a yellow label, labeled ""Multi-Vitamin"".
- **Omega-3**: A container with a yellow lid, labeled ""Omega-3"".
- **Slow**: A container with a red lid, labeled ""Slow"".
- **Organic Amla Powder**: A box",,,
2026-08-19 00:30:11,phone,llama.cpp,phone-gpu,qwen3-2b-mxfp4,576,serial,564,adreno-ocl,cpu-fallback (25 t/s),27.04513550000047,27.081156207997992,3789,22120,25.5,14.505998230268217,2,1039,83.0,6,up_1787079583.jpg,What flavour is the creatine? Answer briefly with just the fact.,white,watermelon,watermelon wave,False
2026-08-19 00:30:40,phone,llama.cpp,phone-gpu,qwen3-2b-mxfp4,576,serial,570,adreno-ocl,cpu-fallback (25 t/s),27.845867249998264,28.100628207997943,3822,22837,25.0,12.783691418734072,4,1039,64.9,6,up_1787079611.jpg,How many tablets are in the Vitamin D3 K2 bottle? Answer briefly with just the fact.,120,120,120 tablets,True
2026-08-19 00:32:08,phone,llama.cpp,phone-gpu,qwen3-2b-mxfp4,320,serial,320,adreno-ocl,cpu-fallback (25 t/s),19.206612209000014,30.254140000000916,4989,12751,25.1,14.391781586702066,160,1042,63.4,6,up_1787079696.jpg,Name all the visible supplements present in the image.,"Based on the image provided, here are the visible supplements and their details:

- **Creatine Monohydrate**: A white container with a blue label, labeled ""CREATINE MONOHYDRATE"" and ""200g"". It is a supplement used for athletic performance and muscle growth.
- **Vitamin D3**: A white bottle with an orange label, labeled ""VITAMIN D3"" and ""200mg"". It is a vitamin supplement used to support bone health and immune function.
- **Magnesium**: A white bottle with a blue label, labeled ""MAGNESIUM"" and ""200mg"". It is a mineral supplement used to support muscle and nerve function.
- **Multi-Vitamin**: A black bottle with a",,,
2026-08-19 00:32:24,phone,llama.cpp,phone-gpu,qwen3-2b-mxfp4,320,serial,324,adreno-ocl,cpu-fallback (25 t/s),15.72239583299961,15.768377874999715,1763,12695,25.5,13.554727211114875,2,1042,62.4,6,up_1787079728.jpg,What flavour is the creatine? Answer briefly with just the fact.,white,watermelon,watermelon wave,False
2026-08-19 00:32:41,phone,llama.cpp,phone-gpu,qwen3-2b-mxfp4,320,serial,330,adreno-ocl,cpu-fallback (25 t/s),16.0011532919998,16.076476499998535,1761,13135,25.1,14.286734766769055,2,1042,63.0,6,up_1787079744.jpg,How many tablets are in the Vitamin D3 K2 bottle? Answer briefly with just the fact.,0,120,120 tablets,False
2026-08-19 00:33:32,phone,llama.cpp,phone-gpu,lfm2-450-q8,576,serial,2104,cpu (op gap),adreno-ocl (1065 t/s),7.225899291999667,9.209344957998837,3979,1928,1091.5,59.8160681038608,120,290,65.1,6,up_1787079800.jpg,Name all the visible supplements present in the image.,"The visible supplements in the image include:

1. Microneed Creatine Monohydrate
2. Vitamin D3
3. Magnesium Glycinate
4. Multi-Vitamin
5. Omega-3
6. Slow Amla Powder
7. Organic Amla Powder
8. Organic Amla Powder (again)
9. Organic Amla Powder (again)
10. Organic Amla Powder (again)

These supplements are displayed alongside various other items on the kitchen counter, including protein powder, vitamins, and other health-related products.",,,
2026-08-19 00:34:24,phone,llama.cpp,phone-gpu,smol500-q8,576,serial,484,adreno-ocl,adreno-ocl (818 t/s),5.863782958000229,9.899253583000245,2921,1311,369.3,39.1862180838728,160,269,63.0,6,up_1787079854.jpg,Name all the visible supplements present in the image.,"The visible supplements in the image include:
- Vitamin D3
- Magnesium
- Magnesium
- Vitamin C
- Vitamin B12
- Zinc
- Omega 3
- Krill oil
- Fish oil
- Niacin
- Fish oil
- Fish oil
- Fish oil
- Fish oil
- Fish oil
- Fish oil
- Fish oil
- Fish oil
- Fish oil
- Fish oil
- Fish oil
- Fish oil
- Fish oil
- Fish oil
- Fish oil
- Fish oil
- Fish oil
- Fish oil
- Fish oil
- Fish oil
- Fish oil
- Fish oil
- Fish oil
- Fish oil
- Fish oil
- Fish oil
- Fish oil
-",,,
2026-08-19 00:37:30,phone,llama.cpp,phone-gpu,smol22-q4,576,serial,603,cpu (op gap),adreno-ocl (259 t/s),60.105732042000454,62.096380083999975,55515,3299,182.8,19.43355666974614,40,563,65.1,6,up_1787079987.jpg,Name all the visible supplements present in the image.,"The visible supplements in the image are Creatine Monohydrate, Magnesium Bisglycinate, Multivitamin, Omega 3, Slow Zinc Collide, and Organic Amla Powder.",,,
2026-08-19 00:42:02,phone,llama.cpp,phone-gpu,lfm2-450-q8,0,serial,2337,cpu (op gap),adreno-ocl (867 t/s),8.017444834000344,8.104733875003149,4902,2591,901.8,44.48250169589538,5,269,53.8,6,up_1787080313.jpeg,What does the black tag on the shoe say? Answer briefly with just the fact.,Coachmobile,court conditioned,court-conditioned,False
2026-08-19 00:42:12,phone,llama.cpp,phone-gpu,lfm2-450-q8,0,serial,2336,cpu (op gap),adreno-ocl (867 t/s),7.973511292002513,8.05790454200178,4872,2628,888.9,48.00364827726907,5,306,57.0,6,up_1787080322.jpeg,What company name is on the office wall? Answer briefly with just the fact.,Arrowhead.,arrowhead,,True
2026-08-19 00:42:14,phone,llama.cpp,phone-gpu,lfm2-450-q8,0,serial,266,cpu (op gap),adreno-ocl (867 t/s),1.014299791000667,1.0933457499995711,544,368,723.7,63.007208024598015,6,306,54.6,6,up_1787080332.jpg,What is the license plate of the red car? Answer briefly with just the fact.,KA04AD9588,KA04AD9548,ka 04 ad 9548|KA-04-AD-9548,False
2026-08-19 00:42:23,phone,llama.cpp,phone-gpu,lfm2-450-q8,0,serial,2312,cpu (op gap),adreno-ocl (867 t/s),7.774552416998631,7.833855583998229,5031,2604,887.7,48.682331559132805,4,330,55.3,6,up_1787080334.jpg,What brand is the watch? Answer briefly with just the fact.,Titan.,titan,titan company,True
2026-08-19 00:42:34,phone,llama.cpp,phone-gpu,lfm2-450-q8,0,serial,2337,cpu (op gap),adreno-ocl (867 t/s),8.01047291699797,8.070206417000009,4856,2600,898.8,47.94553387351968,4,389,57.0,6,up_1787080345.jpeg,What flavour is the Smirnoff bottle? Answer briefly with just the fact.,Lemon.,jamun,smirnoff jamun,False
2026-08-19 00:43:37,phone,llama.cpp,phone-gpu,lfm2-450-q8,64,serial,2145,adreno-ocl,adreno-ocl (883 t/s),7.490519000002678,7.587179958001798,4573,2401,893.3,36.25782942504147,5,277,55.0,6,up_1787080409.jpeg,What does the black tag on the shoe say? Answer briefly with just the fact.,Coachmobile,court conditioned,court-conditioned,False
2026-08-19 00:43:45,phone,llama.cpp,phone-gpu,lfm2-450-q8,64,serial,2144,adreno-ocl,adreno-ocl (883 t/s),7.447713208002824,7.50742983300006,4455,2455,873.4,49.75619464623346,4,302,56.2,6,up_1787080417.jpeg,What company name is on the office wall? Answer briefly with just the fact.,Arrowhead,arrowhead,,True
2026-08-19 00:43:46,phone,llama.cpp,phone-gpu,lfm2-450-q8,64,serial,84,adreno-ocl,adreno-ocl (883 t/s),0.4398723339982098,0.5560520420003741,157,228,369.0,70.26604481217008,9,302,54.3,6,up_1787080425.jpg,What is the license plate of the red car? Answer briefly with just the fact.,KAD4A92D8.,KA04AD9548,ka 04 ad 9548|KA-04-AD-9548,False
2026-08-19 00:43:54,phone,llama.cpp,phone-gpu,lfm2-450-q8,64,serial,2131,adreno-ocl,adreno-ocl (883 t/s),7.30042104200038,7.360682999998971,4565,2558,833.0,35.764526358455925,4,318,54.6,6,up_1787080427.jpg,What brand is the watch? Answer briefly with just the fact.,Titan.,titan,titan company,True
2026-08-19 00:44:05,phone,llama.cpp,phone-gpu,lfm2-450-q8,64,serial,2145,adreno-ocl,adreno-ocl (883 t/s),7.915676207998331,7.9297124999975495,4439,2554,840.0,35.212920794403495,4,376,54.9,6,up_1787080436.jpeg,What flavour is the Smirnoff bottle? Answer briefly with just the fact.,Lemon.,jamun,smirnoff jamun,False
2026-08-19 00:44:24,phone,llama.cpp,phone-gpu,lfm2-450-q8,256,serial,2337,cpu (op gap),adreno-ocl (898 t/s),8.577259000001504,8.68886349999957,5007,2634,887.4,35.9431020694241,5,276,55.8,6,up_1787080454.jpeg,What does the black tag on the shoe say? Answer briefly with just the fact.,Coachmobile,court conditioned,court-conditioned,False
2026-08-19 00:44:33,phone,llama.cpp,phone-gpu,lfm2-450-q8,256,serial,2336,cpu (op gap),adreno-ocl (898 t/s),8.067692374999751,8.148798250000254,4949,2597,899.6,41.92828167419629,5,307,57.4,6,up_1787080464.jpeg,What company name is on the office wall? Answer briefly with just the fact.,Arrowhead.,arrowhead,,True
2026-08-19 00:44:35,phone,llama.cpp,phone-gpu,lfm2-450-q8,256,serial,266,cpu (op gap),adreno-ocl (898 t/s),0.9909409579995554,1.0822761669987813,542,361,737.8,55.528408333703524,6,307,54.6,6,up_1787080473.jpg,What is the license plate of the red car? Answer briefly with just the fact.,KA04AD9588,KA04AD9548,ka 04 ad 9548|KA-04-AD-9548,False
2026-08-19 00:44:45,phone,llama.cpp,phone-gpu,lfm2-450-q8,256,serial,2312,cpu (op gap),adreno-ocl (898 t/s),7.87550312500025,7.933762917000422,4837,2720,850.0,39.22286431503804,4,331,56.1,6,up_1787080475.jpg,What brand is the watch? Answer briefly with just the fact.,Titan.,titan,titan company,True
2026-08-19 00:44:56,phone,llama.cpp,phone-gpu,lfm2-450-q8,256,serial,2337,cpu (op gap),adreno-ocl (898 t/s),8.024738542000705,8.072245958002895,4877,2610,895.5,43.64271166715159,4,390,56.6,6,up_1787080487.jpeg,What flavour is the Smirnoff bottle? Answer briefly with just the fact.,Lemon.,jamun,smirnoff jamun,False
2026-08-19 00:45:19,phone,llama.cpp,phone-gpu,lfm2-450-q8,1024,serial,3093,cpu (op gap),adreno-ocl (964 t/s),13.082131416998891,13.179468416998134,8990,3530,876.1,38.816862044872295,5,276,62.0,6,up_1787080505.jpeg,What does the black tag on the shoe say? Answer briefly with just the fact.,Cannot read.,court conditioned,court-conditioned,False
2026-08-19 00:45:34,phone,llama.cpp,phone-gpu,lfm2-450-q8,1024,serial,3092,cpu (op gap),adreno-ocl (964 t/s),13.252983958002005,13.323172417000023,9016,3682,839.9,36.22597764857179,5,394,59.7,6,up_1787080519.jpeg,What company name is on the office wall? Answer briefly with just the fact.,Arrowhead.,arrowhead,,True
2026-08-19 00:45:36,phone,llama.cpp,phone-gpu,lfm2-450-q8,1024,serial,368,cpu (op gap),adreno-ocl (964 t/s),1.4172290829992562,1.494177665997995,853,474,775.7,64.95784236030816,6,394,54.6,6,up_1787080534.jpg,What is the license plate of the red car? Answer briefly with just the fact.,KA04AD958.,KA04AD9548,ka 04 ad 9548|KA-04-AD-9548,False
2026-08-19 00:45:49,phone,llama.cpp,phone-gpu,lfm2-450-q8,1024,serial,3047,cpu (op gap),adreno-ocl (964 t/s),12.403976624998904,12.446481416998722,8651,3528,863.6,35.436279663119095,4,407,57.6,6,up_1787080536.jpg,What brand is the watch? Answer briefly with just the fact.,Citizen.,titan,titan company,False
2026-08-19 00:46:35,phone,llama.cpp,phone-gpu,lfm2-450-q8,1024,serial,3093,cpu (op gap),adreno-ocl (964 t/s),11.168669375001627,11.203853875002096,7553,3021,1023.8,60.733047888008265,3,472,94.6,6,up_1787080582.jpeg,What flavour is the Smirnoff bottle? Answer briefly with just the fact.,Black.,jamun,smirnoff jamun,False
2026-08-19 00:53:03,phone,llama.cpp,phone-gpu,lfm2-450-q8,0,serial,172,cpu (op gap),adreno-ocl (906 t/s),0.665048333001323,0.7342796250013635,312,297,579.5,46.75883352296638,4,275,47.6,6,up_1787080982.jpeg,What does the black tag on the shoe say? Answer briefly with just the fact.,Adidas.,court conditioned,court-conditioned,False
2026-08-19 00:53:05,phone,llama.cpp,phone-gpu,lfm2-450-q8,0,serial,171,cpu (op gap),adreno-ocl (906 t/s),0.6813999160003732,0.7391295829984301,315,299,572.7,64.18691228858437,5,275,47.6,6,up_1787080983.jpeg,What company name is on the office wall? Answer briefly with just the fact.,Arrowhead.,arrowhead,,True
2026-08-19 00:53:07,phone,llama.cpp,phone-gpu,lfm2-450-q8,0,serial,236,cpu (op gap),adreno-ocl (906 t/s),0.8363954589985951,0.8982929589983542,457,341,692.2,64.59843994767526,5,275,49.6,6,up_1787080985.jpg,What is the license plate of the red car? Answer briefly with just the fact.,KA04AD958,KA04AD9548,ka 04 ad 9548|KA-04-AD-9548,False
2026-08-19 00:53:09,phone,llama.cpp,phone-gpu,lfm2-450-q8,0,serial,168,cpu (op gap),adreno-ocl (906 t/s),0.6935828750029032,0.7415319580031792,329,299,562.4,60.03602161296778,4,275,47.3,6,up_1787080987.jpg,What brand is the watch? Answer briefly with just the fact.,Rolex.,titan,titan company,False
2026-08-19 00:53:12,phone,llama.cpp,phone-gpu,lfm2-450-q8,0,serial,172,cpu (op gap),adreno-ocl (906 t/s),0.659686667000642,0.7080646670001443,309,315,545.3,60.67715707293394,4,275,49.2,6,up_1787080991.jpeg,What flavour is the Smirnoff bottle? Answer briefly with just the fact.,Lemon.,jamun,smirnoff jamun,False
2026-08-19 00:53:14,phone,llama.cpp,phone-gpu,lfm2-450-q8,0,serial,287,cpu (op gap),adreno-ocl (906 t/s),1.0187206659975345,1.0709393750003073,589,369,778.0,57.24426126280841,4,275,48.4,6,up_1787080992.jpg,What sauce is drizzled over the food in the wrapper? Answer briefly with just the fact.,Chocolate.,chocolate,chocolate sauce|chocolate syrup|chocolate ganache,True
2026-08-19 00:53:16,phone,llama.cpp,phone-gpu,lfm2-450-q8,0,serial,289,cpu (op gap),adreno-ocl (906 t/s),0.9984317919988825,1.0952414169987605,579,362,797.2,61.06559462622767,7,275,51.5,6,up_1787080994.jpg,What brand name is printed at the top of the waffle packet? Answer briefly with just the fact.,Koo waffles.,xo waffles,xo,False
2026-08-19 00:53:18,phone,llama.cpp,phone-gpu,lfm2-450-q8,0,serial,169,cpu (op gap),adreno-ocl (906 t/s),0.6377758749986242,0.8037666659984097,313,294,575.6,65.48671512683586,12,275,53.5,6,up_1787080996.jpg,What fruits are in the jar? Answer briefly with just the fact.,"Mango, pomegranate, and yogurt.",mango and pomegranate,"pomegranate and mango|mango, pomegranate",True
2026-08-19 00:53:21,phone,llama.cpp,phone-gpu,lfm2-450-q8,0,serial,169,cpu (op gap),adreno-ocl (906 t/s),0.6632073340006173,0.725172083999496,321,289,585.3,63.77754392678337,5,275,50.7,6,up_1787081000.jpg,What brand is the excavator? Answer briefly with just the fact.,Shimano.,jcb,,False
2026-08-19 00:53:23,phone,llama.cpp,phone-gpu,lfm2-450-q8,0,serial,173,cpu (op gap),adreno-ocl (906 t/s),0.6466945840002154,0.7259912089975842,303,291,595.0,63.78934207672582,6,275,49.6,6,up_1787081001.jpeg,What utensil is resting in the bowl of soup? Answer briefly with just the fact.,Chopsticks.,spoon,a spoon|black spoon,False
2026-08-19 00:53:25,phone,llama.cpp,phone-gpu,lfm2-450-q8,0,serial,176,cpu (op gap),adreno-ocl (906 t/s),0.6643115840015525,0.7135356670005422,311,305,576.7,58.055152394775035,4,275,49.9,6,up_1787081003.jpeg,What meat dish is in the top-right compartment of the meal tray? Answer briefly with just the fact.,Red onion.,fried chicken,chicken fry|fried chicken pieces|chicken 65,False
2026-08-19 00:53:26,phone,llama.cpp,phone-gpu,lfm2-450-q8,0,serial,171,cpu (op gap),adreno-ocl (906 t/s),0.6390086669998709,0.6845447920022707,308,294,582.6,65.74766047908129,4,275,50.3,6,up_1787081005.jpg,What food is on the round wooden board? Answer briefly with just the fact.,Pizza.,pizza,a pizza|chicken pizza,True
2026-08-19 00:53:29,phone,llama.cpp,phone-gpu,lfm2-450-q8,0,serial,174,cpu (op gap),adreno-ocl (906 t/s),0.652113542000734,0.6990122919996793,312,290,599.8,64.24533150591057,4,275,50.7,6,up_1787081008.jpeg,Which team is ranked number 1 in the overall ranking? Answer briefly with just the fact.,Lions.,orangutan,team orangutan,False
2026-08-19 00:53:31,phone,llama.cpp,phone-gpu,lfm2-450-q8,0,serial,219,cpu (op gap),adreno-ocl (906 t/s),0.7983374580035161,0.8472997500030033,410,328,668.4,60.737351446561256,4,275,48.4,6,up_1787081009.jpg,What type of vehicles fill the parking shed? Answer briefly with just the fact.,Bicycles,bicycles,cycles|bikes|bicycle,True
2026-08-19 00:53:33,phone,llama.cpp,phone-gpu,lfm2-450-q8,0,serial,283,cpu (op gap),adreno-ocl (906 t/s),1.0528998330009927,1.1397251250018599,583,379,746.7,65.18358491093129,8,275,49.9,6,up_1787081011.jpg,What two foods are in the white bowl? Answer briefly with just the fact.,Eggs and almonds.,boiled eggs and almonds,eggs and almonds|almonds and boiled eggs,True
2026-08-19 00:53:35,phone,llama.cpp,phone-gpu,lfm2-450-q8,0,serial,173,cpu (op gap),adreno-ocl (906 t/s),0.6540449999993143,0.7006242079987715,315,292,593.4,63.886877635333704,4,275,51.9,6,up_1787081013.jpg,What does the white signboard on the building say? Answer briefly with just the fact.,P&G,pg gents,pg for gents|gents pg,False
2026-08-19 00:53:38,phone,llama.cpp,phone-gpu,lfm2-450-q8,0,serial,219,cpu (op gap),adreno-ocl (906 t/s),0.7917802500014659,0.8221438330001547,421,319,685.9,68.57299595419323,3,275,49.6,6,up_1787081017.jpg,What number is stamped on the key? Answer briefly with just the fact.,32.,52,fifty two|fifty-two,False
2026-08-19 00:53:40,phone,llama.cpp,phone-gpu,lfm2-450-q8,0,serial,173,cpu (op gap),adreno-ocl (906 t/s),0.6621640419980395,0.7110414999988279,319,296,585.3,59.93766482857828,4,275,49.2,6,up_1787081018.jpg,What bakery brand name is written on the box? Answer briefly with just the fact.,Bakery,theobroma,,False
2026-08-19 00:53:41,phone,llama.cpp,phone-gpu,lfm2-450-q8,0,serial,173,cpu (op gap),adreno-ocl (906 t/s),0.6756552919978276,0.7153344170001219,328,291,594.9,52.404035110703525,3,275,48.4,6,up_1787081020.jpg,What is painted on the compound wall behind the bikes? Answer briefly with just the fact.,Blue.,no parking,no-parking,False
2026-08-19 00:53:43,phone,llama.cpp,phone-gpu,lfm2-450-q8,0,serial,171,cpu (op gap),adreno-ocl (906 t/s),0.6460149170015939,0.7031835420020798,317,291,587.0,68.43573029478691,5,275,51.9,6,up_1787081021.jpg,How much money was paid in this transaction? Answer briefly with just the fact.,"25,000.","₹25,000","25000|rs 25000|25,000|twenty five thousand rupees",True
2026-08-19 00:53:47,phone,llama.cpp,phone-gpu,lfm2-450-q8,0,serial,175,cpu (op gap),adreno-ocl (906 t/s),0.6807506670011207,0.7281923750015267,328,301,582.0,62.34802668495542,4,275,49.2,6,up_1787081025.jpg,What sport are the players painted on the flyover pillars playing? Answer briefly with just the fact.,Soccer.,basketball,playing basketball,False
2026-08-19 00:53:48,phone,llama.cpp,phone-gpu,lfm2-450-q8,0,serial,174,cpu (op gap),adreno-ocl (906 t/s),0.6531688329996541,0.7066826249974838,321,297,586.5,58.1586956943179,4,275,49.2,6,up_1787081027.jpg,What sport is the academy on the blue building banner for? Answer briefly with just the fact.,Soccer.,badminton,badminton academy,False
2026-08-19 00:53:50,phone,llama.cpp,phone-gpu,lfm2-450-q8,0,serial,142,cpu (op gap),adreno-ocl (906 t/s),0.5729469589969085,0.6137227500003064,256,262,542.6,47.425956225842405,3,275,48.0,6,up_1787081028.jpg,What does the button to the right of Add Friend say? Answer briefly with just the fact.,Sale,invite to team,x invite to team,False
2026-08-19 00:53:52,phone,llama.cpp,phone-gpu,lfm2-450-q8,0,serial,170,cpu (op gap),adreno-ocl (906 t/s),0.6658452910014603,0.7128570410022803,316,295,575.4,61.44519088972637,4,275,49.9,6,up_1787081030.jpeg,What snack is in the orange packet? Answer briefly with just the fact.,Chips.,masala chana dal,chana dal,False
2026-08-19 00:53:55,phone,llama.cpp,phone-gpu,lfm2-450-q8,0,serial,222,cpu (op gap),adreno-ocl (906 t/s),0.7868657500002882,0.8491732919974311,416,319,696.1,63.39445615480926,5,275,49.6,6,up_1787081033.jpg,What colour is the striped straw in the green drink? Answer briefly with just the fact.,Blue and white.,blue and white,white and blue|blue-white,True
2026-08-19 00:53:57,phone,llama.cpp,phone-gpu,lfm2-450-q8,0,serial,217,cpu (op gap),adreno-ocl (906 t/s),0.7776883749975241,0.8038531249985681,408,310,699.4,69.1897875873521,4,275,52.3,6,up_1787081035.jpg,What type of building is shown? Answer briefly with just the fact.,Temple.,temple,hindu temple|south indian temple|gopuram,True
2026-08-19 00:53:59,phone,llama.cpp,phone-gpu,lfm2-450-q8,0,serial,225,cpu (op gap),adreno-ocl (906 t/s),0.8062612920002721,0.9069729170005303,423,322,698.8,58.68659402570472,7,275,50.3,6,up_1787081037.jpg,What does the blue sign at the base of the tower say in English? Answer briefly with just the fact.,Bharat Ratna.,raja gopuram,rajagopuram,False
2026-08-19 00:54:01,phone,llama.cpp,phone-gpu,lfm2-450-q8,0,serial,147,cpu (op gap),adreno-ocl (906 t/s),0.5741434579977067,0.654210000000603,249,270,544.6,63.7113113062093,6,275,49.9,6,up_1787081039.jpg,What is the BTCUSD price shown at the top right of the screen? Answer briefly with just the fact.,$6416.16,$64161.5,"64161.5|64,161.5|$64,161.5",False
2026-08-19 00:54:04,phone,llama.cpp,phone-gpu,lfm2-450-q8,0,serial,142,cpu (op gap),adreno-ocl (906 t/s),0.5760254580018227,0.5910840409997036,256,264,537.8,60.07810153199159,2,275,48.4,6,up_1787081042.jpg,How many players are remaining according to the top-left counter? Answer briefly with just the fact.,3,63,63 players|remaining 63,False
2026-08-19 00:54:06,phone,llama.cpp,phone-gpu,lfm2-450-q8,0,serial,139,cpu (op gap),adreno-ocl (906 t/s),0.5332466250001744,0.6348528330017871,243,255,544.8,68.50655705617538,8,275,51.5,6,up_1787081044.jpg,What warning is shown in the orange banner? Answer briefly with just the fact.,Reaching the perimeter is dangerous.,restricting the playzone in 50s,restricting the playzone in 50s!|restricting playzone in 50 seconds,False
2026-08-19 01:04:10,phone,llama.cpp,phone-gpu,qwen3-2b-q4,128,serial,147,adreno-ocl,adreno-ocl (probe 508 t/s),3.09332566699959,3.201644542001304,2204,403,365.0,30.86260994804794,4,824,67.1,6,up_1787081646.jpeg,What does the black tag on the shoe say? Answer briefly with just the fact.,CROCS,court conditioned,court-conditioned,False
2026-08-19 01:04:12,phone,llama.cpp,phone-gpu,qwen3-2b-q4,128,serial,146,adreno-ocl,adreno-ocl (probe 508 t/s),1.4602415839981404,1.5314976669978932,388,393,371.9,28.8654437340338,3,824,61.6,6,up_1787081650.jpeg,What company name is on the office wall? Answer briefly with just the fact.,Arrowhead,arrowhead,,True
2026-08-19 01:04:13,phone,llama.cpp,phone-gpu,qwen3-2b-q4,128,serial,147,adreno-ocl,adreno-ocl (probe 508 t/s),0.8803469580016099,1.1197346660010226,399,382,384.8,31.549473518160667,9,824,61.9,6,up_1787081652.jpg,What is the license plate of the red car? Answer briefly with just the fact.,KA04AD9548,KA04AD9548,ka 04 ad 9548|KA-04-AD-9548,True
2026-08-19 01:04:15,phone,llama.cpp,phone-gpu,qwen3-2b-q4,128,serial,143,adreno-ocl,adreno-ocl (probe 508 t/s),0.8651434999992489,0.9636129169994092,391,384,372.5,30.629122169358624,4,824,60.7,6,up_1787081653.jpg,What brand is the watch? Answer briefly with just the fact.,Breguet,titan,titan company,False
2026-08-19 01:04:18,phone,llama.cpp,phone-gpu,qwen3-2b-q4,128,serial,147,adreno-ocl,adreno-ocl (probe 508 t/s),1.6561015840015898,1.6958187090021966,400,379,388.3,25.753946792345925,2,824,62.0,6,up_1787081657.jpeg,What flavour is the Smirnoff bottle? Answer briefly with just the fact.,Strawberry,jamun,smirnoff jamun,False
2026-08-19 01:04:20,phone,llama.cpp,phone-gpu,qwen3-2b-q4,128,serial,151,adreno-ocl,adreno-ocl (probe 508 t/s),0.9324217909997969,0.9690743749997637,395,404,373.8,30.8384987818793,2,824,56.5,6,up_1787081659.jpg,What sauce is drizzled over the food in the wrapper? Answer briefly with just the fact.,chocolate,chocolate,chocolate sauce|chocolate syrup|chocolate ganache,True
2026-08-19 01:04:22,phone,llama.cpp,phone-gpu,qwen3-2b-q4,128,serial,152,adreno-ocl,adreno-ocl (probe 508 t/s),0.9294932909979252,1.0510644159985532,395,399,380.7,31.810409956658315,5,824,59.2,6,up_1787081660.jpg,What brand name is printed at the top of the waffle packet? Answer briefly with just the fact.,NO WAFFLES,xo waffles,xo,False
2026-08-19 01:04:23,phone,llama.cpp,phone-gpu,qwen3-2b-q4,128,serial,144,adreno-ocl,adreno-ocl (probe 508 t/s),0.8983020410014433,1.1988859580014832,389,397,362.4,30.188983033791533,10,824,60.7,6,up_1787081662.jpg,What fruits are in the jar? Answer briefly with just the fact.,"Mango, pomegranate, and yogurt",mango and pomegranate,"pomegranate and mango|mango, pomegranate",True
2026-08-19 01:04:58,phone,llama.cpp,phone-gpu,qwen3-2b-q4,128,serial,144,adreno-ocl,adreno-ocl (probe 508 t/s),0.9178938329969242,0.9889125419977063,382,400,360.2,29.44684109012206,3,824,49.9,6,up_1787081697.jpg,What brand is the excavator? Answer briefly with just the fact.,JCB,jcb,,True
2026-08-19 01:05:00,phone,llama.cpp,phone-gpu,qwen3-2b-q4,128,serial,148,adreno-ocl,adreno-ocl (probe 508 t/s),1.217461791999085,1.2504250839992892,391,388,381.3,29.004002552352222,2,824,55.7,6,up_1787081699.jpeg,What utensil is resting in the bowl of soup? Answer briefly with just the fact.,spoon,spoon,a spoon|black spoon,True
2026-08-19 01:05:02,phone,llama.cpp,phone-gpu,qwen3-2b-q4,128,serial,151,adreno-ocl,adreno-ocl (probe 508 t/s),1.216190249997453,1.3222423329971207,391,395,382.2,31.23828564288392,3,824,64.3,6,up_1787081700.jpeg,What meat dish is in the top-right compartment of the meal tray? Answer briefly with just the fact.,Mutton,fried chicken,chicken fry|fried chicken pieces|chicken 65,False
2026-08-19 01:05:03,phone,llama.cpp,phone-gpu,qwen3-2b-q4,128,serial,146,adreno-ocl,adreno-ocl (probe 508 t/s),0.9256006670002535,0.9511955419984588,391,383,381.5,26.67520273154076,2,824,66.3,6,up_1787081702.jpg,What food is on the round wooden board? Answer briefly with just the fact.,pizza,pizza,a pizza|chicken pizza,True
2026-08-19 01:05:38,phone,llama.cpp,phone-gpu,qwen3-2b-q4,128,serial,149,adreno-ocl,adreno-ocl (probe 508 t/s),1.1784636660013348,1.3065707909991033,390,387,385.5,31.486393942017806,5,824,48.8,6,up_1787081737.jpeg,Which team is ranked number 1 in the overall ranking? Answer briefly with just the fact.,DRASULTAN,orangutan,team orangutan,False
2026-08-19 01:05:40,phone,llama.cpp,phone-gpu,qwen3-2b-q4,128,serial,143,adreno-ocl,adreno-ocl (probe 508 t/s),0.9332584170006157,0.9637112920026993,397,387,369.3,28.762080073630923,2,824,53.8,6,up_1787081739.jpg,What type of vehicles fill the parking shed? Answer briefly with just the fact.,bicycles,bicycles,cycles|bikes|bicycle,True
2026-08-19 01:05:42,phone,llama.cpp,phone-gpu,qwen3-2b-q4,128,serial,147,adreno-ocl,adreno-ocl (probe 508 t/s),0.8869336249990738,1.0517614579985093,402,399,368.1,30.958410471372755,6,824,54.9,6,up_1787081740.jpg,What two foods are in the white bowl? Answer briefly with just the fact.,hard boiled egg and almond,boiled eggs and almonds,eggs and almonds|almonds and boiled eggs,False
2026-08-19 01:05:43,phone,llama.cpp,phone-gpu,qwen3-2b-q4,128,serial,148,adreno-ocl,adreno-ocl (probe 508 t/s),0.9269282499990368,1.1102352079979028,391,387,382.7,29.696501752093603,7,824,59.3,6,up_1787081742.jpg,What does the white signboard on the building say? Answer briefly with just the fact.,S. R. R.,pg gents,pg for gents|gents pg,False
2026-08-19 01:05:47,phone,llama.cpp,phone-gpu,qwen3-2b-q4,128,serial,142,adreno-ocl,adreno-ocl (probe 508 t/s),0.9002883749999455,1.054343499999959,389,389,364.8,30.99410492124398,6,824,57.3,6,up_1787081745.jpg,What number is stamped on the key? Answer briefly with just the fact.,12345,52,fifty two|fifty-two,False
2026-08-19 01:05:48,phone,llama.cpp,phone-gpu,qwen3-2b-q4,128,serial,147,adreno-ocl,adreno-ocl (probe 508 t/s),0.8568385420003324,0.9609700840010191,389,386,380.4,29.23720141508055,4,824,65.1,6,up_1787081747.jpg,What bakery brand name is written on the box? Answer briefly with just the fact.,Mochi,theobroma,,False
2026-08-19 01:05:50,phone,llama.cpp,phone-gpu,qwen3-2b-q4,128,serial,148,adreno-ocl,adreno-ocl (probe 508 t/s),0.9147297499985143,1.0115111659979448,383,398,372.0,28.018267910677764,4,824,59.2,6,up_1787081748.jpg,What is painted on the compound wall behind the bikes? Answer briefly with just the fact.,NO PARKING,no parking,no-parking,True
2026-08-19 01:05:51,phone,llama.cpp,phone-gpu,qwen3-2b-q4,128,serial,146,adreno-ocl,adreno-ocl (probe 508 t/s),0.8687190420023398,1.0691954590001842,388,384,379.7,30.321406913280775,7,824,62.3,6,up_1787081750.jpg,How much money was paid in this transaction? Answer briefly with just the fact.,"25,000","₹25,000","25000|rs 25000|25,000|twenty five thousand rupees",True
2026-08-19 01:06:28,phone,llama.cpp,phone-gpu,qwen3-2b-q4,128,serial,150,adreno-ocl,adreno-ocl (probe 508 t/s),1.4035376669999096,1.4443484170005831,451,646,232.1,22.002200220022,2,824,93.8,6,up_1787081785.jpg,What sport are the players painted on the flyover pillars playing? Answer briefly with just the fact.,football,basketball,playing basketball,False
2026-08-19 01:06:30,phone,llama.cpp,phone-gpu,qwen3-2b-q4,128,serial,149,adreno-ocl,adreno-ocl (probe 508 t/s),0.8831122079973284,0.9176114580004651,414,377,395.2,29.766334275933918,2,824,87.2,6,up_1787081789.jpg,What sport is the academy on the blue building banner for? Answer briefly with just the fact.,football,badminton,badminton academy,False
2026-08-19 01:06:31,phone,llama.cpp,phone-gpu,qwen3-2b-q4,128,serial,141,adreno-ocl,adreno-ocl (probe 508 t/s),0.8294341660002829,0.8971192499993776,370,366,385.4,31.77579002557951,3,824,71.5,6,up_1787081790.jpg,What does the button to the right of Add Friend say? Answer briefly with just the fact.,Invite Team,invite to team,x invite to team,False
2026-08-19 01:06:33,phone,llama.cpp,phone-gpu,qwen3-2b-q4,128,serial,145,adreno-ocl,adreno-ocl (probe 508 t/s),1.1756343749984808,1.24477033400035,406,379,382.8,28.321792203010606,3,824,74.0,6,up_1787081791.jpeg,What snack is in the orange packet? Answer briefly with just the fact.,potato chips,masala chana dal,chana dal,False
2026-08-19 01:07:09,phone,llama.cpp,phone-gpu,qwen3-2b-q4,128,serial,145,adreno-ocl,adreno-ocl (probe 508 t/s),1.4406802909979888,1.542806165998627,400,405,358.2,30.22365504735039,4,824,53.4,6,up_1787081827.jpg,What colour is the striped straw in the green drink? Answer briefly with just the fact.,blue and white,blue and white,white and blue|blue-white,True
2026-08-19 01:07:11,phone,llama.cpp,phone-gpu,qwen3-2b-q4,128,serial,141,adreno-ocl,adreno-ocl (probe 508 t/s),1.8569323750016338,1.9090345830009028,359,430,327.6,20.2020202020202,2,824,54.6,6,up_1787081829.jpg,What type of building is shown? Answer briefly with just the fact.,temple,temple,hindu temple|south indian temple|gopuram,True
2026-08-19 01:07:16,phone,llama.cpp,phone-gpu,qwen3-2b-q4,128,serial,149,adreno-ocl,adreno-ocl (probe 508 t/s),1.9268127499999537,2.106715207999514,399,396,376.6,31.39487426352857,7,824,57.3,6,up_1787081831.jpg,What does the blue sign at the base of the tower say in English? Answer briefly with just the fact.,KERALA STATE TOURISM,raja gopuram,rajagopuram,False
2026-08-19 01:07:17,phone,llama.cpp,phone-gpu,qwen3-2b-q4,128,serial,144,adreno-ocl,adreno-ocl (probe 508 t/s),0.9599553330008348,1.2752639999998792,367,375,384.4,28.523527155982492,10,824,56.9,6,up_1787081836.jpg,What is the BTCUSD price shown at the top right of the screen? Answer briefly with just the fact.,"$41,181.5",$64161.5,"64161.5|64,161.5|$64,161.5",False
2026-08-19 01:07:21,phone,llama.cpp,phone-gpu,qwen3-2b-q4,128,serial,141,adreno-ocl,adreno-ocl (probe 508 t/s),1.115227333000803,1.164201999999932,353,381,370.5,22.748987670048685,2,824,58.4,6,up_1787081839.jpg,How many players are remaining according to the top-left counter? Answer briefly with just the fact.,2,63,63 players|remaining 63,False
2026-08-19 01:07:23,phone,llama.cpp,phone-gpu,qwen3-2b-q4,128,serial,138,adreno-ocl,adreno-ocl (probe 508 t/s),1.182722041998204,1.5444442919979338,341,403,342.1,31.694807814210797,12,824,62.3,6,up_1787081841.jpg,What warning is shown in the orange banner? Answer briefly with just the fact.,Reaching the Pegasus 3000!,restricting the playzone in 50s,restricting the playzone in 50s!|restricting playzone in 50 seconds,False
2026-08-19 01:08:15,phone,llama.cpp,phone-gpu,qwen3-2b-q4,96,serial,118,adreno-ocl,adreno-ocl (probe 496 t/s),3.4902682499996445,3.5274832920003973,2718,340,346.7,27.365022028842734,2,825,54.2,6,up_1787081891.jpeg,What does the black tag on the shoe say? Answer briefly with just the fact.,Nike,court conditioned,court-conditioned,False
2026-08-19 01:08:17,phone,llama.cpp,phone-gpu,qwen3-2b-q4,96,serial,117,adreno-ocl,adreno-ocl (probe 496 t/s),1.1533065000003262,1.2309900829968683,307,346,337.8,24.912805181863476,3,825,53.8,6,up_1787081895.jpeg,What company name is on the office wall? Answer briefly with just the fact.,Arrowhead,arrowhead,,True
2026-08-19 01:08:18,phone,llama.cpp,phone-gpu,qwen3-2b-q4,96,serial,107,adreno-ocl,adreno-ocl (probe 496 t/s),0.6718676669988781,0.9375085419997049,259,334,320.8,30.586535042610866,9,825,62.6,6,up_1787081897.jpg,What is the license plate of the red car? Answer briefly with just the fact.,KA04AD9548,KA04AD9548,ka 04 ad 9548|KA-04-AD-9548,True
2026-08-19 01:08:20,phone,llama.cpp,phone-gpu,qwen3-2b-q4,96,serial,114,adreno-ocl,adreno-ocl (probe 496 t/s),0.7573559999982535,0.8252684580002096,320,331,344.9,28.192044205125317,3,825,56.9,6,up_1787081898.jpg,What brand is the watch? Answer briefly with just the fact.,IWC,titan,titan company,False
2026-08-19 01:08:23,phone,llama.cpp,phone-gpu,qwen3-2b-q4,96,serial,118,adreno-ocl,adreno-ocl (probe 496 t/s),1.058984250001231,1.1026979999987816,307,348,339.5,21.5633423180593,2,825,56.1,6,up_1787081902.jpeg,What flavour is the Smirnoff bottle? Answer briefly with just the fact.,Cherry,jamun,smirnoff jamun,False
2026-08-19 01:08:25,phone,llama.cpp,phone-gpu,qwen3-2b-q4,96,serial,111,adreno-ocl,adreno-ocl (probe 496 t/s),0.7754837499996938,0.8245297079993179,289,347,319.8,30.142271521581865,2,825,56.5,6,up_1787081903.jpg,What sauce is drizzled over the food in the wrapper? Answer briefly with just the fact.,chocolate,chocolate,chocolate sauce|chocolate syrup|chocolate ganache,True
2026-08-19 01:08:27,phone,llama.cpp,phone-gpu,qwen3-2b-q4,96,serial,112,adreno-ocl,adreno-ocl (probe 496 t/s),0.7357862499993644,0.8520137499981502,296,339,330.0,25.441192683112988,4,825,59.2,6,up_1787081905.jpg,What brand name is printed at the top of the waffle packet? Answer briefly with just the fact.,NO Waffles,xo waffles,xo,False
2026-08-19 01:08:29,phone,llama.cpp,phone-gpu,qwen3-2b-q4,96,serial,115,adreno-ocl,adreno-ocl (probe 496 t/s),0.7466977500007488,0.9664061250005034,307,361,318.1,28.994331608170597,7,825,58.8,6,up_1787081907.jpg,What fruits are in the jar? Answer briefly with just the fact.,Mango and pomegranate,mango and pomegranate,"pomegranate and mango|mango, pomegranate",True
2026-08-19 01:08:33,phone,llama.cpp,phone-gpu,qwen3-2b-q4,96,serial,115,adreno-ocl,adreno-ocl (probe 496 t/s),0.8059105000029376,0.8741941660009616,309,345,333.1,27.81563795165642,3,825,55.7,6,up_1787081911.jpg,What brand is the excavator? Answer briefly with just the fact.,JCB,jcb,,True
2026-08-19 01:08:35,phone,llama.cpp,phone-gpu,qwen3-2b-q4,96,serial,119,adreno-ocl,adreno-ocl (probe 496 t/s),1.1224022079986753,1.15737608299969,309,343,347.4,28.74554444061171,2,825,58.4,6,up_1787081913.jpeg,What utensil is resting in the bowl of soup? Answer briefly with just the fact.,spoon,spoon,a spoon|black spoon,True
2026-08-19 01:08:36,phone,llama.cpp,phone-gpu,qwen3-2b-q4,96,serial,122,adreno-ocl,adreno-ocl (probe 496 t/s),1.1536892919975799,1.2188402079991647,316,342,357.2,31.167697798002152,3,825,60.1,6,up_1787081915.jpeg,What meat dish is in the top-right compartment of the meal tray? Answer briefly with just the fact.,Mutton,fried chicken,chicken fry|fried chicken pieces|chicken 65,False
2026-08-19 01:08:38,phone,llama.cpp,phone-gpu,qwen3-2b-q4,96,serial,117,adreno-ocl,adreno-ocl (probe 496 t/s),0.8126364170020679,0.851591875001759,322,327,357.9,23.625581779951332,2,825,58.8,6,up_1787081916.jpg,What food is on the round wooden board? Answer briefly with just the fact.,pizza,pizza,a pizza|chicken pizza,True
2026-08-19 01:09:14,phone,llama.cpp,phone-gpu,qwen3-2b-q4,96,serial,120,adreno-ocl,adreno-ocl (probe 496 t/s),1.0728978340011963,1.1687295000010636,316,336,356.9,31.726894888797233,4,825,51.9,6,up_1787081953.jpeg,Which team is ranked number 1 in the overall ranking? Answer briefly with just the fact.,Team 1,orangutan,team orangutan,False
2026-08-19 01:09:16,phone,llama.cpp,phone-gpu,qwen3-2b-q4,96,serial,114,adreno-ocl,adreno-ocl (probe 496 t/s),0.8293807499976538,0.8663307499991788,281,362,314.9,28.32058906825262,2,825,53.4,6,up_1787081954.jpg,What type of vehicles fill the parking shed? Answer briefly with just the fact.,bicycles,bicycles,cycles|bikes|bicycle,True
2026-08-19 01:09:18,phone,llama.cpp,phone-gpu,qwen3-2b-q4,96,serial,107,adreno-ocl,adreno-ocl (probe 496 t/s),0.7472845839984075,0.8507697089989961,288,346,309.5,29.448141822251017,4,825,58.4,6,up_1787081956.jpg,What two foods are in the white bowl? Answer briefly with just the fact.,egg and almond,boiled eggs and almonds,eggs and almonds|almonds and boiled eggs,False
2026-08-19 01:09:20,phone,llama.cpp,phone-gpu,qwen3-2b-q4,96,serial,119,adreno-ocl,adreno-ocl (probe 496 t/s),0.7790071660019748,0.9966216249995341,314,347,343.1,28.44801835845451,7,825,58.0,6,up_1787081958.jpg,What does the white signboard on the building say? Answer briefly with just the fact.,B. R. L.,pg gents,pg for gents|gents pg,False
2026-08-19 01:09:24,phone,llama.cpp,phone-gpu,qwen3-2b-q4,96,serial,113,adreno-ocl,adreno-ocl (probe 496 t/s),0.7528894999995828,0.9234947080003622,309,342,330.0,29.603140301123144,6,825,56.5,6,up_1787081962.jpg,What number is stamped on the key? Answer briefly with just the fact.,12345,52,fifty two|fifty-two,False
2026-08-19 01:09:25,phone,llama.cpp,phone-gpu,qwen3-2b-q4,96,serial,118,adreno-ocl,adreno-ocl (probe 496 t/s),0.7968209589998878,0.8902868340010173,311,352,334.8,32.38551719670963,4,825,57.3,6,up_1787081964.jpg,What bakery brand name is written on the box? Answer briefly with just the fact.,BAKERY,theobroma,,False
2026-08-19 01:09:27,phone,llama.cpp,phone-gpu,qwen3-2b-q4,96,serial,119,adreno-ocl,adreno-ocl (probe 496 t/s),0.7383270840000478,0.785287792001327,323,332,358.0,21.28837229105463,2,825,59.6,6,up_1787081965.jpg,What is painted on the compound wall behind the bikes? Answer briefly with just the fact.,graffiti,no parking,no-parking,False
2026-08-19 01:09:29,phone,llama.cpp,phone-gpu,qwen3-2b-q4,96,serial,117,adreno-ocl,adreno-ocl (probe 496 t/s),0.7780045420004171,0.9819444580025447,310,353,331.7,29.279290270003855,7,825,58.4,6,up_1787081967.jpg,How much money was paid in this transaction? Answer briefly with just the fact.,"25,000","₹25,000","25000|rs 25000|25,000|twenty five thousand rupees",True
2026-08-19 01:10:35,phone,llama.cpp,phone-gpu,qwen3-2b-q4,96,serial,121,adreno-ocl,adreno-ocl (probe 496 t/s),0.8334534160021576,0.8676140830029908,394,358,337.9,30.69838833461243,2,825,59.6,6,up_1787082033.jpg,What sport are the players painted on the flyover pillars playing? Answer briefly with just the fact.,football,basketball,playing basketball,False
2026-08-19 01:10:36,phone,llama.cpp,phone-gpu,qwen3-2b-q4,96,serial,120,adreno-ocl,adreno-ocl (probe 496 t/s),0.8068503750000673,0.8421284590003779,366,374,320.9,30.538080986990774,2,825,70.3,6,up_1787082035.jpg,What sport is the academy on the blue building banner for? Answer briefly with just the fact.,football,badminton,badminton academy,False
2026-08-19 01:10:37,phone,llama.cpp,phone-gpu,qwen3-2b-q4,96,serial,113,adreno-ocl,adreno-ocl (probe 496 t/s),0.7248602920008125,0.8031351669997093,296,345,327.2,24.00528116185561,3,825,66.9,6,up_1787082036.jpg,What does the button to the right of Add Friend say? Answer briefly with just the fact.,Add Friend,invite to team,x invite to team,False
2026-08-19 01:10:39,phone,llama.cpp,phone-gpu,qwen3-2b-q4,96,serial,116,adreno-ocl,adreno-ocl (probe 496 t/s),1.4499385409981187,1.4633295829989947,305,359,322.7,31.80358108322997,2,825,67.8,6,up_1787082037.jpeg,What snack is in the orange packet? Answer briefly with just the fact.,chips,masala chana dal,chana dal,False
2026-08-19 01:11:15,phone,llama.cpp,phone-gpu,qwen3-2b-q4,96,serial,116,adreno-ocl,adreno-ocl (probe 496 t/s),1.2643660419998923,1.3652082500011602,286,360,321.9,29.589592354049337,4,825,52.6,6,up_1787082073.jpg,What colour is the striped straw in the green drink? Answer briefly with just the fact.,Blue and white,blue and white,white and blue|blue-white,True
2026-08-19 01:11:17,phone,llama.cpp,phone-gpu,qwen3-2b-q4,96,serial,112,adreno-ocl,adreno-ocl (probe 496 t/s),1.8354179590023705,1.876083834002202,295,360,310.7,26.21575566915716,2,825,52.6,6,up_1787082075.jpg,What type of building is shown? Answer briefly with just the fact.,Temple,temple,hindu temple|south indian temple|gopuram,True
2026-08-19 01:11:19,phone,llama.cpp,phone-gpu,qwen3-2b-q4,96,serial,120,adreno-ocl,adreno-ocl (probe 496 t/s),1.9992551249997632,2.045253208001668,296,347,346.0,21.72826630163179,2,825,54.6,6,up_1787082077.jpg,What does the blue sign at the base of the tower say in English? Answer briefly with just the fact.,Welcome,raja gopuram,rajagopuram,False
2026-08-19 01:11:21,phone,llama.cpp,phone-gpu,qwen3-2b-q4,96,serial,116,adreno-ocl,adreno-ocl (probe 496 t/s),0.8512457079996238,1.0416604579986597,298,340,341.2,31.676310343371206,7,825,60.7,6,up_1787082079.jpg,What is the BTCUSD price shown at the top right of the screen? Answer briefly with just the fact.,584.67,$64161.5,"64161.5|64,161.5|$64,161.5",False
2026-08-19 01:11:25,phone,llama.cpp,phone-gpu,qwen3-2b-q4,96,serial,113,adreno-ocl,adreno-ocl (probe 496 t/s),1.238437874999363,1.2649313749971043,291,349,323.3,20.048115477145146,2,825,54.6,6,up_1787082083.jpg,How many players are remaining according to the top-left counter? Answer briefly with just the fact.,1,63,63 players|remaining 63,False
2026-08-19 01:11:26,phone,llama.cpp,phone-gpu,qwen3-2b-q4,96,serial,110,adreno-ocl,adreno-ocl (probe 496 t/s),1.11397874999966,1.4069784999992407,289,349,315.4,31.657702846730988,10,825,59.6,6,up_1787082085.jpg,What warning is shown in the orange banner? Answer briefly with just the fact.,Forbidding Player in 30 min,restricting the playzone in 50s,restricting the playzone in 50s!|restricting playzone in 50 seconds,False
2026-08-19 01:12:06,phone,llama.cpp,phone-gpu,qwen3-2b-q4,256,serial,279,adreno-ocl,adreno-ocl (probe 487 t/s),4.295401125000353,4.342120749999594,3265,646,432.0,25.41877430670293,2,823,58.4,6,up_1787082121.jpeg,What does the black tag on the shoe say? Answer briefly with just the fact.,Coach,court conditioned,court-conditioned,False
2026-08-19 01:12:09,phone,llama.cpp,phone-gpu,qwen3-2b-q4,256,serial,278,adreno-ocl,adreno-ocl (probe 487 t/s),1.9777157080025063,2.02970541600007,890,638,435.8,27.7588863134811,3,823,58.4,6,up_1787082126.jpeg,What company name is on the office wall? Answer briefly with just the fact.,Arrowhead,arrowhead,,True
2026-08-19 01:12:11,phone,llama.cpp,phone-gpu,qwen3-2b-q4,256,serial,265,adreno-ocl,adreno-ocl (probe 487 t/s),1.5963762499995937,1.9025353749966598,833,611,434.0,26.280604585308488,9,823,62.4,6,up_1787082129.jpg,What is the license plate of the red car? Answer briefly with just the fact.,KA04AD9548,KA04AD9548,ka 04 ad 9548|KA-04-AD-9548,True
2026-08-19 01:12:13,phone,llama.cpp,phone-gpu,qwen3-2b-q4,256,serial,254,adreno-ocl,adreno-ocl (probe 487 t/s),1.5790458329975081,1.7185007079970092,805,606,419.1,28.06958449997544,5,823,63.8,6,up_1787082131.jpg,What brand is the watch? Answer briefly with just the fact.,ETHIOPIA,titan,titan company,False
2026-08-19 01:12:51,phone,llama.cpp,phone-gpu,qwen3-2b-q4,256,serial,279,adreno-ocl,adreno-ocl (probe 487 t/s),2.180015916001139,2.238957333000144,895,635,439.1,26.730106118521288,3,823,52.3,6,up_1787082169.jpeg,What flavour is the Smirnoff bottle? Answer briefly with just the fact.,Blackberry,jamun,smirnoff jamun,False
2026-08-19 01:12:53,phone,llama.cpp,phone-gpu,qwen3-2b-q4,256,serial,286,adreno-ocl,adreno-ocl (probe 487 t/s),1.6921097500016913,1.7144086250009423,886,638,447.9,24.788062069307422,2,823,58.4,6,up_1787082171.jpg,What sauce is drizzled over the food in the wrapper? Answer briefly with just the fact.,chocolate,chocolate,chocolate sauce|chocolate syrup|chocolate ganache,True
2026-08-19 01:12:55,phone,llama.cpp,phone-gpu,qwen3-2b-q4,256,serial,287,adreno-ocl,adreno-ocl (probe 487 t/s),1.658807791001891,1.7588733330012474,893,625,459.1,29.596598364294664,4,823,62.8,6,up_1787082173.jpg,What brand name is printed at the top of the waffle packet? Answer briefly with just the fact.,XO Waffles,xo waffles,xo,True
2026-08-19 01:12:57,phone,llama.cpp,phone-gpu,qwen3-2b-q4,256,serial,255,adreno-ocl,adreno-ocl (probe 487 t/s),1.5278438749992347,1.741530999999668,808,610,418.0,26.71748926847514,7,823,65.1,6,up_1787082175.jpg,What fruits are in the jar? Answer briefly with just the fact.,Mango and pomegranate,mango and pomegranate,"pomegranate and mango|mango, pomegranate",True
2026-08-19 01:13:33,phone,llama.cpp,phone-gpu,qwen3-2b-q4,256,serial,276,adreno-ocl,adreno-ocl (probe 487 t/s),1.7161442920005356,1.7918969170023047,890,648,425.8,25.894660521000567,3,823,52.3,6,up_1787082211.jpg,What brand is the excavator? Answer briefly with just the fact.,Komatsu,jcb,,False
2026-08-19 01:13:35,phone,llama.cpp,phone-gpu,qwen3-2b-q4,256,serial,280,adreno-ocl,adreno-ocl (probe 487 t/s),1.9852957500006596,2.0100973330008856,888,646,433.1,26.210258695253323,2,823,56.5,6,up_1787082213.jpeg,What utensil is resting in the bowl of soup? Answer briefly with just the fact.,spoon,spoon,a spoon|black spoon,True
2026-08-19 01:13:38,phone,llama.cpp,phone-gpu,qwen3-2b-q4,256,serial,283,adreno-ocl,adreno-ocl (probe 487 t/s),2.153539750001073,2.19429350000064,885,647,437.7,25.59443065189015,2,823,60.7,6,up_1787082215.jpeg,What meat dish is in the top-right compartment of the meal tray? Answer briefly with just the fact.,curry,fried chicken,chicken fry|fried chicken pieces|chicken 65,False
2026-08-19 01:13:39,phone,llama.cpp,phone-gpu,qwen3-2b-q4,256,serial,257,adreno-ocl,adreno-ocl (probe 487 t/s),1.5476820840012806,1.587087584000983,811,617,416.8,22.220247089147634,2,828,62.8,6,up_1787082218.jpg,What food is on the round wooden board? Answer briefly with just the fact.,pizza,pizza,a pizza|chicken pizza,True
2026-08-19 01:14:15,phone,llama.cpp,phone-gpu,qwen3-2b-q4,256,serial,281,adreno-ocl,adreno-ocl (probe 487 t/s),2.038860291999299,2.095026874998439,889,640,438.8,29.23057810775853,5,844,51.9,6,up_1787082253.jpeg,Which team is ranked number 1 in the overall ranking? Answer briefly with just the fact.,ORANGUTAN,orangutan,team orangutan,True
2026-08-19 01:14:17,phone,llama.cpp,phone-gpu,qwen3-2b-q4,256,serial,260,adreno-ocl,adreno-ocl (probe 487 t/s),1.672626957999455,1.766268958002911,801,626,415.0,25.89779005524862,4,878,58.4,6,up_1787082255.jpg,What type of vehicles fill the parking shed? Answer briefly with just the fact.,Bicycles,bicycles,cycles|bikes|bicycle,True
2026-08-19 01:14:20,phone,llama.cpp,phone-gpu,qwen3-2b-q4,256,serial,282,adreno-ocl,adreno-ocl (probe 487 t/s),1.7189715829990746,1.8797405829973286,895,644,438.1,28.405862970117028,6,878,60.7,6,up_1787082257.jpg,What two foods are in the white bowl? Answer briefly with just the fact.,hard boiled egg and almonds,boiled eggs and almonds,eggs and almonds|almonds and boiled eggs,False
2026-08-19 01:14:22,phone,llama.cpp,phone-gpu,qwen3-2b-q4,256,serial,259,adreno-ocl,adreno-ocl (probe 487 t/s),1.5600417499990726,1.7768805830019119,793,613,422.7,27.62583568152937,7,895,67.2,6,up_1787082260.jpg,What does the white signboard on the building say? Answer briefly with just the fact.,P.S. LOKESH,pg gents,pg for gents|gents pg,False
2026-08-19 01:14:58,phone,llama.cpp,phone-gpu,qwen3-2b-q4,256,serial,259,adreno-ocl,adreno-ocl (probe 487 t/s),1.6741168330008804,1.6743758330012497,821,617,420.1,27.16579283366385,3,895,51.9,6,up_1787082296.jpg,What number is stamped on the key? Answer briefly with just the fact.,12,52,fifty two|fifty-two,False
2026-08-19 01:15:00,phone,llama.cpp,phone-gpu,qwen3-2b-q4,256,serial,258,adreno-ocl,adreno-ocl (probe 487 t/s),1.5534917079967272,1.6319133329998294,810,592,435.8,27.96694307328737,3,895,60.3,6,up_1787082298.jpg,What bakery brand name is written on the box? Answer briefly with just the fact.,HCL,theobroma,,False
2026-08-19 01:15:02,phone,llama.cpp,phone-gpu,qwen3-2b-q4,256,serial,259,adreno-ocl,adreno-ocl (probe 487 t/s),1.586572125001112,1.6960242080021999,832,618,419.3,28.21935847991722,4,895,66.3,6,up_1787082300.jpg,What is painted on the compound wall behind the bikes? Answer briefly with just the fact.,NO PARKING,no parking,no-parking,True
2026-08-19 01:15:04,phone,llama.cpp,phone-gpu,qwen3-2b-q4,256,serial,257,adreno-ocl,adreno-ocl (probe 487 t/s),1.5669417919998523,1.7806092089995218,801,603,425.9,27.36801773447549,7,895,66.5,6,up_1787082302.jpg,How much money was paid in this transaction? Answer briefly with just the fact.,"25,000","₹25,000","25000|rs 25000|25,000|twenty five thousand rupees",True
2026-08-19 01:15:41,phone,llama.cpp,phone-gpu,qwen3-2b-q4,256,serial,261,adreno-ocl,adreno-ocl (probe 487 t/s),1.5704892089997884,1.606766124998103,814,611,427.2,28.074115665356544,2,895,54.2,6,up_1787082339.jpg,What sport are the players painted on the flyover pillars playing? Answer briefly with just the fact.,football,basketball,playing basketball,False
2026-08-19 01:15:43,phone,llama.cpp,phone-gpu,qwen3-2b-q4,256,serial,260,adreno-ocl,adreno-ocl (probe 487 t/s),1.5490844169980846,1.5922088329971302,810,594,437.9,20.975793933800393,2,895,57.3,6,up_1787082341.jpg,What sport is the academy on the blue building banner for? Answer briefly with just the fact.,football,badminton,badminton academy,False
2026-08-19 01:15:45,phone,llama.cpp,phone-gpu,qwen3-2b-q4,256,serial,259,adreno-ocl,adreno-ocl (probe 487 t/s),1.549240958000155,1.6597975000004226,806,616,420.4,26.471600384720595,4,895,59.7,6,up_1787082343.jpg,What does the button to the right of Add Friend say? Answer briefly with just the fact.,Invite to Team,invite to team,x invite to team,True
2026-08-19 01:15:47,phone,llama.cpp,phone-gpu,qwen3-2b-q4,256,serial,277,adreno-ocl,adreno-ocl (probe 487 t/s),2.047134292002738,2.160403750000114,901,615,450.4,27.39375787570539,4,895,63.6,6,up_1787082345.jpeg,What snack is in the orange packet? Answer briefly with just the fact.,Cheetos,masala chana dal,chana dal,False
2026-08-19 01:16:24,phone,llama.cpp,phone-gpu,qwen3-2b-q4,256,serial,262,adreno-ocl,adreno-ocl (probe 487 t/s),2.224213500001497,2.280226875001972,821,610,429.8,26.368526526737682,4,895,51.9,6,up_1787082381.jpg,What colour is the striped straw in the green drink? Answer briefly with just the fact.,Blue and white,blue and white,white and blue|blue-white,True
2026-08-19 01:16:29,phone,llama.cpp,phone-gpu,qwen3-2b-q4,256,serial,258,adreno-ocl,adreno-ocl (probe 487 t/s),2.5625976670016826,2.6124202080027317,828,633,407.5,20.762826235907234,2,895,57.7,6,up_1787082384.jpg,What type of building is shown? Answer briefly with just the fact.,Temple,temple,hindu temple|south indian temple|gopuram,True
2026-08-19 01:16:33,phone,llama.cpp,phone-gpu,qwen3-2b-q4,256,serial,266,adreno-ocl,adreno-ocl (probe 487 t/s),2.8733177079993766,3.116914958001871,824,628,423.6,25.414682909472898,7,895,61.6,6,up_1787082389.jpg,What does the blue sign at the base of the tower say in English? Answer briefly with just the fact.,Kalam Sripuram,raja gopuram,rajagopuram,False
2026-08-19 01:16:35,phone,llama.cpp,phone-gpu,qwen3-2b-q4,256,serial,262,adreno-ocl,adreno-ocl (probe 487 t/s),1.7460544589994242,2.1367245840010582,809,614,426.8,27.30964494730604,11,895,59.2,6,up_1787082393.jpg,What is the BTCUSD price shown at the top right of the screen? Answer briefly with just the fact.,"$64,161.15",$64161.5,"64161.5|64,161.5|$64,161.5",False
2026-08-19 01:17:45,phone,llama.cpp,phone-gpu,qwen3-2b-q4,256,serial,259,adreno-ocl,adreno-ocl (probe 487 t/s),1.9230529999986175,2.0110439579984813,795,636,407.1,23.074171925655016,3,895,51.1,6,up_1787082463.jpg,How many players are remaining according to the top-left counter? Answer briefly with just the fact.,63,63,63 players|remaining 63,True
2026-08-19 01:17:48,phone,llama.cpp,phone-gpu,qwen3-2b-q4,256,serial,256,adreno-ocl,adreno-ocl (probe 487 t/s),1.9028022499987856,2.315337042000465,813,594,431.3,26.214693574063656,12,895,58.4,6,up_1787082465.jpg,What warning is shown in the orange banner? Answer briefly with just the fact.,Restricting the Playzone in 50!,restricting the playzone in 50s,restricting the playzone in 50s!|restricting playzone in 50 seconds,False
2026-08-19 01:24:36,phone,llama.cpp,phone-gpu,smol500-q8,0,serial,160,adreno-ocl,adreno-ocl (probe 1208 t/s),0.9948720000029425,1.0299909160021343,556,277,578.1,52.31219920485457,3,211,52.3,6,up_1787082875.jpg,What does the black tag on the shoe say? Answer briefly with just the fact.,Air.,court conditioned,court-conditioned,False
2026-08-19 01:24:39,phone,llama.cpp,phone-gpu,smol500-q8,0,serial,159,adreno-ocl,adreno-ocl (probe 1208 t/s),0.9632375419969321,0.9840529169960064,562,267,595.1,61.88374107842733,4,213,51.1,6,up_1787082876.jpg,What company name is on the office wall? Answer briefly with just the fact.,Arrowhead.,arrowhead,,True
2026-08-19 01:24:41,phone,llama.cpp,phone-gpu,smol500-q8,0,serial,160,adreno-ocl,adreno-ocl (probe 1208 t/s),0.9926632499991683,1.1680939170037163,547,290,552.3,54.95142904244082,10,213,57.3,6,up_1787082879.jpg,What is the license plate of the red car? Answer briefly with just the fact.,KA04AD9548.,KA04AD9548,ka 04 ad 9548|KA-04-AD-9548,True
2026-08-19 01:24:42,phone,llama.cpp,phone-gpu,smol500-q8,0,serial,156,adreno-ocl,adreno-ocl (probe 1208 t/s),0.946935416002816,1.0129686250002123,559,268,583.1,53.07362638820704,5,222,54.6,6,up_1787082881.jpg,What brand is the watch? Answer briefly with just the fact.,Tissot.,titan,titan company,False
2026-08-19 01:24:47,phone,llama.cpp,phone-gpu,smol500-q8,0,serial,160,adreno-ocl,adreno-ocl (probe 1208 t/s),0.9460151250023046,1.0026649159990484,571,261,614.2,70.60775626202538,5,233,52.3,6,up_1787082885.jpg,What flavour is the Smirnoff bottle? Answer briefly with just the fact.,Vodka.,jamun,smirnoff jamun,False
2026-08-19 01:24:49,phone,llama.cpp,phone-gpu,smol500-q8,0,serial,163,adreno-ocl,adreno-ocl (probe 1208 t/s),0.9234060410017264,0.9723383750024368,555,284,574.1,39.695929182462336,3,239,53.4,6,up_1787082887.jpg,What sauce is drizzled over the food in the wrapper? Answer briefly with just the fact.,Chocolate.,chocolate,chocolate sauce|chocolate syrup|chocolate ganache,True
2026-08-19 01:24:51,phone,llama.cpp,phone-gpu,smol500-q8,0,serial,165,adreno-ocl,adreno-ocl (probe 1208 t/s),0.8935586250008782,1.0114232499981881,566,274,602.8,59.089681253376554,8,246,57.6,6,up_1787082889.jpg,What brand name is printed at the top of the waffle packet? Answer briefly with just the fact.,KO WAFELES.,xo waffles,xo,False
2026-08-19 01:24:53,phone,llama.cpp,phone-gpu,smol500-q8,0,serial,157,adreno-ocl,adreno-ocl (probe 1208 t/s),0.9580795840010978,1.016398375002609,557,277,567.1,54.19564628308193,4,246,53.0,6,up_1787082891.jpg,What fruits are in the jar? Answer briefly with just the fact.,Pineapple.,mango and pomegranate,"pomegranate and mango|mango, pomegranate",False
2026-08-19 01:24:57,phone,llama.cpp,phone-gpu,smol500-q8,0,serial,157,adreno-ocl,adreno-ocl (probe 1208 t/s),0.9634221669984981,1.043652166998072,569,262,598.8,49.48412796595492,5,253,54.9,6,up_1787082894.jpg,What brand is the excavator? Answer briefly with just the fact.,Caterpillar.,jcb,,False
2026-08-19 01:24:58,phone,llama.cpp,phone-gpu,smol500-q8,0,serial,161,adreno-ocl,adreno-ocl (probe 1208 t/s),0.952779624996765,1.0009353330024169,553,272,591.8,52.20364642470276,5,259,58.0,6,up_1787082897.jpg,What utensil is resting in the bowl of soup? Answer briefly with just the fact.,Chopsticks.,spoon,a spoon|black spoon,False
2026-08-19 01:25:00,phone,llama.cpp,phone-gpu,smol500-q8,0,serial,165,adreno-ocl,adreno-ocl (probe 1208 t/s),0.9778624999962631,1.040271624995512,549,298,554.3,48.079234578585506,4,265,56.1,6,up_1787082898.jpg,What meat dish is in the top-right compartment of the meal tray? Answer briefly with just the fact.,Pork.,fried chicken,chicken fry|fried chicken pieces|chicken 65,False
2026-08-19 01:25:02,phone,llama.cpp,phone-gpu,smol500-q8,0,serial,159,adreno-ocl,adreno-ocl (probe 1208 t/s),0.927411167001992,0.9771279589986079,575,257,618.0,61.96810708088904,4,271,56.9,6,up_1787082900.jpg,What food is on the round wooden board? Answer briefly with just the fact.,Pizza.,pizza,a pizza|chicken pizza,True
2026-08-19 01:25:06,phone,llama.cpp,phone-gpu,smol500-q8,0,serial,162,adreno-ocl,adreno-ocl (probe 1208 t/s),0.9316985409968765,1.046090791001916,568,269,602.8,61.76604566054926,9,278,59.2,6,up_1787082904.jpg,Which team is ranked number 1 in the overall ranking? Answer briefly with just the fact.,TEXAS AVIATION CO.,orangutan,team orangutan,False
2026-08-19 01:25:07,phone,llama.cpp,phone-gpu,smol500-q8,0,serial,159,adreno-ocl,adreno-ocl (probe 1208 t/s),1.002685958002985,1.056492541996704,560,262,607.3,55.4585031749993,5,284,56.9,6,up_1787082906.jpg,What type of vehicles fill the parking shed? Answer briefly with just the fact.,Bicycles.,bicycles,cycles|bikes|bicycle,True
2026-08-19 01:25:09,phone,llama.cpp,phone-gpu,smol500-q8,0,serial,159,adreno-ocl,adreno-ocl (probe 1208 t/s),0.9459625410017907,1.0018906250043074,555,270,589.6,48.83050930221202,4,298,58.8,6,up_1787082907.jpg,What two foods are in the white bowl? Answer briefly with just the fact.,Almonds.,boiled eggs and almonds,eggs and almonds|almonds and boiled eggs,False
2026-08-19 01:25:11,phone,llama.cpp,phone-gpu,smol500-q8,0,serial,161,adreno-ocl,adreno-ocl (probe 1208 t/s),0.9716723750025267,1.0312109580045217,562,294,546.8,66.53249280617422,5,298,59.6,6,up_1787082909.jpg,What does the white signboard on the building say? Answer briefly with just the fact.,F.C.,pg gents,pg for gents|gents pg,False
2026-08-19 01:25:16,phone,llama.cpp,phone-gpu,smol500-q8,0,serial,158,adreno-ocl,adreno-ocl (probe 1208 t/s),0.9429249579989119,1.0158423749962822,560,272,580.5,55.11160099200882,5,304,54.2,6,up_1787082913.jpg,What number is stamped on the key? Answer briefly with just the fact.,12.,52,fifty two|fifty-two,False
2026-08-19 01:25:17,phone,llama.cpp,phone-gpu,smol500-q8,0,serial,160,adreno-ocl,adreno-ocl (probe 1208 t/s),1.000694125003065,1.0851452920032898,552,271,590.7,61.61555998274764,7,310,61.5,6,up_1787082916.jpg,What bakery brand name is written on the box? Answer briefly with just the fact.,Krispy kreme.,theobroma,,False
2026-08-19 01:25:20,phone,llama.cpp,phone-gpu,smol500-q8,0,serial,161,adreno-ocl,adreno-ocl (probe 1208 t/s),0.9861561660000007,1.0232853749985225,572,269,598.1,50.743390673364786,4,316,56.5,6,up_1787082917.jpg,What is painted on the compound wall behind the bikes? Answer briefly with just the fact.,Tarp.,no parking,no-parking,False
2026-08-19 01:25:21,phone,llama.cpp,phone-gpu,smol500-q8,0,serial,159,adreno-ocl,adreno-ocl (probe 1208 t/s),0.9622848330036504,1.1119203330017626,572,260,610.7,54.87457729427178,9,323,61.1,6,up_1787082920.jpg,How much money was paid in this transaction? Answer briefly with just the fact.,"25,000.","₹25,000","25000|rs 25000|25,000|twenty five thousand rupees",True
2026-08-19 01:25:25,phone,llama.cpp,phone-gpu,smol500-q8,0,serial,163,adreno-ocl,adreno-ocl (probe 1208 t/s),0.9737811250015511,1.0384926659971825,555,282,577.4,45.15148322622398,4,330,58.4,6,up_1787082923.jpg,What sport are the players painted on the flyover pillars playing? Answer briefly with just the fact.,Basketball.,basketball,playing basketball,True
2026-08-19 01:25:27,phone,llama.cpp,phone-gpu,smol500-q8,0,serial,162,adreno-ocl,adreno-ocl (probe 1208 t/s),0.9946814159993664,1.0592290409986163,568,290,559.5,48.53819146698594,4,336,56.5,6,up_1787082925.jpg,What sport is the academy on the blue building banner for? Answer briefly with just the fact.,Cricket.,badminton,badminton academy,False
2026-08-19 01:25:29,phone,llama.cpp,phone-gpu,smol500-q8,0,serial,162,adreno-ocl,adreno-ocl (probe 1208 t/s),0.9772070000035455,1.0631665000037174,565,277,585.6,46.76776298097722,5,342,58.0,6,up_1787082927.jpg,What does the button to the right of Add Friend say? Answer briefly with just the fact.,X to team.,invite to team,x invite to team,False
2026-08-19 01:25:35,phone,llama.cpp,phone-gpu,smol500-q8,0,serial,158,adreno-ocl,adreno-ocl (probe 1208 t/s),0.9733672500005923,1.0381982089966186,555,278,567.8,50.035024517162014,4,349,56.5,6,up_1787082929.jpg,What snack is in the orange packet? Answer briefly with just the fact.,Popcorn.,masala chana dal,chana dal,False
2026-08-19 01:25:38,phone,llama.cpp,phone-gpu,smol500-q8,0,serial,161,adreno-ocl,adreno-ocl (probe 1208 t/s),0.9539545410007122,1.0212502909998875,563,277,582.0,60.69434328720563,5,355,56.5,6,up_1787082937.jpg,What colour is the striped straw in the green drink? Answer briefly with just the fact.,Blue and white.,blue and white,white and blue|blue-white,True
2026-08-19 01:25:40,phone,llama.cpp,phone-gpu,smol500-q8,0,serial,157,adreno-ocl,adreno-ocl (probe 1208 t/s),0.971750416996656,1.0173206670006039,568,264,595.5,45.43802253725918,3,361,55.7,6,up_1787082938.jpg,What type of building is shown? Answer briefly with just the fact.,Temple.,temple,hindu temple|south indian temple|gopuram,True
2026-08-19 01:25:42,phone,llama.cpp,phone-gpu,smol500-q8,0,serial,165,adreno-ocl,adreno-ocl (probe 1208 t/s),0.9364114589989185,1.017495209001936,559,271,609.7,59.455859969558595,6,368,58.4,6,up_1787082941.jpg,What does the blue sign at the base of the tower say in English? Answer briefly with just the fact.,Go for a walk.,raja gopuram,rajagopuram,False
2026-08-19 01:25:44,phone,llama.cpp,phone-gpu,smol500-q8,0,serial,166,adreno-ocl,adreno-ocl (probe 1208 t/s),0.9461477080039913,1.0552160410006763,561,269,616.2,54.21180552418298,7,374,59.2,6,up_1787082942.jpg,What is the BTCUSD price shown at the top right of the screen? Answer briefly with just the fact.,7.70.,$64161.5,"64161.5|64,161.5|$64,161.5",False
2026-08-19 01:25:48,phone,llama.cpp,phone-gpu,smol500-q8,0,serial,163,adreno-ocl,adreno-ocl (probe 1208 t/s),0.9644807079966995,1.0341954169998644,557,289,563.5,44.913541432741965,4,381,55.3,6,up_1787082946.jpg,How many players are remaining according to the top-left counter? Answer briefly with just the fact.,0.,63,63 players|remaining 63,False
2026-08-19 01:25:50,phone,llama.cpp,phone-gpu,smol500-q8,0,serial,159,adreno-ocl,adreno-ocl (probe 1208 t/s),0.9744745829957537,1.0364735419934732,569,254,624.8,47.478871902003604,4,388,58.0,6,up_1787082948.jpg,What warning is shown in the orange banner? Answer briefly with just the fact.,Caution.,restricting the playzone in 50s,restricting the playzone in 50s!|restricting playzone in 50 seconds,False
2026-08-19 01:34:24,phone,llama.cpp,phone-cpu,qwen3-2b-q4,128,serial,147,cpu,cpu (probe 62 t/s),14.301575999998022,23.582778417003283,4568,9302,15.8,0.322873348946771,4,3384,66.1,6,up_1787083440.jpeg,What does the black tag on the shoe say? Answer briefly with just the fact.,CROCS,court conditioned,court-conditioned,False
2026-08-19 01:34:43,phone,llama.cpp,phone-cpu,qwen3-2b-q4,128,serial,146,cpu,cpu (probe 62 t/s),10.8443929999994,16.992664124998555,4341,6125,23.8,0.3255531025129281,3,3431,67.1,6,up_1787083464.jpeg,What company name is on the office wall? Answer briefly with just the fact.,Arrowhead,arrowhead,,True
2026-08-19 01:35:22,phone,llama.cpp,phone-cpu,qwen3-2b-q4,128,serial,147,cpu,cpu (probe 62 t/s),12.462483415998577,37.14328645799833,4576,7799,18.8,0.3241568972868757,9,3431,68.4,6,up_1787083483.jpg,What is the license plate of the red car? Answer briefly with just the fact.,KA04AD9548,KA04AD9548,ka 04 ad 9548|KA-04-AD-9548,True
2026-08-19 01:35:42,phone,llama.cpp,phone-cpu,qwen3-2b-q4,128,serial,143,cpu,cpu (probe 62 t/s),10.832462124999438,20.058051166997757,4852,5850,24.4,0.32569753555531433,4,3433,66.5,6,up_1787083522.jpg,What brand is the watch? Answer briefly with just the fact.,Breguet,titan,titan company,False
2026-08-19 01:36:21,phone,llama.cpp,phone-cpu,qwen3-2b-q4,128,serial,147,cpu,cpu (probe 62 t/s),4.347009709003032,4.358603708998999,2515,1298,113.3,39.808917197452224,2,3483,80.7,6,up_1787083576.jpeg,What flavour is the Smirnoff bottle? Answer briefly with just the fact.,Strawberry,jamun,smirnoff jamun,False
2026-08-19 01:36:26,phone,llama.cpp,phone-cpu,qwen3-2b-q4,128,serial,151,cpu,cpu (probe 62 t/s),5.367586624997784,5.394139707997965,2536,2750,54.9,40.67520846044336,2,3483,90.3,6,up_1787083581.jpg,What sauce is drizzled over the food in the wrapper? Answer briefly with just the fact.,chocolate,chocolate,chocolate sauce|chocolate syrup|chocolate ganache,True
2026-08-19 01:36:30,phone,llama.cpp,phone-cpu,qwen3-2b-q4,128,serial,152,cpu,cpu (probe 62 t/s),2.400059208004677,2.4834496670009685,1620,690,220.3,36.39539962148785,4,3483,94.6,6,up_1787083586.jpg,What brand name is printed at the top of the waffle packet? Answer briefly with just the fact.,NO Waffles,xo waffles,xo,False
2026-08-19 01:36:42,phone,llama.cpp,phone-cpu,qwen3-2b-q4,128,serial,144,cpu,cpu (probe 62 t/s),4.18968437500007,10.84162158399704,2848,1262,114.1,0.9020116212170572,7,3499,96.5,6,up_1787083590.jpg,What fruits are in the jar? Answer briefly with just the fact.,Mango and pomegranate,mango and pomegranate,"pomegranate and mango|mango, pomegranate",True
2026-08-19 01:38:04,phone,llama.cpp,phone-cpu,qwen3-2b-q4,128,serial,144,cpu,cpu (probe 62 t/s),10.47267925000051,15.955455915995117,4812,5499,26.2,0.364989679004352,3,3499,71.1,6,up_1787083667.jpg,What brand is the excavator? Answer briefly with just the fact.,JCB,jcb,,True
2026-08-19 01:38:17,phone,llama.cpp,phone-cpu,qwen3-2b-q4,128,serial,148,cpu,cpu (probe 62 t/s),11.920687958001508,12.885488499996427,4012,7453,19.9,1.0376457892333872,2,3499,68.6,6,up_1787083684.jpeg,What utensil is resting in the bowl of soup? Answer briefly with just the fact.,spoon,spoon,a spoon|black spoon,True
2026-08-19 01:38:36,phone,llama.cpp,phone-cpu,qwen3-2b-q4,128,serial,151,cpu,cpu (probe 62 t/s),12.98957304200303,18.39855529199849,4145,8355,18.1,0.3679311232937194,3,3499,68.6,6,up_1787083697.jpeg,What meat dish is in the top-right compartment of the meal tray? Answer briefly with just the fact.,Mutton,fried chicken,chicken fry|fried chicken pieces|chicken 65,False
2026-08-19 01:38:52,phone,llama.cpp,phone-cpu,qwen3-2b-q4,128,serial,146,cpu,cpu (probe 62 t/s),13.045283790997928,14.968222874995263,3710,9223,15.8,0.5213174526135468,2,3499,69.9,6,up_1787083716.jpg,What food is on the round wooden board? Answer briefly with just the fact.,pizza,pizza,a pizza|chicken pizza,True
2026-08-19 01:39:53,phone,llama.cpp,phone-cpu,qwen3-2b-q4,128,serial,149,cpu,cpu (probe 62 t/s),9.317959833999339,27.844225000000733,2574,6323,23.6,0.3236366052850289,7,3499,66.5,6,up_1787083765.jpeg,Which team is ranked number 1 in the overall ranking? Answer briefly with just the fact.,DRASUSJUAN,orangutan,team orangutan,False
2026-08-19 01:40:10,phone,llama.cpp,phone-cpu,qwen3-2b-q4,128,serial,143,cpu,cpu (probe 62 t/s),13.849916083003336,16.93188587500481,4048,9620,14.9,0.32559279866871615,2,3499,69.0,6,up_1787083793.jpg,What type of vehicles fill the parking shed? Answer briefly with just the fact.,bicycles,bicycles,cycles|bikes|bicycle,True
2026-08-19 01:40:35,phone,llama.cpp,phone-cpu,qwen3-2b-q4,128,serial,147,cpu,cpu (probe 62 t/s),13.246953834001033,23.778422667004634,5128,7957,18.5,0.47370371216019225,6,3499,69.2,6,up_1787083810.jpg,What two foods are in the white bowl? Answer briefly with just the fact.,hard boiled egg and almond,boiled eggs and almonds,eggs and almonds|almonds and boiled eggs,False
2026-08-19 01:40:53,phone,llama.cpp,phone-cpu,qwen3-2b-q4,128,serial,148,cpu,cpu (probe 62 t/s),14.08298804199876,18.23519579200365,4036,9868,15.0,1.4401319160835133,7,3499,68.4,6,up_1787083835.jpg,What does the white signboard on the building say? Answer briefly with just the fact.,S. R. R.,pg gents,pg for gents|gents pg,False
2026-08-19 01:41:55,phone,llama.cpp,phone-cpu,qwen3-2b-q4,128,serial,142,cpu,cpu (probe 62 t/s),11.976478666998446,27.603877333996934,3566,8300,17.1,0.3199491562396836,6,3499,66.9,6,up_1787083887.jpg,What number is stamped on the key? Answer briefly with just the fact.,12345,52,fifty two|fifty-two,False
2026-08-19 01:42:18,phone,llama.cpp,phone-cpu,qwen3-2b-q4,128,serial,147,cpu,cpu (probe 62 t/s),13.090015583002241,22.166607749997638,4824,8143,18.1,0.44090879680288214,5,3499,66.7,6,up_1787083915.jpg,What bakery brand name is written on the box? Answer briefly with just the fact.,Bubba's,theobroma,,False
2026-08-19 01:42:23,phone,llama.cpp,phone-cpu,qwen3-2b-q4,128,serial,148,cpu,cpu (probe 62 t/s),3.7311091660012607,4.963558999996167,2157,1473,100.5,2.4382017449397155,4,3499,85.3,6,up_1787083938.jpg,What is painted on the compound wall behind the bikes? Answer briefly with just the fact.,NO PARKING,no parking,no-parking,True
2026-08-19 01:42:52,phone,llama.cpp,phone-cpu,qwen3-2b-q4,128,serial,146,cpu,cpu (probe 62 t/s),8.987843208000413,27.42475112500688,2288,6620,22.1,0.325531288765351,7,3499,88.4,6,up_1787083943.jpg,How much money was paid in this transaction? Answer briefly with just the fact.,"25,000","₹25,000","25000|rs 25000|25,000|twenty five thousand rupees",True
2026-08-19 01:43:43,phone,llama.cpp,phone-cpu,qwen3-2b-q4,128,serial,150,cpu,cpu (probe 62 t/s),13.4174794999999,16.607511166999757,4692,8594,17.5,0.32589446624678425,2,3499,63.8,6,up_1787084007.jpg,What sport are the players painted on the flyover pillars playing? Answer briefly with just the fact.,football,basketball,playing basketball,False
2026-08-19 01:44:00,phone,llama.cpp,phone-cpu,qwen3-2b-q4,128,serial,149,cpu,cpu (probe 62 t/s),13.17635795899696,16.268156291997002,4676,8362,17.8,0.3247312037460992,2,3499,66.5,6,up_1787084024.jpg,What sport is the academy on the blue building banner for? Answer briefly with just the fact.,football,badminton,badminton academy,False
2026-08-19 01:44:24,phone,llama.cpp,phone-cpu,qwen3-2b-q4,128,serial,141,cpu,cpu (probe 62 t/s),14.143408959003864,23.549660459000734,4412,9619,14.7,0.31893385938992846,4,3499,66.1,6,up_1787084040.jpg,What does the button to the right of Add Friend say? Answer briefly with just the fact.,Invite to team,invite to team,x invite to team,True
2026-08-19 01:44:40,phone,llama.cpp,phone-cpu,qwen3-2b-q4,128,serial,145,cpu,cpu (probe 62 t/s),12.27544579100504,15.596227875001205,4625,7112,20.4,0.30595869863527125,2,3499,66.9,6,up_1787084064.jpeg,What snack is in the orange packet? Answer briefly with just the fact.,chips,masala chana dal,chana dal,False
2026-08-19 01:45:40,phone,llama.cpp,phone-cpu,qwen3-2b-q4,128,serial,145,cpu,cpu (probe 62 t/s),15.03685100000439,24.494512792000023,4680,9672,15.0,0.31674133139684724,4,3499,63.4,6,up_1787084114.jpg,What colour is the striped straw in the green drink? Answer briefly with just the fact.,blue and white,blue and white,white and blue|blue-white,True
2026-08-19 01:46:00,phone,llama.cpp,phone-cpu,qwen3-2b-q4,128,serial,141,cpu,cpu (probe 62 t/s),15.769013207995158,18.901565832995402,5089,9577,14.7,0.3193657651396938,2,3499,66.7,6,up_1787084140.jpg,What type of building is shown? Answer briefly with just the fact.,Temple,temple,hindu temple|south indian temple|gopuram,True
2026-08-19 01:46:31,phone,llama.cpp,phone-cpu,qwen3-2b-q4,128,serial,149,cpu,cpu (probe 62 t/s),12.076036124999519,29.98270304199832,4372,6571,22.7,0.33513194926817236,7,3499,68.0,6,up_1787084160.jpg,What does the blue sign at the base of the tower say in English? Answer briefly with just the fact.,KERALA STATE TOURISM,raja gopuram,rajagopuram,False
2026-08-19 01:47:19,phone,llama.cpp,phone-cpu,qwen3-2b-q4,128,serial,144,cpu,cpu (probe 62 t/s),15.945966667000903,48.26227091700275,5041,10677,13.5,0.31001656387499127,11,3499,65.9,6,up_1787084191.jpg,What is the BTCUSD price shown at the top right of the screen? Answer briefly with just the fact.,"$41,181.50",$64161.5,"64161.5|64,161.5|$64,161.5",False
2026-08-19 01:48:14,phone,llama.cpp,phone-cpu,qwen3-2b-q4,128,serial,141,cpu,cpu (probe 62 t/s),12.53838800000085,19.245241625001654,4477,7688,18.3,0.2981754643337418,3,3499,62.3,6,up_1787084274.jpg,How many players are remaining according to the top-left counter? Answer briefly with just the fact.,12,63,63 players|remaining 63,False
2026-08-19 01:49:03,phone,llama.cpp,phone-cpu,qwen3-2b-q4,128,serial,138,cpu,cpu (probe 62 t/s),15.130454749996716,49.003553499998816,4677,9951,13.9,0.5016612660372254,18,3499,68.4,6,up_1787084294.jpg,What warning is shown in the orange banner? Answer briefly with just the fact.,Restricting the Pegasus 3000 to 3000,restricting the playzone in 50s,restricting the playzone in 50s!|restricting playzone in 50 seconds,False
2026-08-19 01:50:18,phone,llama.cpp,phone-cpu,smol500-q8,0,serial,160,cpu,cpu (probe 127 t/s),16.11834383400128,19.400618584004405,5900,10057,15.9,0.6074651390943302,3,1247,66.9,6,up_1787084398.jpg,What does the black tag on the shoe say? Answer briefly with just the fact.,Air.,court conditioned,court-conditioned,False
2026-08-19 01:50:42,phone,llama.cpp,phone-cpu,smol500-q8,0,serial,159,cpu,cpu (probe 127 t/s),19.81575837499986,24.182559041997592,5704,13945,11.4,0.6899819224736312,4,1259,67.4,6,up_1787084418.jpg,What company name is on the office wall? Answer briefly with just the fact.,Arrowhead.,arrowhead,,True
2026-08-19 01:51:19,phone,llama.cpp,phone-cpu,smol500-q8,0,serial,160,cpu,cpu (probe 127 t/s),19.749626541997714,35.459899166999094,5852,13704,11.7,0.5712285507646053,10,1266,67.6,6,up_1787084442.jpg,What is the license plate of the red car? Answer briefly with just the fact.,KA04AD9548.,KA04AD9548,ka 04 ad 9548|KA-04-AD-9548,True
2026-08-19 01:51:44,phone,llama.cpp,phone-cpu,smol500-q8,0,serial,156,cpu,cpu (probe 127 t/s),19.369717540997954,24.579634041001555,5444,13739,11.4,0.574308317420207,4,1273,67.4,6,up_1787084479.jpg,What brand is the watch? Answer briefly with just the fact.,Timex.,titan,titan company,False
2026-08-19 01:52:41,phone,llama.cpp,phone-cpu,smol500-q8,0,serial,160,cpu,cpu (probe 127 t/s),17.72846391699568,23.15474799999356,6304,11317,14.1,0.7396743768474523,5,1279,65.9,6,up_1787084537.jpg,What flavour is the Smirnoff bottle? Answer briefly with just the fact.,Vodka.,jamun,smirnoff jamun,False
2026-08-19 01:52:59,phone,llama.cpp,phone-cpu,smol500-q8,0,serial,163,cpu,cpu (probe 127 t/s),15.33994574999815,18.49681562499609,5653,9623,16.9,0.6337997148535083,3,1286,67.2,6,up_1787084561.jpg,What sauce is drizzled over the food in the wrapper? Answer briefly with just the fact.,Chocolate.,chocolate,chocolate sauce|chocolate syrup|chocolate ganache,True
2026-08-19 01:53:25,phone,llama.cpp,phone-cpu,smol500-q8,0,serial,165,cpu,cpu (probe 127 t/s),17.717571332999796,24.216457707996597,5728,11914,13.8,0.7702584124542775,6,1292,67.4,6,up_1787084579.jpg,What brand name is printed at the top of the waffle packet? Answer briefly with just the fact.,Ko Waffles.,xo waffles,xo,False
2026-08-19 01:53:47,phone,llama.cpp,phone-cpu,smol500-q8,0,serial,157,cpu,cpu (probe 127 t/s),17.333548667003924,21.3277414999975,4291,12882,12.2,0.7419525966486001,4,1299,67.6,6,up_1787084605.jpg,What fruits are in the jar? Answer briefly with just the fact.,Pineapple.,mango and pomegranate,"pomegranate and mango|mango, pomegranate",False
2026-08-19 01:54:44,phone,llama.cpp,phone-cpu,smol500-q8,0,serial,157,cpu,cpu (probe 127 t/s),16.146452125001815,22.363039541000035,5245,10810,14.5,0.6435294242567476,5,1305,63.6,6,up_1787084660.jpg,What brand is the excavator? Answer briefly with just the fact.,Caterpillar.,jcb,,False
2026-08-19 01:55:06,phone,llama.cpp,phone-cpu,smol500-q8,0,serial,161,cpu,cpu (probe 127 t/s),13.278081125004974,21.794839375004813,5222,7925,20.3,0.4688226491972408,5,1311,66.1,6,up_1787084684.jpg,What utensil is resting in the bowl of soup? Answer briefly with just the fact.,Chopsticks.,spoon,a spoon|black spoon,False
2026-08-19 01:55:35,phone,llama.cpp,phone-cpu,smol500-q8,0,serial,165,cpu,cpu (probe 127 t/s),17.52620954199665,28.587589583999943,5994,11341,14.5,0.4508717108570539,6,1318,65.9,6,up_1787084706.jpg,What meat dish is in the top-right compartment of the meal tray? Answer briefly with just the fact.,Shredded beef.,fried chicken,chicken fry|fried chicken pieces|chicken 65,False
2026-08-19 01:55:59,phone,llama.cpp,phone-cpu,smol500-q8,0,serial,159,cpu,cpu (probe 127 t/s),17.824434542002564,24.102856042001804,5357,12340,12.9,0.4777213836531068,4,1325,67.4,6,up_1787084735.jpg,What food is on the round wooden board? Answer briefly with just the fact.,Pizza.,pizza,a pizza|chicken pizza,True
2026-08-19 01:57:03,phone,llama.cpp,phone-cpu,smol500-q8,0,serial,162,cpu,cpu (probe 127 t/s),17.803404291000334,29.862537249995512,5633,12061,13.4,0.41467797476916746,6,1331,66.5,6,up_1787084793.jpg,Which team is ranked number 1 in the overall ranking? Answer briefly with just the fact.,BRAVES.,orangutan,team orangutan,False
2026-08-19 01:57:22,phone,llama.cpp,phone-cpu,smol500-q8,0,serial,159,cpu,cpu (probe 127 t/s),13.688990542003012,19.163432417000877,5131,8459,18.8,0.7312431114613765,5,1337,81.9,6,up_1787084823.jpg,What type of vehicles fill the parking shed? Answer briefly with just the fact.,Bicycles.,bicycles,cycles|bikes|bicycle,True
2026-08-19 01:57:47,phone,llama.cpp,phone-cpu,smol500-q8,0,serial,159,cpu,cpu (probe 127 t/s),13.968475583002146,23.712232707999647,3815,10081,15.8,0.3073890801873598,4,1343,84.9,6,up_1787084842.jpg,What two foods are in the white bowl? Answer briefly with just the fact.,Almonds.,boiled eggs and almonds,eggs and almonds|almonds and boiled eggs,False
2026-08-19 01:58:15,phone,llama.cpp,phone-cpu,smol500-q8,0,serial,161,cpu,cpu (probe 127 t/s),21.64349958299863,26.317352915997617,5416,16089,10.0,0.8581017245270357,5,1350,68.0,6,up_1787084867.jpg,What does the white signboard on the building say? Answer briefly with just the fact.,F.C.,pg gents,pg for gents|gents pg,False
2026-08-19 02:00:18,phone,llama.cpp,phone-cpu,smol500-q8,0,serial,158,cpu,cpu (probe 127 t/s),18.025522749994707,26.627968832995975,5544,12310,12.8,0.5789435230172313,6,1350,64.9,6,up_1787084992.jpg,What number is stamped on the key? Answer briefly with just the fact.,123.,52,fifty two|fifty-two,False
2026-08-19 02:00:51,phone,llama.cpp,phone-cpu,smol500-q8,0,serial,160,cpu,cpu (probe 127 t/s),18.64197908299684,32.830527374993835,5886,12659,12.6,0.4228874586521787,7,1350,66.5,6,up_1787085018.jpg,What bakery brand name is written on the box? Answer briefly with just the fact.,Krispy kreme.,theobroma,,False
2026-08-19 02:01:16,phone,llama.cpp,phone-cpu,smol500-q8,0,serial,161,cpu,cpu (probe 127 t/s),15.831688791004126,24.66426925000269,5337,10248,15.7,0.33467885388557134,4,1350,66.1,6,up_1787085051.jpg,What is painted on the compound wall behind the bikes? Answer briefly with just the fact.,Tarp.,no parking,no-parking,False
2026-08-19 02:01:50,phone,llama.cpp,phone-cpu,smol500-q8,0,serial,159,cpu,cpu (probe 127 t/s),17.633394208998652,33.157679292002285,5699,11838,13.4,0.5153392333233808,9,1350,66.9,6,up_1787085076.jpg,How much money was paid in this transaction? Answer briefly with just the fact.,"25,000.","₹25,000","25000|rs 25000|25,000|twenty five thousand rupees",True
2026-08-19 02:02:45,phone,llama.cpp,phone-cpu,smol500-q8,0,serial,163,cpu,cpu (probe 127 t/s),16.41000687500491,21.873123000004853,5442,10863,15.0,0.5506702942378228,4,1350,64.3,6,up_1787085143.jpg,What sport are the players painted on the flyover pillars playing? Answer briefly with just the fact.,Basketball.,basketball,playing basketball,True
2026-08-19 02:03:07,phone,llama.cpp,phone-cpu,smol500-q8,0,serial,162,cpu,cpu (probe 127 t/s),19.17735074999655,21.954892333000316,4877,13982,11.6,1.068502401281063,4,1350,66.7,6,up_1787085165.jpg,What sport is the academy on the blue building banner for? Answer briefly with just the fact.,Cricket.,badminton,badminton academy,False
2026-08-19 02:03:34,phone,llama.cpp,phone-cpu,smol500-q8,0,serial,162,cpu,cpu (probe 127 t/s),17.575622415999533,25.143518416000006,5544,11904,13.6,0.5281633884005285,5,1350,66.5,6,up_1787085187.jpg,What does the button to the right of Add Friend say? Answer briefly with just the fact.,X to team.,invite to team,x invite to team,False
2026-08-19 02:03:49,phone,llama.cpp,phone-cpu,smol500-q8,0,serial,158,cpu,cpu (probe 127 t/s),14.418387999998231,15.27382420799404,5675,8612,18.3,3.365583098490424,4,1350,86.9,6,up_1787085214.jpg,What snack is in the orange packet? Answer briefly with just the fact.,Pop Rocks.,masala chana dal,chana dal,False
2026-08-19 02:05:44,phone,llama.cpp,phone-cpu,smol500-q8,0,serial,161,cpu,cpu (probe 127 t/s),16.55581962499855,17.214886916000978,5109,11342,14.2,6.136870625561907,5,1350,76.1,6,up_1787085326.jpg,What colour is the striped straw in the green drink? Answer briefly with just the fact.,Blue and white.,blue and white,white and blue|blue-white,True
2026-08-19 02:06:10,phone,llama.cpp,phone-cpu,smol500-q8,0,serial,157,cpu,cpu (probe 127 t/s),19.799479583001812,25.95907625000109,6048,13615,11.5,0.3241294611963554,3,1350,67.4,6,up_1787085344.jpg,What type of building is shown? Answer briefly with just the fact.,Temple.,temple,hindu temple|south indian temple|gopuram,True
2026-08-19 02:06:39,phone,llama.cpp,phone-cpu,smol500-q8,0,serial,165,cpu,cpu (probe 127 t/s),19.084518208997906,28.4254216670015,4979,13908,11.9,0.5353908904953233,6,1350,67.8,6,up_1787085370.jpg,What does the blue sign at the base of the tower say in English? Answer briefly with just the fact.,Go for a walk.,raja gopuram,rajagopuram,False
2026-08-19 02:07:09,phone,llama.cpp,phone-cpu,smol500-q8,0,serial,166,cpu,cpu (probe 127 t/s),17.59084725000139,29.198315542002092,5211,12275,13.5,0.5170717708544741,7,1350,67.1,6,up_1787085399.jpg,What is the BTCUSD price shown at the top right of the screen? Answer briefly with just the fact.,7.70.,$64161.5,"64161.5|64,161.5|$64,161.5",False
2026-08-19 02:08:38,phone,llama.cpp,phone-cpu,smol500-q8,0,serial,163,cpu,cpu (probe 127 t/s),16.13947904199449,23.617900291996193,5386,10675,15.3,0.4011916461735745,4,1350,73.4,6,up_1787085494.jpg,How many players are remaining according to the top-left counter? Answer briefly with just the fact.,0.,63,63 players|remaining 63,False
2026-08-19 02:08:52,phone,llama.cpp,phone-cpu,smol500-q8,0,serial,159,cpu,cpu (probe 127 t/s),9.670490791999327,13.059402999999293,5152,4412,36.0,0.8854768514214117,4,1350,75.7,6,up_1787085519.jpg,What warning is shown in the orange banner? Answer briefly with just the fact.,Caution.,restricting the playzone in 50s,restricting the playzone in 50s!|restricting playzone in 50 seconds,False
2026-08-19 02:10:34,phone,llama.cpp,phone-cpu,lfm2-450-q8,0,serial,172,cpu,cpu (probe 136 t/s),8.203184833000705,10.707317125001282,2116,6015,28.6,1.1935662007514694,4,989,62.3,6,up_1787085623.jpeg,What does the black tag on the shoe say? Answer briefly with just the fact.,Adidas.,court conditioned,court-conditioned,False
2026-08-19 02:10:47,phone,llama.cpp,phone-cpu,lfm2-450-q8,0,serial,171,cpu,cpu (probe 136 t/s),8.493070875003468,12.553225125004246,2108,6314,27.1,1.0033048862954572,5,996,63.0,6,up_1787085634.jpeg,What company name is on the office wall? Answer briefly with just the fact.,Arrowhead.,arrowhead,,True
2026-08-19 02:11:00,phone,llama.cpp,phone-cpu,lfm2-450-q8,0,serial,236,cpu,cpu (probe 136 t/s),8.439435499996762,11.326148957996338,2800,5567,42.4,1.3852046293538713,5,1003,64.3,6,up_1787085647.jpg,What is the license plate of the red car? Answer briefly with just the fact.,KA04AD958,KA04AD9548,ka 04 ad 9548|KA-04-AD-9548,False
2026-08-19 02:11:13,phone,llama.cpp,phone-cpu,lfm2-450-q8,0,serial,168,cpu,cpu (probe 136 t/s),9.201234666994424,11.340298916999018,2248,6812,24.7,1.3814953305457829,4,1008,62.6,6,up_1787085660.jpg,What brand is the watch? Answer briefly with just the fact.,Rolex.,titan,titan company,False
2026-08-19 02:11:26,phone,llama.cpp,phone-cpu,lfm2-450-q8,0,serial,172,cpu,cpu (probe 136 t/s),6.582862374998513,10.615325792001386,2417,4087,42.1,0.741567817736473,4,1010,61.5,6,up_1787085675.jpeg,What flavour is the Smirnoff bottle? Answer briefly with just the fact.,Lemon.,jamun,smirnoff jamun,False
2026-08-19 02:11:38,phone,llama.cpp,phone-cpu,lfm2-450-q8,0,serial,287,cpu,cpu (probe 136 t/s),8.82246758400288,12.185633542001597,2864,5833,49.2,0.8777951191080197,4,1017,65.1,6,up_1787085686.jpg,What sauce is drizzled over the food in the wrapper? Answer briefly with just the fact.,Chocolate.,chocolate,chocolate sauce|chocolate syrup|chocolate ganache,True
2026-08-19 02:11:54,phone,llama.cpp,phone-cpu,lfm2-450-q8,0,serial,289,cpu,cpu (probe 136 t/s),6.653739749999659,15.513746041993727,2476,4074,70.9,0.6826633656100366,7,1025,65.7,6,up_1787085699.jpg,What brand name is printed at the top of the waffle packet? Answer briefly with just the fact.,Koo waffles.,xo waffles,xo,False
2026-08-19 02:15:19,phone,llama.cpp,phone-cpu,qwen3-2b-q4,128,serial,147,adreno-ocl (mmproj offloads even at -ngl 0; engine since fixed),cpu (probe 54 t/s),7.159797708001861,15.284426375001203,2797,3923,37.5,0.3694813799242785,4,2234,68.4,6,up_1787085904.jpeg,What does the black tag on the shoe say? Answer briefly with just the fact.,CROCS,court conditioned,court-conditioned,False
2026-08-19 02:15:35,phone,llama.cpp,phone-cpu,qwen3-2b-q4,128,serial,146,adreno-ocl (mmproj offloads even at -ngl 0; engine since fixed),cpu (probe 54 t/s),7.695774500003608,13.84638966700004,334,6893,21.2,0.32532761711021563,3,2234,67.1,6,up_1787085919.jpeg,What company name is on the office wall? Answer briefly with just the fact.,Arrowhead,arrowhead,,True
2026-08-19 02:16:00,phone,llama.cpp,phone-cpu,qwen3-2b-q4,128,serial,147,adreno-ocl (mmproj offloads even at -ngl 0; engine since fixed),cpu (probe 54 t/s),4.058662167000875,24.915882625005906,330,3664,40.1,0.38359395505794047,9,2234,68.4,6,up_1787085935.jpg,What is the license plate of the red car? Answer briefly with just the fact.,KA04AD9548,KA04AD9548,ka 04 ad 9548|KA-04-AD-9548,True
2026-08-19 02:16:16,phone,llama.cpp,phone-cpu,qwen3-2b-q4,128,serial,143,adreno-ocl (mmproj offloads even at -ngl 0; engine since fixed),cpu (probe 54 t/s),4.410603666998213,13.688380041996425,336,3942,36.3,0.3258198550709842,4,2234,68.4,6,up_1787085960.jpg,What brand is the watch? Answer briefly with just the fact.,Breguet,titan,titan company,False
2026-08-19 02:17:01,phone,llama.cpp,phone-cpu,qwen3-2b-q4,128,serial,147,adreno-ocl (mmproj offloads even at -ngl 0; engine since fixed),cpu (probe 54 t/s),7.658559041999979,10.792648083996028,336,6876,21.4,0.32058094396341275,2,2234,62.0,6,up_1787086010.jpeg,What flavour is the Smirnoff bottle? Answer briefly with just the fact.,Strawberry,jamun,smirnoff jamun,False
2026-08-19 02:17:11,phone,llama.cpp,phone-cpu,qwen3-2b-q4,128,serial,151,adreno-ocl (mmproj offloads even at -ngl 0; engine since fixed),cpu (probe 54 t/s),7.414464125002269,10.497727250003663,348,6908,21.9,0.3259029630445594,2,2234,64.7,6,up_1787086021.jpg,What sauce is drizzled over the food in the wrapper? Answer briefly with just the fact.,chocolate,chocolate,chocolate sauce|chocolate syrup|chocolate ganache,True
2026-08-19 02:17:33,phone,llama.cpp,phone-cpu,qwen3-2b-q4,128,serial,152,adreno-ocl (mmproj offloads even at -ngl 0; engine since fixed),cpu (probe 54 t/s),7.714968959000544,20.01491179200093,349,7217,21.1,0.32554094120885235,5,2234,66.7,6,up_1787086031.jpg,What brand name is printed at the top of the waffle packet? Answer briefly with just the fact.,NO WAFFLES,xo waffles,xo,False
2026-08-19 02:17:59,phone,llama.cpp,phone-cpu,qwen3-2b-q4,128,serial,144,adreno-ocl (mmproj offloads even at -ngl 0; engine since fixed),cpu (probe 54 t/s),7.367944375000661,25.872685166999872,330,6891,20.9,0.3245441723009338,7,2234,66.3,6,up_1787086053.jpg,What fruits are in the jar? Answer briefly with just the fact.,Mango and pomegranate,mango and pomegranate,"pomegranate and mango|mango, pomegranate",True
2026-08-19 02:18:50,phone,llama.cpp,phone-cpu,qwen3-2b-q4,128,serial,144,adreno-ocl (mmproj offloads even at -ngl 0; engine since fixed),cpu (probe 54 t/s),10.185375250002835,16.70907933300623,336,9697,14.9,0.3067764149065114,3,2234,62.6,6,up_1787086113.jpg,What brand is the excavator? Answer briefly with just the fact.,JCB,jcb,,True
2026-08-19 02:19:01,phone,llama.cpp,phone-cpu,qwen3-2b-q4,128,serial,148,adreno-ocl (mmproj offloads even at -ngl 0; engine since fixed),cpu (probe 54 t/s),7.698773416996119,10.787955125000735,330,6873,21.5,0.3256049903523241,2,2234,65.5,6,up_1787086130.jpeg,What utensil is resting in the bowl of soup? Answer briefly with just the fact.,spoon,spoon,a spoon|black spoon,True
2026-08-19 02:19:10,phone,llama.cpp,phone-cpu,qwen3-2b-q4,128,serial,151,adreno-ocl (mmproj offloads even at -ngl 0; engine since fixed),cpu (probe 54 t/s),4.777991957998893,7.415356375000556,335,3858,39.1,0.7543614349312343,3,2234,66.9,6,up_1787086141.jpeg,What meat dish is in the top-right compartment of the meal tray? Answer briefly with just the fact.,Mutton,fried chicken,chicken fry|fried chicken pieces|chicken 65,False
2026-08-19 02:19:20,phone,llama.cpp,phone-cpu,qwen3-2b-q4,128,serial,146,adreno-ocl (mmproj offloads even at -ngl 0; engine since fixed),cpu (probe 54 t/s),6.094827665998309,9.164141332999861,337,5612,26.0,0.32595830928032643,2,2234,67.2,6,up_1787086150.jpg,What food is on the round wooden board? Answer briefly with just the fact.,pizza,pizza,a pizza|chicken pizza,True
2026-08-19 02:20:13,phone,llama.cpp,phone-cpu,qwen3-2b-q4,128,serial,149,adreno-ocl (mmproj offloads even at -ngl 0; engine since fixed),cpu (probe 54 t/s),5.000752125000872,17.493114791999687,335,4250,35.1,0.3206269153951338,5,2251,64.7,6,up_1787086195.jpeg,Which team is ranked number 1 in the overall ranking? Answer briefly with just the fact.,DRASULTAN,orangutan,team orangutan,False
2026-08-19 02:20:24,phone,llama.cpp,phone-cpu,qwen3-2b-q4,128,serial,143,adreno-ocl (mmproj offloads even at -ngl 0; engine since fixed),cpu (probe 54 t/s),7.388174499996239,9.65967691699916,339,6855,20.9,0.4411244438523574,2,2251,65.7,6,up_1787086213.jpg,What type of vehicles fill the parking shed? Answer briefly with just the fact.,bicycles,bicycles,cycles|bikes|bicycle,True
2026-08-19 02:20:41,phone,llama.cpp,phone-cpu,qwen3-2b-q4,128,serial,147,adreno-ocl (mmproj offloads even at -ngl 0; engine since fixed),cpu (probe 54 t/s),5.510780666001665,15.987738708005054,344,5020,29.3,0.477313891256631,6,2252,65.9,6,up_1787086224.jpg,What two foods are in the white bowl? Answer briefly with just the fact.,hard boiled egg and almond,boiled eggs and almonds,eggs and almonds|almonds and boiled eggs,False
2026-08-19 02:21:07,phone,llama.cpp,phone-cpu,qwen3-2b-q4,128,serial,148,adreno-ocl (mmproj offloads even at -ngl 0; engine since fixed),cpu (probe 54 t/s),7.634720832997118,26.15147241699742,336,7146,20.7,0.3247582891711676,7,2269,68.4,6,up_1787086241.jpg,What does the white signboard on the building say? Answer briefly with just the fact.,S. R. R.,pg gents,pg for gents|gents pg,False
2026-08-19 02:23:38,phone,llama.cpp,phone-cpu,qwen3-2b-q4,128,serial,142,adreno-ocl (mmproj offloads even at -ngl 0; engine since fixed),cpu (probe 54 t/s),7.580085000001418,21.602241084001435,353,7038,20.2,0.35661178577702396,6,2269,67.6,6,up_1787086396.jpg,What number is stamped on the key? Answer briefly with just the fact.,12345,52,fifty two|fifty-two,False
2026-08-19 02:23:46,phone,llama.cpp,phone-cpu,qwen3-2b-q4,128,serial,147,adreno-ocl (mmproj offloads even at -ngl 0; engine since fixed),cpu (probe 54 t/s),4.953214583998488,5.685413333994802,337,4484,32.8,4.098909416834494,4,2269,71.3,6,up_1787086419.jpg,What bakery brand name is written on the box? Answer briefly with just the fact.,Mochi,theobroma,,False
2026-08-19 02:24:01,phone,llama.cpp,phone-cpu,qwen3-2b-q4,128,serial,148,adreno-ocl (mmproj offloads even at -ngl 0; engine since fixed),cpu (probe 54 t/s),6.959831874999509,14.853608834004262,339,6531,22.7,0.38033384944636706,4,2269,70.3,6,up_1787086426.jpg,What is painted on the compound wall behind the bikes? Answer briefly with just the fact.,NO PARKING,no parking,no-parking,True
2026-08-19 02:24:24,phone,llama.cpp,phone-cpu,qwen3-2b-q4,128,serial,146,adreno-ocl (mmproj offloads even at -ngl 0; engine since fixed),cpu (probe 54 t/s),6.354197958004079,22.946806333005952,336,5906,24.7,0.3616473034672935,7,2269,72.9,6,up_1787086441.jpg,How much money was paid in this transaction? Answer briefly with just the fact.,"25,000","₹25,000","25000|rs 25000|25,000|twenty five thousand rupees",True
2026-08-19 02:25:05,phone,llama.cpp,phone-cpu,qwen3-2b-q4,128,serial,150,adreno-ocl (mmproj offloads even at -ngl 0; engine since fixed),cpu (probe 54 t/s),4.8372678339947015,6.359503458996187,503,4199,35.7,0.6463693755360825,2,2269,61.5,6,up_1787086498.jpg,What sport are the players painted on the flyover pillars playing? Answer briefly with just the fact.,football,basketball,playing basketball,False
2026-08-19 02:25:08,phone,llama.cpp,phone-cpu,qwen3-2b-q4,128,serial,149,adreno-ocl (mmproj offloads even at -ngl 0; engine since fixed),cpu (probe 54 t/s),3.0526044159996673,3.1186235409986693,509,2407,61.9,15.190411812064225,2,2269,69.9,6,up_1787086505.jpg,What sport is the academy on the blue building banner for? Answer briefly with just the fact.,football,badminton,badminton academy,False
2026-08-19 02:25:14,phone,llama.cpp,phone-cpu,qwen3-2b-q4,128,serial,141,adreno-ocl (mmproj offloads even at -ngl 0; engine since fixed),cpu (probe 54 t/s),2.532555624995439,4.866112791998603,626,1805,78.1,0.8566524847847811,3,2269,74.9,6,up_1787086508.jpg,What does the button to the right of Add Friend say? Answer briefly with just the fact.,Invite Team,invite to team,x invite to team,False
2026-08-19 02:25:24,phone,llama.cpp,phone-cpu,qwen3-2b-q4,128,serial,145,adreno-ocl (mmproj offloads even at -ngl 0; engine since fixed),cpu (probe 54 t/s),7.814405249999254,8.676290499999595,515,6673,21.7,3.4974328842629507,4,2269,63.0,6,up_1787086515.jpeg,What snack is in the orange packet? Answer briefly with just the fact.,Sunkist,masala chana dal,chana dal,False
2026-08-19 02:26:19,phone,llama.cpp,phone-cpu,qwen3-2b-q4,128,serial,145,adreno-ocl (mmproj offloads even at -ngl 0; engine since fixed),cpu (probe 54 t/s),10.919026290997863,20.158719624996593,513,9624,15.1,0.32480067523895045,4,2269,58.8,6,up_1787086558.jpg,What colour is the striped straw in the green drink? Answer briefly with just the fact.,blue and white,blue and white,white and blue|blue-white,True
2026-08-19 02:26:31,phone,llama.cpp,phone-cpu,qwen3-2b-q4,128,serial,141,adreno-ocl (mmproj offloads even at -ngl 0; engine since fixed),cpu (probe 54 t/s),8.890657167001336,11.969343917000515,505,7101,19.9,0.3244974831975203,2,2269,62.3,6,up_1787086579.jpg,What type of building is shown? Answer briefly with just the fact.,temple,temple,hindu temple|south indian temple|gopuram,True
2026-08-19 02:26:57,phone,llama.cpp,phone-cpu,qwen3-2b-q4,128,serial,149,adreno-ocl (mmproj offloads even at -ngl 0; engine since fixed),cpu (probe 54 t/s),8.859377416993084,24.259318332995463,513,7063,21.1,0.32480499357795567,6,2269,63.0,6,up_1787086591.jpg,What does the blue sign at the base of the tower say in English? Answer briefly with just the fact.,KERALA TOURISM,raja gopuram,rajagopuram,False
2026-08-19 02:27:30,phone,llama.cpp,phone-cpu,qwen3-2b-q4,128,serial,144,adreno-ocl (mmproj offloads even at -ngl 0; engine since fixed),cpu (probe 54 t/s),4.750187792000361,32.37111641700176,452,3991,36.1,0.3250600611669129,10,2269,61.5,6,up_1787086617.jpg,What is the BTCUSD price shown at the top right of the screen? Answer briefly with just the fact.,"$41,181.5",$64161.5,"64161.5|64,161.5|$64,161.5",False
2026-08-19 02:27:40,phone,llama.cpp,phone-cpu,qwen3-2b-q4,128,serial,141,adreno-ocl (mmproj offloads even at -ngl 0; engine since fixed),cpu (probe 54 t/s),5.000745125005778,8.063456250005402,451,4003,35.2,0.3215929398772351,2,2269,60.3,6,up_1787086652.jpg,How many players are remaining according to the top-left counter? Answer briefly with just the fact.,2,63,63 players|remaining 63,False
2026-08-19 02:28:20,phone,llama.cpp,phone-cpu,qwen3-2b-q4,128,serial,138,adreno-ocl (mmproj offloads even at -ngl 0; engine since fixed),cpu (probe 54 t/s),5.037249332999636,38.87995620799484,448,4017,34.4,0.3248189909261815,12,2269,61.1,6,up_1787086661.jpg,What warning is shown in the orange banner? Answer briefly with just the fact.,Reaching the Pegasus 3000!,restricting the playzone in 50s,restricting the playzone in 50s!|restricting playzone in 50 seconds,False
2026-08-19 02:29:32,phone,llama.cpp,phone-cpu,smol500-q8,0,serial,160,adreno-ocl (mmproj offloads even at -ngl 0; engine since fixed),cpu (probe 449 t/s),14.083055916999001,23.90050204200088,3981,9982,16.0,0.30612675974416786,4,914,59.6,6,up_1787086748.jpg,What does the black tag on the shoe say? Answer briefly with just the fact.,Acer.,court conditioned,court-conditioned,False
2026-08-19 02:29:57,phone,llama.cpp,phone-cpu,smol500-q8,0,serial,159,adreno-ocl (mmproj offloads even at -ngl 0; engine since fixed),cpu (probe 449 t/s),14.081704541000363,23.990494958001364,779,13178,12.1,0.3052542808860352,4,914,59.9,6,up_1787086772.jpg,What company name is on the office wall? Answer briefly with just the fact.,Arrowhead.,arrowhead,,True
2026-08-19 02:30:34,phone,llama.cpp,phone-cpu,smol500-q8,0,serial,160,adreno-ocl (mmproj offloads even at -ngl 0; engine since fixed),cpu (probe 449 t/s),10.807207999998354,37.0581583749954,787,9853,16.2,0.34283458760636965,10,914,60.7,6,up_1787086797.jpg,What is the license plate of the red car? Answer briefly with just the fact.,KA04AD9548.,KA04AD9548,ka 04 ad 9548|KA-04-AD-9548,True
2026-08-19 02:30:52,phone,llama.cpp,phone-cpu,smol500-q8,0,serial,156,adreno-ocl (mmproj offloads even at -ngl 0; engine since fixed),cpu (probe 449 t/s),7.7180872919998365,17.396154499998374,784,6831,22.8,0.3099211973702154,4,914,60.3,6,up_1787086834.jpg,What brand is the watch? Answer briefly with just the fact.,Timex.,titan,titan company,False
2026-08-19 02:31:15,phone,llama.cpp,phone-cpu,smol500-q8,0,serial,160,adreno-ocl (mmproj offloads even at -ngl 0; engine since fixed),cpu (probe 449 t/s),7.7787166249981965,20.754134582995903,772,6883,23.2,0.3084533332469664,5,919,59.9,6,up_1787086854.jpg,What flavour is the Smirnoff bottle? Answer briefly with just the fact.,Vodka.,jamun,smirnoff jamun,False
2026-08-19 02:31:33,phone,llama.cpp,phone-cpu,smol500-q8,0,serial,163,adreno-ocl (mmproj offloads even at -ngl 0; engine since fixed),cpu (probe 449 t/s),11.073084124996967,17.586581541996566,781,10220,15.9,0.3064012271981952,3,925,60.3,6,up_1787086875.jpg,What sauce is drizzled over the food in the wrapper? Answer briefly with just the fact.,Chocolate.,chocolate,chocolate sauce|chocolate syrup|chocolate ganache,True
2026-08-19 02:31:59,phone,llama.cpp,phone-cpu,smol500-q8,0,serial,165,adreno-ocl (mmproj offloads even at -ngl 0; engine since fixed),cpu (probe 449 t/s),9.640528292002273,25.760475875002157,775,8786,18.8,0.3101800663524791,6,932,60.7,6,up_1787086893.jpg,What brand name is printed at the top of the waffle packet? Answer briefly with just the fact.,Ko Waffles.,xo waffles,xo,False
2026-08-19 02:32:20,phone,llama.cpp,phone-cpu,smol500-q8,0,serial,157,adreno-ocl (mmproj offloads even at -ngl 0; engine since fixed),cpu (probe 449 t/s),10.898663583000598,20.609185207998962,781,10003,15.7,0.30902351761676117,4,939,60.7,6,up_1787086919.jpg,What fruits are in the jar? Answer briefly with just the fact.,Pineapple.,mango and pomegranate,"pomegranate and mango|mango, pomegranate",False
2026-08-19 02:33:14,phone,llama.cpp,phone-cpu,smol500-q8,0,serial,157,adreno-ocl (mmproj offloads even at -ngl 0; engine since fixed),cpu (probe 449 t/s),7.780878875004419,20.710320792000857,777,6861,22.9,0.30940692185054114,5,945,58.4,6,up_1787086973.jpg,What brand is the excavator? Answer briefly with just the fact.,Caterpillar.,jcb,,False
2026-08-19 02:33:38,phone,llama.cpp,phone-cpu,smol500-q8,0,serial,161,adreno-ocl (mmproj offloads even at -ngl 0; engine since fixed),cpu (probe 449 t/s),10.844238666999445,23.766709707997506,777,9970,16.1,0.3095146585755408,5,951,59.3,6,up_1787086995.jpg,What utensil is resting in the bowl of soup? Answer briefly with just the fact.,Chopsticks.,spoon,a spoon|black spoon,False
2026-08-19 02:33:59,phone,llama.cpp,phone-cpu,smol500-q8,0,serial,165,adreno-ocl (mmproj offloads even at -ngl 0; engine since fixed),cpu (probe 449 t/s),10.94785962500464,20.740587583000888,776,10042,16.4,0.30638378184004095,4,958,59.6,6,up_1787087018.jpg,What meat dish is in the top-right compartment of the meal tray? Answer briefly with just the fact.,Pork.,fried chicken,chicken fry|fried chicken pieces|chicken 65,False
2026-08-19 02:34:18,phone,llama.cpp,phone-cpu,smol500-q8,0,serial,159,adreno-ocl (mmproj offloads even at -ngl 0; engine since fixed),cpu (probe 449 t/s),11.048779832999571,18.12158674999955,779,10156,15.7,0.42468729920253634,4,964,60.3,6,up_1787087039.jpg,What food is on the round wooden board? Answer briefly with just the fact.,Pizza.,pizza,a pizza|chicken pizza,True
2026-08-19 02:34:33,phone,llama.cpp,phone-cpu,smol500-q8,0,serial,162,adreno-ocl (mmproj offloads even at -ngl 0; engine since fixed),cpu (probe 449 t/s),5.353106542002934,13.466609750001226,780,4465,36.3,0.8628309557615476,8,971,61.2,6,up_1787087060.jpg,Which team is ranked number 1 in the overall ranking? Answer briefly with just the fact.,TEXAS A&M.,orangutan,team orangutan,False
2026-08-19 02:34:41,phone,llama.cpp,phone-cpu,smol500-q8,0,serial,159,adreno-ocl (mmproj offloads even at -ngl 0; engine since fixed),cpu (probe 449 t/s),7.353303334006341,7.655101542004559,836,6359,25.0,13.496369476610793,5,977,88.8,6,up_1787087073.jpg,What type of vehicles fill the parking shed? Answer briefly with just the fact.,Bicycles.,bicycles,cycles|bikes|bicycle,True
2026-08-19 02:34:46,phone,llama.cpp,phone-cpu,smol500-q8,0,serial,159,adreno-ocl (mmproj offloads even at -ngl 0; engine since fixed),cpu (probe 449 t/s),1.9803996670016204,5.1715471249990514,949,991,160.4,0.9446599318711257,4,983,76.1,6,up_1787087081.jpg,What two foods are in the white bowl? Answer briefly with just the fact.,Almonds.,boiled eggs and almonds,eggs and almonds|almonds and boiled eggs,False
2026-08-19 02:34:54,phone,llama.cpp,phone-cpu,smol500-q8,0,serial,161,adreno-ocl (mmproj offloads even at -ngl 0; engine since fixed),cpu (probe 449 t/s),5.100270084003569,6.457435167001677,771,4228,38.1,2.939196835072848,5,990,72.2,6,up_1787087086.jpg,What does the white signboard on the building say? Answer briefly with just the fact.,F.C.,pg gents,pg for gents|gents pg,False
2026-08-19 02:36:20,phone,llama.cpp,phone-cpu,smol500-q8,0,serial,158,adreno-ocl (mmproj offloads even at -ngl 0; engine since fixed),cpu (probe 449 t/s),7.940481625002576,21.30538908300514,530,7277,21.7,0.29930204260175486,5,996,65.3,6,up_1787087159.jpg,What number is stamped on the key? Answer briefly with just the fact.,12.,52,fifty two|fifty-two,False
2026-08-19 02:36:36,phone,llama.cpp,phone-cpu,smol500-q8,0,serial,160,adreno-ocl (mmproj offloads even at -ngl 0; engine since fixed),cpu (probe 449 t/s),3.783805042003223,14.03857699999935,541,3125,51.2,0.5852728381021202,7,1003,68.2,6,up_1787087180.jpg,What bakery brand name is written on the box? Answer briefly with just the fact.,Krispy kreme.,theobroma,,False
2026-08-19 02:36:40,phone,llama.cpp,phone-cpu,smol500-q8,0,serial,161,adreno-ocl (mmproj offloads even at -ngl 0; engine since fixed),cpu (probe 449 t/s),3.1151627500003087,3.2667144579972955,542,2478,65.0,19.85137934000781,4,1009,69.9,6,up_1787087196.jpg,What is painted on the compound wall behind the bikes? Answer briefly with just the fact.,Tarp.,no parking,no-parking,False
2026-08-19 02:36:59,phone,llama.cpp,phone-cpu,smol500-q8,0,serial,159,adreno-ocl (mmproj offloads even at -ngl 0; engine since fixed),cpu (probe 449 t/s),10.91486037499999,18.69458229200245,539,10185,15.6,1.0192199400189066,9,1015,73.0,6,up_1787087200.jpg,How much money was paid in this transaction? Answer briefly with just the fact.,"25,000.","₹25,000","25000|rs 25000|25,000|twenty five thousand rupees",True
2026-08-19 02:38:15,phone,llama.cpp,phone-cpu,smol500-q8,0,serial,163,adreno-ocl (mmproj offloads even at -ngl 0; engine since fixed),cpu (probe 449 t/s),5.562169249998988,11.821945833995414,531,4911,33.2,0.47905147807341464,4,1022,64.9,6,up_1787087283.jpg,What sport are the players painted on the flyover pillars playing? Answer briefly with just the fact.,Basketball.,basketball,playing basketball,True
2026-08-19 02:38:23,phone,llama.cpp,phone-cpu,smol500-q8,0,serial,162,adreno-ocl (mmproj offloads even at -ngl 0; engine since fixed),cpu (probe 449 t/s),6.889758959005121,7.043496459002199,532,6255,25.9,18.40886079833093,4,1028,66.9,6,up_1787087295.jpg,What sport is the academy on the blue building banner for? Answer briefly with just the fact.,Cricket.,badminton,badminton academy,False
2026-08-19 02:38:27,phone,llama.cpp,phone-cpu,smol500-q8,0,serial,162,adreno-ocl (mmproj offloads even at -ngl 0; engine since fixed),cpu (probe 449 t/s),3.08073862499441,3.8343129589993623,532,2466,65.7,5.231698863413421,5,1035,75.7,6,up_1787087303.jpg,What does the button to the right of Add Friend say? Answer briefly with just the fact.,X to team.,invite to team,x invite to team,False
2026-08-19 02:38:33,phone,llama.cpp,phone-cpu,smol500-q8,0,serial,158,adreno-ocl (mmproj offloads even at -ngl 0; engine since fixed),cpu (probe 449 t/s),5.031512583002041,5.536003458000778,538,4388,36.0,7.9601673227171235,5,1041,72.6,6,up_1787087307.jpg,What snack is in the orange packet? Answer briefly with just the fact.,Crackers.,masala chana dal,chana dal,False
2026-08-19 02:39:22,phone,llama.cpp,phone-cpu,smol500-q8,0,serial,161,adreno-ocl (mmproj offloads even at -ngl 0; engine since fixed),cpu (probe 449 t/s),6.1391888750004,15.591779084003065,540,5496,29.3,0.42320724649304026,5,1048,66.5,6,up_1787087346.jpg,What colour is the striped straw in the green drink? Answer briefly with just the fact.,Blue and white.,blue and white,white and blue|blue-white,True
2026-08-19 02:39:27,phone,llama.cpp,phone-cpu,smol500-q8,0,serial,157,adreno-ocl (mmproj offloads even at -ngl 0; engine since fixed),cpu (probe 449 t/s),1.3197957079974003,4.27489195799717,537,697,225.4,0.6772844550687799,3,1055,72.2,6,up_1787087363.jpg,What type of building is shown? Answer briefly with just the fact.,Temple.,temple,hindu temple|south indian temple|gopuram,True
2026-08-19 02:39:34,phone,llama.cpp,phone-cpu,smol500-q8,0,serial,165,adreno-ocl (mmproj offloads even at -ngl 0; engine since fixed),cpu (probe 449 t/s),5.090656374995888,5.853542958997423,549,4420,37.3,6.366255788518076,6,1061,69.2,6,up_1787087367.jpg,What does the blue sign at the base of the tower say in English? Answer briefly with just the fact.,Go for a walk.,raja gopuram,rajagopuram,False
2026-08-19 02:39:38,phone,llama.cpp,phone-cpu,smol500-q8,0,serial,166,adreno-ocl (mmproj offloads even at -ngl 0; engine since fixed),cpu (probe 449 t/s),4.095745459002501,4.3325867090024985,536,3478,47.7,25.667351129363453,7,1062,73.8,6,up_1787087374.jpg,What is the BTCUSD price shown at the top right of the screen? Answer briefly with just the fact.,7.70.,$64161.5,"64161.5|64,161.5|$64,161.5",False
2026-08-19 02:40:23,phone,llama.cpp,phone-cpu,smol500-q8,0,serial,163,adreno-ocl (mmproj offloads even at -ngl 0; engine since fixed),cpu (probe 449 t/s),5.450437084000441,10.725983750002342,540,4832,33.7,0.5689078221412098,4,1074,69.6,6,up_1787087412.jpg,How many players are remaining according to the top-left counter? Answer briefly with just the fact.,0.,63,63 players|remaining 63,False
2026-08-19 02:40:27,phone,llama.cpp,phone-cpu,smol500-q8,0,serial,159,adreno-ocl (mmproj offloads even at -ngl 0; engine since fixed),cpu (probe 449 t/s),2.193242999994254,2.30719108399353,531,1584,100.4,26.192409439744363,4,1081,72.2,6,up_1787087423.jpg,What warning is shown in the orange banner? Answer briefly with just the fact.,Caution.,restricting the playzone in 50s,restricting the playzone in 50s!|restricting playzone in 50 seconds,False
2026-08-19 02:42:20,phone,llama.cpp,phone-cpu,lfm2-450-q8,0,serial,172,cpu (op gap),cpu (probe 306 t/s),7.454556999997294,8.174584458996833,2537,4868,35.3,4.172542998055595,4,698,67.2,6,up_1787087530.jpeg,What does the black tag on the shoe say? Answer briefly with just the fact.,Adidas.,court conditioned,court-conditioned,False
2026-08-19 02:42:31,phone,llama.cpp,phone-cpu,lfm2-450-q8,0,serial,171,cpu (op gap),cpu (probe 306 t/s),4.306291666995094,10.800061541995092,140,4122,41.5,0.6164669416520204,5,698,66.3,6,up_1787087540.jpeg,What company name is on the office wall? Answer briefly with just the fact.,Arrowhead.,arrowhead,,True
2026-08-19 02:42:43,phone,llama.cpp,phone-cpu,lfm2-450-q8,0,serial,236,cpu (op gap),cpu (probe 306 t/s),4.289188791997731,10.688168041997415,237,3999,59.0,0.6254030918365353,5,698,68.0,6,up_1787087552.jpg,What is the license plate of the red car? Answer briefly with just the fact.,KA04AD958,KA04AD9548,ka 04 ad 9548|KA-04-AD-9548,False
2026-08-19 02:42:54,phone,llama.cpp,phone-cpu,lfm2-450-q8,0,serial,168,cpu (op gap),cpu (probe 306 t/s),4.800772666996636,9.846700292000605,149,4595,36.6,0.5952618348469849,4,698,67.2,6,up_1787087563.jpg,What brand is the watch? Answer briefly with just the fact.,Rolex.,titan,titan company,False
2026-08-19 02:44:37,phone,llama.cpp,phone-cpu,lfm2-450-q8,0,serial,172,cpu (op gap),cpu (probe 306 t/s),3.293009708999307,5.762708084002952,151,3095,55.6,1.215665059962679,4,698,62.6,6,up_1787087670.jpeg,What flavour is the Smirnoff bottle? Answer briefly with just the fact.,Lemon.,jamun,smirnoff jamun,False
2026-08-19 02:44:41,phone,llama.cpp,phone-cpu,lfm2-450-q8,0,serial,287,cpu (op gap),cpu (probe 306 t/s),4.100393542001257,4.211572708001768,288,3777,76.0,27.509811832887063,4,698,64.6,6,up_1787087677.jpg,What sauce is drizzled over the food in the wrapper? Answer briefly with just the fact.,Chocolate.,chocolate,chocolate sauce|chocolate syrup|chocolate ganache,True
2026-08-19 02:44:44,phone,llama.cpp,phone-cpu,lfm2-450-q8,0,serial,289,cpu (op gap),cpu (probe 306 t/s),1.2894156660040608,2.4757595410046633,293,951,304.0,5.043250072076448,7,698,69.4,6,up_1787087681.jpg,What brand name is printed at the top of the waffle packet? Answer briefly with just the fact.,Koo waffles.,xo waffles,xo,False
2026-08-19 02:44:48,phone,llama.cpp,phone-cpu,lfm2-450-q8,0,serial,169,cpu (op gap),cpu (probe 306 t/s),1.905666291997477,4.135450832996867,144,1651,102.4,4.773822786150532,12,698,68.8,6,up_1787087684.jpg,What fruits are in the jar? Answer briefly with just the fact.,"Mango, pomegranate, and yogurt.",mango and pomegranate,"pomegranate and mango|mango, pomegranate",True
2026-08-19 02:45:28,phone,llama.cpp,phone-cpu,lfm2-450-q8,0,serial,169,cpu (op gap),cpu (probe 306 t/s),0.7835524580004858,6.06550900000002,139,605,279.2,0.7577235710754181,5,699,62.8,6,up_1787087722.jpg,What brand is the excavator? Answer briefly with just the fact.,John Deere.,jcb,,False
2026-08-19 02:45:34,phone,llama.cpp,phone-cpu,lfm2-450-q8,0,serial,173,cpu (op gap),cpu (probe 306 t/s),2.452077707996068,6.042221832998621,137,2275,76.0,1.3953727207981979,6,702,66.5,6,up_1787087728.jpeg,What utensil is resting in the bowl of soup? Answer briefly with just the fact.,Chopsticks.,spoon,a spoon|black spoon,False
2026-08-19 02:45:37,phone,llama.cpp,phone-cpu,lfm2-450-q8,0,serial,176,cpu (op gap),cpu (probe 306 t/s),2.0963673750011367,2.0969873329959228,147,1821,96.6,112.56824449822706,3,702,64.6,6,up_1787087734.jpeg,What meat dish is in the top-right compartment of the meal tray? Answer briefly with just the fact.,Red onion,fried chicken,chicken fry|fried chicken pieces|chicken 65,False
2026-08-19 02:45:41,phone,llama.cpp,phone-cpu,lfm2-450-q8,0,serial,171,cpu (op gap),cpu (probe 306 t/s),3.1759670000028564,4.142589333001524,149,2974,57.5,3.1003329757615967,4,706,69.2,6,up_1787087737.jpg,What food is on the round wooden board? Answer briefly with just the fact.,Pizza.,pizza,a pizza|chicken pizza,True
2026-08-19 02:46:26,phone,llama.cpp,phone-cpu,lfm2-450-q8,0,serial,174,cpu (op gap),cpu (probe 306 t/s),3.349776124996424,11.430055666998669,139,3158,55.1,0.6189630215397893,6,709,63.4,6,up_1787087775.jpeg,Which team is ranked number 1 in the overall ranking? Answer briefly with just the fact.,LONKING.,orangutan,team orangutan,False
2026-08-19 02:46:28,phone,llama.cpp,phone-cpu,lfm2-450-q8,0,serial,219,cpu (op gap),cpu (probe 306 t/s),0.6763740829992457,0.7355762079969281,203,425,515.6,51.460624045834265,4,713,69.4,6,up_1787087786.jpg,What type of vehicles fill the parking shed? Answer briefly with just the fact.,Bicycles,bicycles,cycles|bikes|bicycle,True
2026-08-19 02:46:32,phone,llama.cpp,phone-cpu,lfm2-450-q8,0,serial,283,cpu (op gap),cpu (probe 306 t/s),2.886490250006318,3.8560950419996516,291,2556,110.7,7.23345244418358,8,719,73.4,6,up_1787087788.jpg,What two foods are in the white bowl? Answer briefly with just the fact.,Eggs and almonds.,boiled eggs and almonds,eggs and almonds|almonds and boiled eggs,True
2026-08-19 02:46:36,phone,llama.cpp,phone-cpu,lfm2-450-q8,0,serial,173,cpu (op gap),cpu (probe 306 t/s),3.166444542002864,3.260835834000318,140,2987,57.9,31.512936060252734,4,719,68.4,6,up_1787087792.jpg,What does the white signboard on the building say? Answer briefly with just the fact.,P&G,pg gents,pg for gents|gents pg,False
2026-08-19 02:48:22,phone,llama.cpp,phone-cpu,lfm2-450-q8,0,serial,219,cpu (op gap),cpu (probe 306 t/s),5.315249916995526,7.473687999998219,361,4906,44.6,0.9259825137462104,3,719,59.6,6,up_1787087894.jpg,What number is stamped on the key? Answer briefly with just the fact.,32.,52,fifty two|fifty-two,False
2026-08-19 02:48:31,phone,llama.cpp,phone-cpu,lfm2-450-q8,0,serial,173,cpu (op gap),cpu (probe 306 t/s),4.090837417003058,8.059909458999755,253,3779,45.8,0.7538016099694784,4,719,59.6,6,up_1787087902.jpg,What bakery brand name is written on the box? Answer briefly with just the fact.,Bakery,theobroma,,False
2026-08-19 02:48:37,phone,llama.cpp,phone-cpu,lfm2-450-q8,0,serial,173,cpu (op gap),cpu (probe 306 t/s),4.117535208002664,5.753931500003091,248,3796,45.6,1.2165413122222863,3,719,60.3,6,up_1787087911.jpg,What is painted on the compound wall behind the bikes? Answer briefly with just the fact.,Blue.,no parking,no-parking,False
2026-08-19 02:48:43,phone,llama.cpp,phone-cpu,lfm2-450-q8,0,serial,171,cpu (op gap),cpu (probe 306 t/s),1.912278707997757,5.727029624998977,261,1580,108.2,1.0460475355381573,5,719,64.0,6,up_1787087917.jpg,How much money was paid in this transaction? Answer briefly with just the fact.,"25,000.","₹25,000","25000|rs 25000|25,000|twenty five thousand rupees",True
2026-08-19 02:49:20,phone,llama.cpp,phone-cpu,lfm2-450-q8,0,serial,175,cpu (op gap),cpu (probe 306 t/s),3.656277666996175,3.711246166996716,143,3441,50.9,39.13230632769393,4,719,60.3,6,up_1787087956.jpg,What sport are the players painted on the flyover pillars playing? Answer briefly with just the fact.,Soccer.,basketball,playing basketball,False
2026-08-19 02:49:26,phone,llama.cpp,phone-cpu,lfm2-450-q8,0,serial,174,cpu (op gap),cpu (probe 306 t/s),3.6344204580018413,4.918872667003598,139,3425,50.8,2.301146431152,4,719,67.8,6,up_1787087960.jpg,What sport is the academy on the blue building banner for? Answer briefly with just the fact.,Soccer.,badminton,badminton academy,False
2026-08-19 02:49:30,phone,llama.cpp,phone-cpu,lfm2-450-q8,0,serial,142,cpu (op gap),cpu (probe 306 t/s),3.170306874999369,3.5260425829983433,104,3028,46.9,5.646304211578311,3,719,68.4,6,up_1787087966.jpg,What does the button to the right of Add Friend say? Answer briefly with just the fact.,Sale,invite to team,x invite to team,False
2026-08-19 02:49:31,phone,llama.cpp,phone-cpu,lfm2-450-q8,0,serial,170,cpu (op gap),cpu (probe 306 t/s),0.7392227090022061,0.7683720420027385,138,565,301.1,105.03098414032141,4,719,72.2,6,up_1787087970.jpeg,What snack is in the orange packet? Answer briefly with just the fact.,Chips.,masala chana dal,chana dal,False
2026-08-19 02:50:11,phone,llama.cpp,phone-cpu,lfm2-450-q8,0,serial,222,cpu (op gap),cpu (probe 306 t/s),4.5582891249941895,4.621727541998553,357,4159,53.4,60.595043325455975,5,719,62.8,6,up_1787088004.jpg,What colour is the striped straw in the green drink? Answer briefly with just the fact.,Blue and white.,blue and white,white and blue|blue-white,True
2026-08-19 02:50:17,phone,llama.cpp,phone-cpu,lfm2-450-q8,0,serial,217,cpu (op gap),cpu (probe 306 t/s),1.7441244590008864,5.549336249998305,347,1339,162.1,0.7870027028296157,4,719,60.8,6,up_1787088011.jpg,What type of building is shown? Answer briefly with just the fact.,Temple.,temple,hindu temple|south indian temple|gopuram,True
2026-08-19 02:50:28,phone,llama.cpp,phone-cpu,lfm2-450-q8,0,serial,225,cpu (op gap),cpu (probe 306 t/s),5.506805582997913,8.994127707999723,350,5107,44.1,1.4336317390010338,6,719,60.7,6,up_1787088017.jpg,What does the blue sign at the base of the tower say in English? Answer briefly with just the fact.,Bharat Ratna,raja gopuram,rajagopuram,False
2026-08-19 02:50:34,phone,llama.cpp,phone-cpu,lfm2-450-q8,0,serial,147,cpu (op gap),cpu (probe 306 t/s),1.8994095000016387,6.244518624996999,180,1664,88.4,1.1553323556140718,6,719,60.7,6,up_1787088028.jpg,What is the BTCUSD price shown at the top right of the screen? Answer briefly with just the fact.,$6416.16,$64161.5,"64161.5|64,161.5|$64,161.5",False
2026-08-19 02:50:42,phone,llama.cpp,phone-cpu,lfm2-450-q8,0,serial,142,cpu (op gap),cpu (probe 306 t/s),3.579831875002128,5.218200250004884,183,3357,42.3,0.6113437273993866,2,719,60.3,6,up_1787088036.jpg,How many players are remaining according to the top-left counter? Answer briefly with just the fact.,3,63,63 players|remaining 63,False
2026-08-19 02:50:57,phone,llama.cpp,phone-cpu,lfm2-450-q8,0,serial,139,cpu (op gap),cpu (probe 306 t/s),5.8325769169969135,14.125409916996432,178,5588,24.9,0.8425844086014388,8,719,61.5,6,up_1787088042.jpg,What warning is shown in the orange banner? Answer briefly with just the fact.,Reaching the perimeter is dangerous.,restricting the playzone in 50s,restricting the playzone in 50s!|restricting playzone in 50 seconds,False
2026-08-19 02:52:34,phone,llama.cpp,phone-gpu,qwen3-2b-q4,576,cached,25,adreno-ocl,adreno-ocl (probe 278 t/s),1.9339649169996846,2.2125539999979082,,254.996,98.04075358044831,15.978609967456897,4,816,59.7,6,up_1787088152.jpg,How many tablets are in the Vitamin D3 K2 bottle? Answer briefly with just the fact.,120,,,
2026-08-19 02:52:39,phone,llama.cpp,phone-gpu,qwen3-2b-q4,576,cached,19,adreno-ocl,adreno-ocl (probe 278 t/s),2.5990664579949225,2.8570836250000866,,286.037,66.4249729930044,11.536553569986502,3,816,53.4,6,up_1787088156.jpg,What flavour is the creatine? Answer briefly with just the fact.,7,,,
2026-08-19 02:52:43,phone,llama.cpp,phone-gpu,qwen3-2b-q4,576,cached,20,adreno-ocl,adreno-ocl (probe 278 t/s),1.5238327080005547,2.154855041000701,,271.538,73.6545161266563,12.518487122947638,8,816,52.3,6,up_1787088161.jpg,Name the supplement in the green bottle. Answer briefly with just the fact.,Creatine Monohydrate,,,
